--
-- PostgreSQL database dump
--

-- Dumped from database version 16.3
-- Dumped by pg_dump version 16.3

-- Started on 2025-01-17 23:51:00

SET statement_timeout = 0;
SET lock_timeout = 0;
SET idle_in_transaction_session_timeout = 0;
SET client_encoding = 'UTF8';
SET standard_conforming_strings = on;
SELECT pg_catalog.set_config('search_path', '', false);
SET check_function_bodies = false;
SET xmloption = content;
SET client_min_messages = warning;
SET row_security = off;

--
-- TOC entry 5 (class 2615 OID 2200)
-- Name: public; Type: SCHEMA; Schema: -; Owner: postgres
--

-- *not* creating schema, since initdb creates it


ALTER SCHEMA public OWNER TO postgres;

SET default_tablespace = '';

SET default_table_access_method = heap;

--
-- TOC entry 215 (class 1259 OID 76078)
-- Name: auth_group; Type: TABLE; Schema: public; Owner: postgres
--

CREATE TABLE public.auth_group (
    id integer NOT NULL,
    name character varying(150) NOT NULL
);


ALTER TABLE public.auth_group OWNER TO postgres;

--
-- TOC entry 216 (class 1259 OID 76081)
-- Name: auth_group_id_seq; Type: SEQUENCE; Schema: public; Owner: postgres
--

ALTER TABLE public.auth_group ALTER COLUMN id ADD GENERATED BY DEFAULT AS IDENTITY (
    SEQUENCE NAME public.auth_group_id_seq
    START WITH 1
    INCREMENT BY 1
    NO MINVALUE
    NO MAXVALUE
    CACHE 1
);


--
-- TOC entry 217 (class 1259 OID 76082)
-- Name: auth_group_permissions; Type: TABLE; Schema: public; Owner: postgres
--

CREATE TABLE public.auth_group_permissions (
    id bigint NOT NULL,
    group_id integer NOT NULL,
    permission_id integer NOT NULL
);


ALTER TABLE public.auth_group_permissions OWNER TO postgres;

--
-- TOC entry 218 (class 1259 OID 76085)
-- Name: auth_group_permissions_id_seq; Type: SEQUENCE; Schema: public; Owner: postgres
--

ALTER TABLE public.auth_group_permissions ALTER COLUMN id ADD GENERATED BY DEFAULT AS IDENTITY (
    SEQUENCE NAME public.auth_group_permissions_id_seq
    START WITH 1
    INCREMENT BY 1
    NO MINVALUE
    NO MAXVALUE
    CACHE 1
);


--
-- TOC entry 219 (class 1259 OID 76086)
-- Name: auth_permission; Type: TABLE; Schema: public; Owner: postgres
--

CREATE TABLE public.auth_permission (
    id integer NOT NULL,
    name character varying(255) NOT NULL,
    content_type_id integer NOT NULL,
    codename character varying(100) NOT NULL
);


ALTER TABLE public.auth_permission OWNER TO postgres;

--
-- TOC entry 220 (class 1259 OID 76089)
-- Name: auth_permission_id_seq; Type: SEQUENCE; Schema: public; Owner: postgres
--

ALTER TABLE public.auth_permission ALTER COLUMN id ADD GENERATED BY DEFAULT AS IDENTITY (
    SEQUENCE NAME public.auth_permission_id_seq
    START WITH 1
    INCREMENT BY 1
    NO MINVALUE
    NO MAXVALUE
    CACHE 1
);


--
-- TOC entry 221 (class 1259 OID 76090)
-- Name: auth_user; Type: TABLE; Schema: public; Owner: postgres
--

CREATE TABLE public.auth_user (
    id integer NOT NULL,
    password character varying(128) NOT NULL,
    last_login timestamp with time zone,
    is_superuser boolean NOT NULL,
    username character varying(150) NOT NULL,
    first_name character varying(150) NOT NULL,
    last_name character varying(150) NOT NULL,
    email character varying(254) NOT NULL,
    is_staff boolean NOT NULL,
    is_active boolean NOT NULL,
    date_joined timestamp with time zone NOT NULL
);


ALTER TABLE public.auth_user OWNER TO postgres;

--
-- TOC entry 222 (class 1259 OID 76095)
-- Name: auth_user_groups; Type: TABLE; Schema: public; Owner: postgres
--

CREATE TABLE public.auth_user_groups (
    id bigint NOT NULL,
    user_id integer NOT NULL,
    group_id integer NOT NULL
);


ALTER TABLE public.auth_user_groups OWNER TO postgres;

--
-- TOC entry 223 (class 1259 OID 76098)
-- Name: auth_user_groups_id_seq; Type: SEQUENCE; Schema: public; Owner: postgres
--

ALTER TABLE public.auth_user_groups ALTER COLUMN id ADD GENERATED BY DEFAULT AS IDENTITY (
    SEQUENCE NAME public.auth_user_groups_id_seq
    START WITH 1
    INCREMENT BY 1
    NO MINVALUE
    NO MAXVALUE
    CACHE 1
);


--
-- TOC entry 224 (class 1259 OID 76099)
-- Name: auth_user_id_seq; Type: SEQUENCE; Schema: public; Owner: postgres
--

ALTER TABLE public.auth_user ALTER COLUMN id ADD GENERATED BY DEFAULT AS IDENTITY (
    SEQUENCE NAME public.auth_user_id_seq
    START WITH 1
    INCREMENT BY 1
    NO MINVALUE
    NO MAXVALUE
    CACHE 1
);


--
-- TOC entry 225 (class 1259 OID 76100)
-- Name: auth_user_user_permissions; Type: TABLE; Schema: public; Owner: postgres
--

CREATE TABLE public.auth_user_user_permissions (
    id bigint NOT NULL,
    user_id integer NOT NULL,
    permission_id integer NOT NULL
);


ALTER TABLE public.auth_user_user_permissions OWNER TO postgres;

--
-- TOC entry 226 (class 1259 OID 76103)
-- Name: auth_user_user_permissions_id_seq; Type: SEQUENCE; Schema: public; Owner: postgres
--

ALTER TABLE public.auth_user_user_permissions ALTER COLUMN id ADD GENERATED BY DEFAULT AS IDENTITY (
    SEQUENCE NAME public.auth_user_user_permissions_id_seq
    START WITH 1
    INCREMENT BY 1
    NO MINVALUE
    NO MAXVALUE
    CACHE 1
);


--
-- TOC entry 227 (class 1259 OID 76104)
-- Name: common_blockfeatures; Type: TABLE; Schema: public; Owner: postgres
--

CREATE TABLE public.common_blockfeatures (
    id bigint NOT NULL,
    title_feature character varying(60) NOT NULL,
    description_feature text NOT NULL,
    logo_feature character varying(100),
    pre_home_id bigint
);


ALTER TABLE public.common_blockfeatures OWNER TO postgres;

--
-- TOC entry 228 (class 1259 OID 76109)
-- Name: common_blockfeatures_id_seq; Type: SEQUENCE; Schema: public; Owner: postgres
--

ALTER TABLE public.common_blockfeatures ALTER COLUMN id ADD GENERATED BY DEFAULT AS IDENTITY (
    SEQUENCE NAME public.common_blockfeatures_id_seq
    START WITH 1
    INCREMENT BY 1
    NO MINVALUE
    NO MAXVALUE
    CACHE 1
);


--
-- TOC entry 229 (class 1259 OID 76110)
-- Name: common_blockposition; Type: TABLE; Schema: public; Owner: postgres
--

CREATE TABLE public.common_blockposition (
    id bigint NOT NULL,
    title_block character varying(60) NOT NULL,
    description_block text NOT NULL,
    image_aside_block character varying(100),
    position_image character varying(15) NOT NULL,
    pre_home_id bigint
);


ALTER TABLE public.common_blockposition OWNER TO postgres;

--
-- TOC entry 230 (class 1259 OID 76115)
-- Name: common_blockposition_id_seq; Type: SEQUENCE; Schema: public; Owner: postgres
--

ALTER TABLE public.common_blockposition ALTER COLUMN id ADD GENERATED BY DEFAULT AS IDENTITY (
    SEQUENCE NAME public.common_blockposition_id_seq
    START WITH 1
    INCREMENT BY 1
    NO MINVALUE
    NO MAXVALUE
    CACHE 1
);


--
-- TOC entry 231 (class 1259 OID 76116)
-- Name: common_company; Type: TABLE; Schema: public; Owner: postgres
--

CREATE TABLE public.common_company (
    id bigint NOT NULL,
    name_company character varying(60) NOT NULL,
    departament character varying(60) NOT NULL,
    city character varying(60) NOT NULL,
    address text,
    name_contact_company character varying(60) NOT NULL,
    telephone character varying(15),
    email character varying(254),
    logo_company character varying(100),
    created_date timestamp with time zone,
    modified_date timestamp with time zone,
    user_modified character varying(150)
);


ALTER TABLE public.common_company OWNER TO postgres;

--
-- TOC entry 232 (class 1259 OID 76121)
-- Name: common_company_id_seq; Type: SEQUENCE; Schema: public; Owner: postgres
--

ALTER TABLE public.common_company ALTER COLUMN id ADD GENERATED BY DEFAULT AS IDENTITY (
    SEQUENCE NAME public.common_company_id_seq
    START WITH 1
    INCREMENT BY 1
    NO MINVALUE
    NO MAXVALUE
    CACHE 1
);


--
-- TOC entry 233 (class 1259 OID 76122)
-- Name: common_homepage; Type: TABLE; Schema: public; Owner: postgres
--

CREATE TABLE public.common_homepage (
    id bigint NOT NULL,
    parallax_background character varying(100),
    paralax_image_cover character varying(100),
    position_image character varying(15) NOT NULL,
    title_banner character varying(60) NOT NULL,
    description_banner character varying(120) NOT NULL,
    title_block_about character varying(60) NOT NULL,
    descrption_block_about text NOT NULL,
    company_id bigint NOT NULL
);


ALTER TABLE public.common_homepage OWNER TO postgres;

--
-- TOC entry 234 (class 1259 OID 76127)
-- Name: common_homepage_id_seq; Type: SEQUENCE; Schema: public; Owner: postgres
--

ALTER TABLE public.common_homepage ALTER COLUMN id ADD GENERATED BY DEFAULT AS IDENTITY (
    SEQUENCE NAME public.common_homepage_id_seq
    START WITH 1
    INCREMENT BY 1
    NO MINVALUE
    NO MAXVALUE
    CACHE 1
);


--
-- TOC entry 235 (class 1259 OID 76128)
-- Name: common_prehome; Type: TABLE; Schema: public; Owner: postgres
--

CREATE TABLE public.common_prehome (
    id bigint NOT NULL,
    parallax_background character varying(100),
    paralax_image_cover character varying(100),
    position_image character varying(15) NOT NULL,
    title_banner character varying(60) NOT NULL,
    description_banner character varying(120) NOT NULL,
    title_block_about character varying(60) NOT NULL,
    descrption_block_about text NOT NULL
);


ALTER TABLE public.common_prehome OWNER TO postgres;

--
-- TOC entry 236 (class 1259 OID 76133)
-- Name: common_prehome_id_seq; Type: SEQUENCE; Schema: public; Owner: postgres
--

ALTER TABLE public.common_prehome ALTER COLUMN id ADD GENERATED BY DEFAULT AS IDENTITY (
    SEQUENCE NAME public.common_prehome_id_seq
    START WITH 1
    INCREMENT BY 1
    NO MINVALUE
    NO MAXVALUE
    CACHE 1
);


--
-- TOC entry 237 (class 1259 OID 76134)
-- Name: common_projects; Type: TABLE; Schema: public; Owner: postgres
--

CREATE TABLE public.common_projects (
    id bigint NOT NULL,
    header_image character varying(100),
    cover_image character varying(100),
    title_project character varying(60) NOT NULL,
    descrption_project text NOT NULL,
    pdf_file character varying(100),
    home_page_id bigint NOT NULL,
    created_date timestamp with time zone,
    modified_date timestamp with time zone,
    user_modified character varying(150),
    company_id bigint NOT NULL
);


ALTER TABLE public.common_projects OWNER TO postgres;

--
-- TOC entry 238 (class 1259 OID 76139)
-- Name: common_projects_id_seq; Type: SEQUENCE; Schema: public; Owner: postgres
--

ALTER TABLE public.common_projects ALTER COLUMN id ADD GENERATED BY DEFAULT AS IDENTITY (
    SEQUENCE NAME public.common_projects_id_seq
    START WITH 1
    INCREMENT BY 1
    NO MINVALUE
    NO MAXVALUE
    CACHE 1
);


--
-- TOC entry 239 (class 1259 OID 76140)
-- Name: common_reports; Type: TABLE; Schema: public; Owner: postgres
--

CREATE TABLE public.common_reports (
    id bigint NOT NULL,
    title_report character varying(60) NOT NULL,
    description_report text NOT NULL,
    pdf_file character varying(100),
    created_date timestamp with time zone,
    modified_date timestamp with time zone,
    user_modified character varying(150),
    home_page_id bigint NOT NULL,
    company_id bigint NOT NULL
);


ALTER TABLE public.common_reports OWNER TO postgres;

--
-- TOC entry 240 (class 1259 OID 76145)
-- Name: common_reports_id_seq; Type: SEQUENCE; Schema: public; Owner: postgres
--

ALTER TABLE public.common_reports ALTER COLUMN id ADD GENERATED BY DEFAULT AS IDENTITY (
    SEQUENCE NAME public.common_reports_id_seq
    START WITH 1
    INCREMENT BY 1
    NO MINVALUE
    NO MAXVALUE
    CACHE 1
);


--
-- TOC entry 241 (class 1259 OID 76146)
-- Name: common_userprofile; Type: TABLE; Schema: public; Owner: postgres
--

CREATE TABLE public.common_userprofile (
    id bigint NOT NULL,
    company_id bigint,
    user_id integer NOT NULL
);


ALTER TABLE public.common_userprofile OWNER TO postgres;

--
-- TOC entry 242 (class 1259 OID 76149)
-- Name: common_userprofile_id_seq; Type: SEQUENCE; Schema: public; Owner: postgres
--

ALTER TABLE public.common_userprofile ALTER COLUMN id ADD GENERATED BY DEFAULT AS IDENTITY (
    SEQUENCE NAME public.common_userprofile_id_seq
    START WITH 1
    INCREMENT BY 1
    NO MINVALUE
    NO MAXVALUE
    CACHE 1
);


--
-- TOC entry 243 (class 1259 OID 76150)
-- Name: django_admin_log; Type: TABLE; Schema: public; Owner: postgres
--

CREATE TABLE public.django_admin_log (
    id integer NOT NULL,
    action_time timestamp with time zone NOT NULL,
    object_id text,
    object_repr character varying(200) NOT NULL,
    action_flag smallint NOT NULL,
    change_message text NOT NULL,
    content_type_id integer,
    user_id integer NOT NULL,
    CONSTRAINT django_admin_log_action_flag_check CHECK ((action_flag >= 0))
);


ALTER TABLE public.django_admin_log OWNER TO postgres;

--
-- TOC entry 244 (class 1259 OID 76156)
-- Name: django_admin_log_id_seq; Type: SEQUENCE; Schema: public; Owner: postgres
--

ALTER TABLE public.django_admin_log ALTER COLUMN id ADD GENERATED BY DEFAULT AS IDENTITY (
    SEQUENCE NAME public.django_admin_log_id_seq
    START WITH 1
    INCREMENT BY 1
    NO MINVALUE
    NO MAXVALUE
    CACHE 1
);


--
-- TOC entry 245 (class 1259 OID 76157)
-- Name: django_content_type; Type: TABLE; Schema: public; Owner: postgres
--

CREATE TABLE public.django_content_type (
    id integer NOT NULL,
    app_label character varying(100) NOT NULL,
    model character varying(100) NOT NULL
);


ALTER TABLE public.django_content_type OWNER TO postgres;

--
-- TOC entry 246 (class 1259 OID 76160)
-- Name: django_content_type_id_seq; Type: SEQUENCE; Schema: public; Owner: postgres
--

ALTER TABLE public.django_content_type ALTER COLUMN id ADD GENERATED BY DEFAULT AS IDENTITY (
    SEQUENCE NAME public.django_content_type_id_seq
    START WITH 1
    INCREMENT BY 1
    NO MINVALUE
    NO MAXVALUE
    CACHE 1
);


--
-- TOC entry 247 (class 1259 OID 76161)
-- Name: django_migrations; Type: TABLE; Schema: public; Owner: postgres
--

CREATE TABLE public.django_migrations (
    id bigint NOT NULL,
    app character varying(255) NOT NULL,
    name character varying(255) NOT NULL,
    applied timestamp with time zone NOT NULL
);


ALTER TABLE public.django_migrations OWNER TO postgres;

--
-- TOC entry 248 (class 1259 OID 76166)
-- Name: django_migrations_id_seq; Type: SEQUENCE; Schema: public; Owner: postgres
--

ALTER TABLE public.django_migrations ALTER COLUMN id ADD GENERATED BY DEFAULT AS IDENTITY (
    SEQUENCE NAME public.django_migrations_id_seq
    START WITH 1
    INCREMENT BY 1
    NO MINVALUE
    NO MAXVALUE
    CACHE 1
);


--
-- TOC entry 249 (class 1259 OID 76167)
-- Name: django_session; Type: TABLE; Schema: public; Owner: postgres
--

CREATE TABLE public.django_session (
    session_key character varying(40) NOT NULL,
    session_data text NOT NULL,
    expire_date timestamp with time zone NOT NULL
);


ALTER TABLE public.django_session OWNER TO postgres;

--
-- TOC entry 250 (class 1259 OID 76172)
-- Name: inventory_category; Type: TABLE; Schema: public; Owner: postgres
--

CREATE TABLE public.inventory_category (
    id bigint NOT NULL,
    created_date timestamp with time zone,
    modified_date timestamp with time zone,
    user_modified character varying(150),
    name character varying(150) NOT NULL,
    description character varying(150),
    company_id bigint NOT NULL
);


ALTER TABLE public.inventory_category OWNER TO postgres;

--
-- TOC entry 251 (class 1259 OID 76175)
-- Name: inventory_category_id_seq; Type: SEQUENCE; Schema: public; Owner: postgres
--

ALTER TABLE public.inventory_category ALTER COLUMN id ADD GENERATED BY DEFAULT AS IDENTITY (
    SEQUENCE NAME public.inventory_category_id_seq
    START WITH 1
    INCREMENT BY 1
    NO MINVALUE
    NO MAXVALUE
    CACHE 1
);


--
-- TOC entry 252 (class 1259 OID 76176)
-- Name: inventory_inventory; Type: TABLE; Schema: public; Owner: postgres
--

CREATE TABLE public.inventory_inventory (
    id bigint NOT NULL,
    created_date timestamp with time zone,
    modified_date timestamp with time zone,
    user_modified character varying(150),
    name character varying(150) NOT NULL,
    current_existence integer NOT NULL,
    company_id bigint NOT NULL,
    product_id bigint
);


ALTER TABLE public.inventory_inventory OWNER TO postgres;

--
-- TOC entry 253 (class 1259 OID 76179)
-- Name: inventory_inventory_id_seq; Type: SEQUENCE; Schema: public; Owner: postgres
--

ALTER TABLE public.inventory_inventory ALTER COLUMN id ADD GENERATED BY DEFAULT AS IDENTITY (
    SEQUENCE NAME public.inventory_inventory_id_seq
    START WITH 1
    INCREMENT BY 1
    NO MINVALUE
    NO MAXVALUE
    CACHE 1
);


--
-- TOC entry 254 (class 1259 OID 76180)
-- Name: inventory_ordenservicio; Type: TABLE; Schema: public; Owner: postgres
--

CREATE TABLE public.inventory_ordenservicio (
    id bigint NOT NULL,
    created_date timestamp with time zone,
    modified_date timestamp with time zone,
    user_modified character varying(150),
    name character varying(150) NOT NULL,
    comentary_service text,
    type_service character varying(25) NOT NULL,
    close_date timestamp with time zone,
    status_orders_service character varying(15) NOT NULL,
    company_id bigint NOT NULL,
    suscriber_asociate_id bigint
);


ALTER TABLE public.inventory_ordenservicio OWNER TO postgres;

--
-- TOC entry 255 (class 1259 OID 76185)
-- Name: inventory_ordenservicio_id_seq; Type: SEQUENCE; Schema: public; Owner: postgres
--

ALTER TABLE public.inventory_ordenservicio ALTER COLUMN id ADD GENERATED BY DEFAULT AS IDENTITY (
    SEQUENCE NAME public.inventory_ordenservicio_id_seq
    START WITH 1
    INCREMENT BY 1
    NO MINVALUE
    NO MAXVALUE
    CACHE 1
);


--
-- TOC entry 256 (class 1259 OID 76186)
-- Name: inventory_ordenservicio_product_used; Type: TABLE; Schema: public; Owner: postgres
--

CREATE TABLE public.inventory_ordenservicio_product_used (
    id bigint NOT NULL,
    ordenservicio_id bigint NOT NULL,
    product_id bigint NOT NULL
);


ALTER TABLE public.inventory_ordenservicio_product_used OWNER TO postgres;

--
-- TOC entry 257 (class 1259 OID 76189)
-- Name: inventory_ordenservicio_product_used_id_seq; Type: SEQUENCE; Schema: public; Owner: postgres
--

ALTER TABLE public.inventory_ordenservicio_product_used ALTER COLUMN id ADD GENERATED BY DEFAULT AS IDENTITY (
    SEQUENCE NAME public.inventory_ordenservicio_product_used_id_seq
    START WITH 1
    INCREMENT BY 1
    NO MINVALUE
    NO MAXVALUE
    CACHE 1
);


--
-- TOC entry 258 (class 1259 OID 76190)
-- Name: inventory_product; Type: TABLE; Schema: public; Owner: postgres
--

CREATE TABLE public.inventory_product (
    id bigint NOT NULL,
    created_date timestamp with time zone,
    modified_date timestamp with time zone,
    user_modified character varying(150),
    name character varying(150) NOT NULL,
    description character varying(200),
    category_id bigint,
    company_id bigint NOT NULL
);


ALTER TABLE public.inventory_product OWNER TO postgres;

--
-- TOC entry 259 (class 1259 OID 76195)
-- Name: inventory_product_id_seq; Type: SEQUENCE; Schema: public; Owner: postgres
--

ALTER TABLE public.inventory_product ALTER COLUMN id ADD GENERATED BY DEFAULT AS IDENTITY (
    SEQUENCE NAME public.inventory_product_id_seq
    START WITH 1
    INCREMENT BY 1
    NO MINVALUE
    NO MAXVALUE
    CACHE 1
);


--
-- TOC entry 260 (class 1259 OID 76196)
-- Name: inventory_provider; Type: TABLE; Schema: public; Owner: postgres
--

CREATE TABLE public.inventory_provider (
    id bigint NOT NULL,
    created_date timestamp with time zone,
    modified_date timestamp with time zone,
    user_modified character varying(150),
    name character varying(150) NOT NULL,
    description character varying(200),
    address character varying(250),
    contact character varying(100) NOT NULL,
    telephone character varying(10),
    email character varying(250),
    company_id bigint NOT NULL
);


ALTER TABLE public.inventory_provider OWNER TO postgres;

--
-- TOC entry 261 (class 1259 OID 76201)
-- Name: inventory_provider_id_seq; Type: SEQUENCE; Schema: public; Owner: postgres
--

ALTER TABLE public.inventory_provider ALTER COLUMN id ADD GENERATED BY DEFAULT AS IDENTITY (
    SEQUENCE NAME public.inventory_provider_id_seq
    START WITH 1
    INCREMENT BY 1
    NO MINVALUE
    NO MAXVALUE
    CACHE 1
);


--
-- TOC entry 262 (class 1259 OID 76202)
-- Name: inventory_shopping; Type: TABLE; Schema: public; Owner: postgres
--

CREATE TABLE public.inventory_shopping (
    id bigint NOT NULL,
    created_date timestamp with time zone,
    modified_date timestamp with time zone,
    user_modified character varying(150),
    purchase_date date,
    number_invoice_provider character varying(100),
    sub_total double precision,
    discount double precision,
    total double precision,
    deleted_supplier_name character varying(255),
    company_id bigint NOT NULL,
    supplier_asociate_id bigint
);


ALTER TABLE public.inventory_shopping OWNER TO postgres;

--
-- TOC entry 263 (class 1259 OID 76207)
-- Name: inventory_shopping_id_seq; Type: SEQUENCE; Schema: public; Owner: postgres
--

ALTER TABLE public.inventory_shopping ALTER COLUMN id ADD GENERATED BY DEFAULT AS IDENTITY (
    SEQUENCE NAME public.inventory_shopping_id_seq
    START WITH 1
    INCREMENT BY 1
    NO MINVALUE
    NO MAXVALUE
    CACHE 1
);


--
-- TOC entry 264 (class 1259 OID 76208)
-- Name: inventory_shoppingdetail; Type: TABLE; Schema: public; Owner: postgres
--

CREATE TABLE public.inventory_shoppingdetail (
    id bigint NOT NULL,
    created_date timestamp with time zone,
    modified_date timestamp with time zone,
    user_modified character varying(150),
    amount bigint NOT NULL,
    price integer NOT NULL,
    sub_total integer,
    discount integer,
    total integer,
    company_id bigint NOT NULL,
    product_id bigint NOT NULL,
    purchase_id bigint NOT NULL
);


ALTER TABLE public.inventory_shoppingdetail OWNER TO postgres;

--
-- TOC entry 265 (class 1259 OID 76211)
-- Name: inventory_shoppingdetail_id_seq; Type: SEQUENCE; Schema: public; Owner: postgres
--

ALTER TABLE public.inventory_shoppingdetail ALTER COLUMN id ADD GENERATED BY DEFAULT AS IDENTITY (
    SEQUENCE NAME public.inventory_shoppingdetail_id_seq
    START WITH 1
    INCREMENT BY 1
    NO MINVALUE
    NO MAXVALUE
    CACHE 1
);


--
-- TOC entry 266 (class 1259 OID 76212)
-- Name: payments_cashbalance; Type: TABLE; Schema: public; Owner: postgres
--

CREATE TABLE public.payments_cashbalance (
    id bigint NOT NULL,
    created_date timestamp with time zone,
    modified_date timestamp with time zone,
    user_modified character varying(150),
    amount integer NOT NULL,
    transaction_type character varying(10) NOT NULL,
    description character varying(255) NOT NULL,
    company_id bigint NOT NULL
);


ALTER TABLE public.payments_cashbalance OWNER TO postgres;

--
-- TOC entry 267 (class 1259 OID 76215)
-- Name: payments_cashbalance_id_seq; Type: SEQUENCE; Schema: public; Owner: postgres
--

ALTER TABLE public.payments_cashbalance ALTER COLUMN id ADD GENERATED BY DEFAULT AS IDENTITY (
    SEQUENCE NAME public.payments_cashbalance_id_seq
    START WITH 1
    INCREMENT BY 1
    NO MINVALUE
    NO MAXVALUE
    CACHE 1
);


--
-- TOC entry 268 (class 1259 OID 76216)
-- Name: payments_invoice; Type: TABLE; Schema: public; Owner: postgres
--

CREATE TABLE public.payments_invoice (
    id bigint NOT NULL,
    created_date timestamp with time zone,
    modified_date timestamp with time zone,
    user_modified character varying(150),
    description text,
    issuance_date date,
    period_to_pay character varying(55) NOT NULL,
    monthly_value_to_pay integer NOT NULL,
    pending_balance numeric(10,2),
    total_amount numeric(10,2),
    last_payment_date timestamp with time zone,
    payment_status character varying(20) NOT NULL,
    expiration_date timestamp with time zone,
    invoice_status character varying(20) NOT NULL,
    company_id bigint NOT NULL,
    suscriber_id bigint NOT NULL
);


ALTER TABLE public.payments_invoice OWNER TO postgres;

--
-- TOC entry 269 (class 1259 OID 76221)
-- Name: payments_invoice_id_seq; Type: SEQUENCE; Schema: public; Owner: postgres
--

ALTER TABLE public.payments_invoice ALTER COLUMN id ADD GENERATED BY DEFAULT AS IDENTITY (
    SEQUENCE NAME public.payments_invoice_id_seq
    START WITH 1
    INCREMENT BY 1
    NO MINVALUE
    NO MAXVALUE
    CACHE 1
);


--
-- TOC entry 270 (class 1259 OID 76222)
-- Name: payments_payment; Type: TABLE; Schema: public; Owner: postgres
--

CREATE TABLE public.payments_payment (
    id bigint NOT NULL,
    created_date timestamp with time zone,
    modified_date timestamp with time zone,
    user_modified character varying(150),
    payment_date timestamp with time zone NOT NULL,
    amount_paid numeric(10,2) NOT NULL,
    company_id bigint NOT NULL,
    invoice_id bigint NOT NULL
);


ALTER TABLE public.payments_payment OWNER TO postgres;

--
-- TOC entry 271 (class 1259 OID 76225)
-- Name: payments_payment_id_seq; Type: SEQUENCE; Schema: public; Owner: postgres
--

ALTER TABLE public.payments_payment ALTER COLUMN id ADD GENERATED BY DEFAULT AS IDENTITY (
    SEQUENCE NAME public.payments_payment_id_seq
    START WITH 1
    INCREMENT BY 1
    NO MINVALUE
    NO MAXVALUE
    CACHE 1
);


--
-- TOC entry 272 (class 1259 OID 76226)
-- Name: payments_paymentitem; Type: TABLE; Schema: public; Owner: postgres
--

CREATE TABLE public.payments_paymentitem (
    id bigint NOT NULL,
    created_date timestamp with time zone,
    modified_date timestamp with time zone,
    user_modified character varying(150),
    description character varying(255) NOT NULL,
    amount numeric(10,2) NOT NULL,
    company_id bigint NOT NULL,
    payment_id bigint NOT NULL
);


ALTER TABLE public.payments_paymentitem OWNER TO postgres;

--
-- TOC entry 273 (class 1259 OID 76229)
-- Name: payments_paymentitem_id_seq; Type: SEQUENCE; Schema: public; Owner: postgres
--

ALTER TABLE public.payments_paymentitem ALTER COLUMN id ADD GENERATED BY DEFAULT AS IDENTITY (
    SEQUENCE NAME public.payments_paymentitem_id_seq
    START WITH 1
    INCREMENT BY 1
    NO MINVALUE
    NO MAXVALUE
    CACHE 1
);


--
-- TOC entry 274 (class 1259 OID 76230)
-- Name: payments_periodmounth; Type: TABLE; Schema: public; Owner: postgres
--

CREATE TABLE public.payments_periodmounth (
    id bigint NOT NULL,
    created_date timestamp with time zone,
    modified_date timestamp with time zone,
    user_modified character varying(150),
    name_period character varying(55) NOT NULL,
    facturation_type character varying(20) NOT NULL,
    company_id bigint NOT NULL
);


ALTER TABLE public.payments_periodmounth OWNER TO postgres;

--
-- TOC entry 275 (class 1259 OID 76233)
-- Name: payments_periodmounth_id_seq; Type: SEQUENCE; Schema: public; Owner: postgres
--

ALTER TABLE public.payments_periodmounth ALTER COLUMN id ADD GENERATED BY DEFAULT AS IDENTITY (
    SEQUENCE NAME public.payments_periodmounth_id_seq
    START WITH 1
    INCREMENT BY 1
    NO MINVALUE
    NO MAXVALUE
    CACHE 1
);


--
-- TOC entry 276 (class 1259 OID 76234)
-- Name: users_actions; Type: TABLE; Schema: public; Owner: postgres
--

CREATE TABLE public.users_actions (
    id bigint NOT NULL,
    created_date timestamp with time zone,
    modified_date timestamp with time zone,
    user_modified character varying(150),
    value_action integer NOT NULL,
    property_type character varying(15) NOT NULL,
    company_id bigint NOT NULL
);


ALTER TABLE public.users_actions OWNER TO postgres;

--
-- TOC entry 277 (class 1259 OID 76237)
-- Name: users_actions_id_seq; Type: SEQUENCE; Schema: public; Owner: postgres
--

ALTER TABLE public.users_actions ALTER COLUMN id ADD GENERATED BY DEFAULT AS IDENTITY (
    SEQUENCE NAME public.users_actions_id_seq
    START WITH 1
    INCREMENT BY 1
    NO MINVALUE
    NO MAXVALUE
    CACHE 1
);


--
-- TOC entry 278 (class 1259 OID 76238)
-- Name: users_costactions; Type: TABLE; Schema: public; Owner: postgres
--

CREATE TABLE public.users_costactions (
    id bigint NOT NULL,
    created_date timestamp with time zone,
    modified_date timestamp with time zone,
    user_modified character varying(150),
    costo_uniqued_for_action integer NOT NULL,
    company_id bigint NOT NULL
);


ALTER TABLE public.users_costactions OWNER TO postgres;

--
-- TOC entry 279 (class 1259 OID 76241)
-- Name: users_costactions_id_seq; Type: SEQUENCE; Schema: public; Owner: postgres
--

ALTER TABLE public.users_costactions ALTER COLUMN id ADD GENERATED BY DEFAULT AS IDENTITY (
    SEQUENCE NAME public.users_costactions_id_seq
    START WITH 1
    INCREMENT BY 1
    NO MINVALUE
    NO MAXVALUE
    CACHE 1
);


--
-- TOC entry 280 (class 1259 OID 76242)
-- Name: users_sector; Type: TABLE; Schema: public; Owner: postgres
--

CREATE TABLE public.users_sector (
    id bigint NOT NULL,
    created_date timestamp with time zone,
    modified_date timestamp with time zone,
    user_modified character varying(150),
    name_sector character varying(55) NOT NULL,
    company_id bigint NOT NULL
);


ALTER TABLE public.users_sector OWNER TO postgres;

--
-- TOC entry 281 (class 1259 OID 76245)
-- Name: users_sector_id_seq; Type: SEQUENCE; Schema: public; Owner: postgres
--

ALTER TABLE public.users_sector ALTER COLUMN id ADD GENERATED BY DEFAULT AS IDENTITY (
    SEQUENCE NAME public.users_sector_id_seq
    START WITH 1
    INCREMENT BY 1
    NO MINVALUE
    NO MAXVALUE
    CACHE 1
);


--
-- TOC entry 282 (class 1259 OID 76246)
-- Name: users_suscriber; Type: TABLE; Schema: public; Owner: postgres
--

CREATE TABLE public.users_suscriber (
    id bigint NOT NULL,
    created_date timestamp with time zone,
    modified_date timestamp with time zone,
    user_modified character varying(150),
    document_type character varying(2) NOT NULL,
    identification_number character varying(255),
    name_suscriber character varying(255),
    last_name_suscribe character varying(255),
    telephone character varying(15) NOT NULL,
    name_farm character varying(55) NOT NULL,
    stratum character varying(3),
    count_adult_inhabitants integer,
    count_children_inhabitants integer,
    value_paid_for_action integer NOT NULL,
    number_cuotes_for_payment integer NOT NULL,
    monthly_value_to_pay integer NOT NULL,
    pending_balance numeric(10,2),
    last_payment_date timestamp with time zone,
    status character varying(20) NOT NULL,
    mode_billing character varying(20) NOT NULL,
    company_id bigint NOT NULL,
    sector_suscriber_id bigint NOT NULL
);


ALTER TABLE public.users_suscriber OWNER TO postgres;

--
-- TOC entry 283 (class 1259 OID 76251)
-- Name: users_suscriber_affiliated_shares; Type: TABLE; Schema: public; Owner: postgres
--

CREATE TABLE public.users_suscriber_affiliated_shares (
    id bigint NOT NULL,
    suscriber_id bigint NOT NULL,
    actions_id bigint NOT NULL
);


ALTER TABLE public.users_suscriber_affiliated_shares OWNER TO postgres;

--
-- TOC entry 284 (class 1259 OID 76254)
-- Name: users_suscriber_affiliated_shares_id_seq; Type: SEQUENCE; Schema: public; Owner: postgres
--

ALTER TABLE public.users_suscriber_affiliated_shares ALTER COLUMN id ADD GENERATED BY DEFAULT AS IDENTITY (
    SEQUENCE NAME public.users_suscriber_affiliated_shares_id_seq
    START WITH 1
    INCREMENT BY 1
    NO MINVALUE
    NO MAXVALUE
    CACHE 1
);


--
-- TOC entry 285 (class 1259 OID 76255)
-- Name: users_suscriber_cost_action; Type: TABLE; Schema: public; Owner: postgres
--

CREATE TABLE public.users_suscriber_cost_action (
    id bigint NOT NULL,
    suscriber_id bigint NOT NULL,
    costactions_id bigint NOT NULL
);


ALTER TABLE public.users_suscriber_cost_action OWNER TO postgres;

--
-- TOC entry 286 (class 1259 OID 76258)
-- Name: users_suscriber_cost_action_id_seq; Type: SEQUENCE; Schema: public; Owner: postgres
--

ALTER TABLE public.users_suscriber_cost_action ALTER COLUMN id ADD GENERATED BY DEFAULT AS IDENTITY (
    SEQUENCE NAME public.users_suscriber_cost_action_id_seq
    START WITH 1
    INCREMENT BY 1
    NO MINVALUE
    NO MAXVALUE
    CACHE 1
);


--
-- TOC entry 287 (class 1259 OID 76259)
-- Name: users_suscriber_id_seq; Type: SEQUENCE; Schema: public; Owner: postgres
--

ALTER TABLE public.users_suscriber ALTER COLUMN id ADD GENERATED BY DEFAULT AS IDENTITY (
    SEQUENCE NAME public.users_suscriber_id_seq
    START WITH 1
    INCREMENT BY 1
    NO MINVALUE
    NO MAXVALUE
    CACHE 1
);


--
-- TOC entry 5160 (class 0 OID 76078)
-- Dependencies: 215
-- Data for Name: auth_group; Type: TABLE DATA; Schema: public; Owner: postgres
--

COPY public.auth_group (id, name) FROM stdin;
1	tesorera
\.


--
-- TOC entry 5162 (class 0 OID 76082)
-- Dependencies: 217
-- Data for Name: auth_group_permissions; Type: TABLE DATA; Schema: public; Owner: postgres
--

COPY public.auth_group_permissions (id, group_id, permission_id) FROM stdin;
\.


--
-- TOC entry 5164 (class 0 OID 76086)
-- Dependencies: 219
-- Data for Name: auth_permission; Type: TABLE DATA; Schema: public; Owner: postgres
--

COPY public.auth_permission (id, name, content_type_id, codename) FROM stdin;
1	Can add log entry	1	add_logentry
2	Can change log entry	1	change_logentry
3	Can delete log entry	1	delete_logentry
4	Can view log entry	1	view_logentry
5	Can add permission	2	add_permission
6	Can change permission	2	change_permission
7	Can delete permission	2	delete_permission
8	Can view permission	2	view_permission
9	Can add group	3	add_group
10	Can change group	3	change_group
11	Can delete group	3	delete_group
12	Can view group	3	view_group
13	Can add user	4	add_user
14	Can change user	4	change_user
15	Can delete user	4	delete_user
16	Can view user	4	view_user
17	Can add content type	5	add_contenttype
18	Can change content type	5	change_contenttype
19	Can delete content type	5	delete_contenttype
20	Can view content type	5	view_contenttype
21	Can add session	6	add_session
22	Can change session	6	change_session
23	Can delete session	6	delete_session
24	Can view session	6	view_session
25	Can add block position	7	add_blockposition
26	Can change block position	7	change_blockposition
27	Can delete block position	7	delete_blockposition
28	Can view block position	7	view_blockposition
29	Can add Compañía Cliente del Sistema	8	add_company
30	Can change Compañía Cliente del Sistema	8	change_company
31	Can delete Compañía Cliente del Sistema	8	delete_company
32	Can view Compañía Cliente del Sistema	8	view_company
33	Can add Pag. Inicio por Compañia	9	add_homepage
34	Can change Pag. Inicio por Compañia	9	change_homepage
35	Can delete Pag. Inicio por Compañia	9	delete_homepage
36	Can view Pag. Inicio por Compañia	9	view_homepage
37	Can add Página de inicio General	10	add_prehome
38	Can change Página de inicio General	10	change_prehome
39	Can delete Página de inicio General	10	delete_prehome
40	Can view Página de inicio General	10	view_prehome
41	Can add Proyecto	11	add_projects
42	Can change Proyecto	11	change_projects
43	Can delete Proyecto	11	delete_projects
44	Can view Proyecto	11	view_projects
45	Can add block features	12	add_blockfeatures
46	Can change block features	12	change_blockfeatures
47	Can delete block features	12	delete_blockfeatures
48	Can view block features	12	view_blockfeatures
49	Can add user profile	13	add_userprofile
50	Can change user profile	13	change_userprofile
51	Can delete user profile	13	delete_userprofile
52	Can view user profile	13	view_userprofile
53	Can add Reporte	14	add_reports
54	Can change Reporte	14	change_reports
55	Can delete Reporte	14	delete_reports
56	Can view Reporte	14	view_reports
57	Can add Valor de Acción	15	add_actions
58	Can change Valor de Acción	15	change_actions
59	Can delete Valor de Acción	15	delete_actions
60	Can view Valor de Acción	15	view_actions
61	Can add Valor de la Acción Definida	16	add_costactions
62	Can change Valor de la Acción Definida	16	change_costactions
63	Can delete Valor de la Acción Definida	16	delete_costactions
64	Can view Valor de la Acción Definida	16	view_costactions
65	Can add Sector o Vereda	17	add_sector
66	Can change Sector o Vereda	17	change_sector
67	Can delete Sector o Vereda	17	delete_sector
68	Can view Sector o Vereda	17	view_sector
69	Can add Suscriptor	18	add_suscriber
70	Can change Suscriptor	18	change_suscriber
71	Can delete Suscriptor	18	delete_suscriber
72	Can view Suscriptor	18	view_suscriber
73	Can add category	19	add_category
74	Can change category	19	change_category
75	Can delete category	19	delete_category
76	Can view category	19	view_category
77	Can add product	20	add_product
78	Can change product	20	change_product
79	Can delete product	20	delete_product
80	Can view product	20	view_product
81	Can add Ordenes de servicio	21	add_ordenservicio
82	Can change Ordenes de servicio	21	change_ordenservicio
83	Can delete Ordenes de servicio	21	delete_ordenservicio
84	Can view Ordenes de servicio	21	view_ordenservicio
85	Can add Inventarios	22	add_inventory
86	Can change Inventarios	22	change_inventory
87	Can delete Inventarios	22	delete_inventory
88	Can view Inventarios	22	view_inventory
89	Can add provider	23	add_provider
90	Can change provider	23	change_provider
91	Can delete provider	23	delete_provider
92	Can view provider	23	view_provider
93	Can add Compra	24	add_shopping
94	Can change Compra	24	change_shopping
95	Can delete Compra	24	delete_shopping
96	Can view Compra	24	view_shopping
97	Can add shopping detail	25	add_shoppingdetail
98	Can change shopping detail	25	change_shoppingdetail
99	Can delete shopping detail	25	delete_shoppingdetail
100	Can view shopping detail	25	view_shoppingdetail
101	Can add cash balance	26	add_cashbalance
102	Can change cash balance	26	change_cashbalance
103	Can delete cash balance	26	delete_cashbalance
104	Can view cash balance	26	view_cashbalance
105	Can add invoice	27	add_invoice
106	Can change invoice	27	change_invoice
107	Can delete invoice	27	delete_invoice
108	Can view invoice	27	view_invoice
109	Can add Pago	28	add_payment
110	Can change Pago	28	change_payment
111	Can delete Pago	28	delete_payment
112	Can view Pago	28	view_payment
113	Can add payment item	29	add_paymentitem
114	Can change payment item	29	change_paymentitem
115	Can delete payment item	29	delete_paymentitem
116	Can view payment item	29	view_paymentitem
117	Can add period mounth	30	add_periodmounth
118	Can change period mounth	30	change_periodmounth
119	Can delete period mounth	30	delete_periodmounth
120	Can view period mounth	30	view_periodmounth
\.


--
-- TOC entry 5166 (class 0 OID 76090)
-- Dependencies: 221
-- Data for Name: auth_user; Type: TABLE DATA; Schema: public; Owner: postgres
--

COPY public.auth_user (id, password, last_login, is_superuser, username, first_name, last_name, email, is_staff, is_active, date_joined) FROM stdin;
34	pbkdf2_sha256$870000$fpCBJmdkFIYfPfzfmj71AP$bM3G3Tnjpm7/G45cDPclLp+xagsTIV01qOaQNfhPyLI=	2025-01-05 21:22:37.633559-05	f	beatriz	Beatriz	Perez		f	t	2024-07-19 21:12:02-05
1	pbkdf2_sha256$870000$7qvu3ZrHDC3zxTkjAHSvd4$Qx78mHIrngQJS4HyPnX10GFvfk54daic3DGCNfVHeWE=	2024-12-26 23:12:26.375951-05	t	dehibiblandon			dehibiblandon@gmail.com	t	t	2024-07-19 19:53:42.318542-05
\.


--
-- TOC entry 5167 (class 0 OID 76095)
-- Dependencies: 222
-- Data for Name: auth_user_groups; Type: TABLE DATA; Schema: public; Owner: postgres
--

COPY public.auth_user_groups (id, user_id, group_id) FROM stdin;
1	34	1
\.


--
-- TOC entry 5170 (class 0 OID 76100)
-- Dependencies: 225
-- Data for Name: auth_user_user_permissions; Type: TABLE DATA; Schema: public; Owner: postgres
--

COPY public.auth_user_user_permissions (id, user_id, permission_id) FROM stdin;
\.


--
-- TOC entry 5172 (class 0 OID 76104)
-- Dependencies: 227
-- Data for Name: common_blockfeatures; Type: TABLE DATA; Schema: public; Owner: postgres
--

COPY public.common_blockfeatures (id, title_feature, description_feature, logo_feature, pre_home_id) FROM stdin;
\.


--
-- TOC entry 5174 (class 0 OID 76110)
-- Dependencies: 229
-- Data for Name: common_blockposition; Type: TABLE DATA; Schema: public; Owner: postgres
--

COPY public.common_blockposition (id, title_block, description_block, image_aside_block, position_image, pre_home_id) FROM stdin;
1	Gestión de Clientes Fijos:	<ul>\r\n\t<li>Registro detallado de clientes, incluyendo informaci&oacute;n de contacto y datos relevantes.</li>\r\n\t<li>Asignaci&oacute;n de tarifas personalizadas seg&uacute;n el consumo o acuerdos espec&iacute;ficos.</li>\r\n\t<li>Hist&oacute;rico de consumos y pagos realizados por cada cliente</li>\r\n</ul>	home_page/block/gestion-clientes-demo.png	right	1
2	Emisión de Cuentas de Cobro:	<ul>\r\n\t<li>Generaci&oacute;n autom&aacute;tica de facturas peri&oacute;dicas basadas en los periodos definidos y tarifas fijas.</li>\r\n\t<li>Env&iacute;o de notificaciones a los clientes sobre la emisi&oacute;n de nuevas facturas.</li>\r\n\t<li>Posibilidad de configurar recordatorios para el pago de facturas vencidas.</li>\r\n</ul>	home_page/block/gestion-cobranza.png	left	1
3	Registro de Compras y Control de Inventario:	<ul>\r\n\t<li>Registro de compras de materia prima y otros insumos necesarios para el funcionamiento del acueducto.</li>\r\n\t<li>Control y actualizaci&oacute;n del inventario en tiempo real, evitando faltantes y permitiendo una gesti&oacute;n eficiente de recursos.</li>\r\n\t<li>Generaci&oacute;n de informes sobre el estado del inventario y an&aacute;lisis de consumo de materiales.</li>\r\n</ul>	home_page/block/gestao-de-estoque_eNBoAVP.jpg	right	1
\.


--
-- TOC entry 5176 (class 0 OID 76116)
-- Dependencies: 231
-- Data for Name: common_company; Type: TABLE DATA; Schema: public; Owner: postgres
--

COPY public.common_company (id, name_company, departament, city, address, name_contact_company, telephone, email, logo_company, created_date, modified_date, user_modified) FROM stdin;
1	Asobotapa	Caldas	Anserma		Guillermo Morales	\N	dehibiblandon@gmail.com	companies/logo/ahorrar-agua.png	2024-07-19 21:27:04-05	2024-07-19 21:27:04-05	\N
\.


--
-- TOC entry 5178 (class 0 OID 76122)
-- Dependencies: 233
-- Data for Name: common_homepage; Type: TABLE DATA; Schema: public; Owner: postgres
--

COPY public.common_homepage (id, parallax_background, paralax_image_cover, position_image, title_banner, description_banner, title_block_about, descrption_block_about, company_id) FROM stdin;
1	home_page/banner/planta_tratamiento.jpg		right	ASOBOTAPA	Asociación de usuarios colectivos	¿Que es Asobotapa?	<p>Somos una asociaci&oacute;n de usuarios colectivos del acueducto veredal de las veredas las Bohemia, El Tablazo y el Paraiso, somos mas de 160 asociados</p>	1
\.


--
-- TOC entry 5180 (class 0 OID 76128)
-- Dependencies: 235
-- Data for Name: common_prehome; Type: TABLE DATA; Schema: public; Owner: postgres
--

COPY public.common_prehome (id, parallax_background, paralax_image_cover, position_image, title_banner, description_banner, title_block_about, descrption_block_about) FROM stdin;
1	home_page/banner/analitica-banner-prehome.jpg	home_page/banner/planing-paralax-prehome.jpg	right	CRM ADMIN 360	Puedes tener el control de tus gastos, registro de asociados o suscriptores, generar comprobantes de pago y cobranza	CRM de administración 360	<p>Nuestro sistema de administraci&oacute;n para acueductos comunitarios est&aacute; dise&ntilde;ado para facilitar la gesti&oacute;n integral de todas las operaciones necesarias para el correcto funcionamiento de estos servicios. A continuaci&oacute;n, se detallan las principales funcionalidades que ofrece:</p>
\.


--
-- TOC entry 5182 (class 0 OID 76134)
-- Dependencies: 237
-- Data for Name: common_projects; Type: TABLE DATA; Schema: public; Owner: postgres
--

COPY public.common_projects (id, header_image, cover_image, title_project, descrption_project, pdf_file, home_page_id, created_date, modified_date, user_modified, company_id) FROM stdin;
3	home_page/project/IMG_20241024_175612.jpg	home_page/project/IMG_20241024_175612_xp15JL8.jpg	Pintura y mantenimiento techo de tanque abastecimiento	<p>Debido al desgaste de pintura en la estructura del techo del tanque de abastecimiento para las veredas el Para&iacute;so y el Tablazo; Ubicado en la vereda la bohemia se va a trabajar el mantenimiento ralizando lijado de la estructura met&aacute;lica y pintar nuevamente con anticorrocivo de alta resistencia, adem&aacute;s de soldadura en las tapas del mismo tanque y adquisici&oacute;n de candados con resistencia al exterior</p>		1	2024-11-23 13:15:14-05	2024-11-23 13:15:14-05	\N	1
1	home_page/project/valvula-reguladora_842y5zf.webp		Adquisisión de valvulas reguladoras de presión	<p>Aquisici&oacute;n de valvulas reguladoras de presi&oacute;n para instalar en 3 tramos de la tuber&iacute;a</p>		1	2024-07-19 22:45:13-05	2024-07-19 22:45:13-05	\N	1
2	home_page/project/cambio-tuberia.jpeg		Cambio tubería en tramos dañados	<p>Se esta cambiando la tuberia en tramos de da&ntilde;os persistentes y se esta dejando un tramo de mas de 3 metros nuevo para evitar tanto bloque a&ntilde;adido con uniones de sus respectivas dimensiones</p>		1	2024-07-19 23:46:20-05	2024-07-19 23:46:20-05	\N	1
\.


--
-- TOC entry 5184 (class 0 OID 76140)
-- Dependencies: 239
-- Data for Name: common_reports; Type: TABLE DATA; Schema: public; Owner: postgres
--

COPY public.common_reports (id, title_report, description_report, pdf_file, created_date, modified_date, user_modified, home_page_id, company_id) FROM stdin;
\.


--
-- TOC entry 5186 (class 0 OID 76146)
-- Dependencies: 241
-- Data for Name: common_userprofile; Type: TABLE DATA; Schema: public; Owner: postgres
--

COPY public.common_userprofile (id, company_id, user_id) FROM stdin;
1	1	34
\.


--
-- TOC entry 5188 (class 0 OID 76150)
-- Dependencies: 243
-- Data for Name: django_admin_log; Type: TABLE DATA; Schema: public; Owner: postgres
--

COPY public.django_admin_log (id, action_time, object_id, object_repr, action_flag, change_message, content_type_id, user_id) FROM stdin;
1	2024-07-19 21:12:04.577361-05	34	beatriz	1	[{"added": {}}]	4	1
2	2024-07-19 21:12:26.082372-05	34	beatriz	2	[{"changed": {"fields": ["First name", "Last name"]}}]	4	1
3	2024-07-19 21:13:08.347359-05	1	tesorera	1	[{"added": {}}]	3	1
4	2024-07-19 21:27:16.290522-05	1	Asobotapa	1	[{"added": {}}]	8	1
5	2024-07-19 21:28:35.640701-05	1	beatriz	1	[{"added": {}}]	13	1
6	2024-07-19 22:02:36.271566-05	1	CRM ADMIN 360	1	[{"added": {}}, {"added": {"name": "block position", "object": "Gesti\\u00f3n de Clientes Fijos:"}}]	10	1
7	2024-07-19 22:43:37.267078-05	1	CRM ADMIN 360	2	[{"added": {"name": "block position", "object": "Emisi\\u00f3n de Cuentas de Cobro:"}}, {"added": {"name": "block position", "object": "Registro de Compras y Control de Inventario:"}}]	10	1
8	2024-07-19 23:29:28.739243-05	1	ASOBOTAPA	1	[{"added": {}}, {"added": {"name": "Proyecto", "object": "Adquisisi\\u00f3n de valvulas reguladoras de presi\\u00f3n"}}]	9	1
9	2024-07-19 23:38:06.69637-05	1	ASOBOTAPA	2	[{"changed": {"fields": ["Imagen paralax"]}}]	9	1
10	2024-07-19 23:45:55.175542-05	1	ASOBOTAPA	2	[{"changed": {"fields": ["Imagen paralax"]}}]	9	1
11	2024-07-19 23:48:22.208229-05	1	ASOBOTAPA	2	[{"added": {"name": "Proyecto", "object": "Cambio tuberia en tramos da\\u00f1ados"}}]	9	1
12	2024-07-19 23:49:48.634966-05	1	ASOBOTAPA	2	[{"changed": {"name": "Proyecto", "object": "Adquisisi\\u00f3n de valvulas reguladoras de presi\\u00f3n", "fields": ["Imagen del proyecto"]}}]	9	1
13	2024-07-20 09:38:43.556782-05	34	beatriz	2	[{"changed": {"fields": ["Groups"]}}]	4	1
14	2024-07-20 09:39:03.984615-05	1	Vereda la Bohemia	1	[{"added": {}}]	17	1
15	2024-07-20 09:39:19.354517-05	2	Vereda el Tablazo	1	[{"added": {}}]	17	1
16	2024-07-20 09:39:29.913537-05	3	Vereda el Paraiso	1	[{"added": {}}]	17	1
17	2024-07-20 09:39:44.36298-05	1	150000	1	[{"added": {}}]	16	1
18	2024-07-20 09:39:57.873088-05	2	200000	1	[{"added": {}}]	16	1
19	2024-07-20 09:40:40.206241-05	3	300000	1	[{"added": {}}]	16	1
20	2024-07-20 09:40:57.657298-05	1	No Usa Acción - 0	1	[{"added": {}}]	15	1
21	2024-07-20 09:41:08.885346-05	2	Vivienda Desocupada - 0	1	[{"added": {}}]	15	1
22	2024-07-20 09:41:46.57494-05	2	Vivienda Desocupada - 5000	2	[{"changed": {"fields": ["Tarifa Mensual Por Acci\\u00f3n"]}}]	15	1
23	2024-07-20 09:41:59.168547-05	3	Vivienda - 10000	1	[{"added": {}}]	15	1
24	2024-07-20 09:42:18.282557-05	4	Finca Campestre - 10000	1	[{"added": {}}]	15	1
25	2024-07-20 09:43:20.520226-05	5	Finca Agropecuaria - 12000	1	[{"added": {}}]	15	1
26	2024-07-20 09:43:48.786351-05	6	Finca Porcicola - 12000	1	[{"added": {}}]	15	1
27	2024-07-20 09:44:20.222153-05	7	Otro Negocio - 13000	1	[{"added": {}}]	15	1
28	2024-07-20 09:44:29.204697-05	8	Finca Ganadera - 15000	1	[{"added": {}}]	15	1
29	2024-07-20 10:46:35.447735-05	1	Finca	2	update through import_export	18	1
30	2024-07-20 10:46:35.451732-05	2	Olga	1	new through import_export	18	1
31	2024-07-20 10:46:35.453736-05	3	Eliberto	1	new through import_export	18	1
32	2024-07-20 10:46:35.454788-05	4	Jose Alexander	1	new through import_export	18	1
33	2024-07-20 10:46:35.454788-05	5	Abraham	1	new through import_export	18	1
34	2024-07-20 10:46:35.454788-05	6	Ricardo	1	new through import_export	18	1
35	2024-07-20 10:46:35.454788-05	7	Luis Alberto	1	new through import_export	18	1
36	2024-07-20 10:46:35.454788-05	8	Anuar	1	new through import_export	18	1
37	2024-07-20 10:46:35.454788-05	9	Oscar	1	new through import_export	18	1
38	2024-07-20 10:46:35.454788-05	10	Henry	1	new through import_export	18	1
39	2024-07-20 10:46:35.454788-05	11	Luis David	1	new through import_export	18	1
40	2024-07-20 10:46:35.454788-05	12	Julia	1	new through import_export	18	1
41	2024-07-20 10:46:35.470413-05	13	Wilson	1	new through import_export	18	1
42	2024-07-20 10:46:35.470413-05	14	Raul 	1	new through import_export	18	1
43	2024-07-20 10:46:35.475028-05	15	Raul 	1	new through import_export	18	1
44	2024-07-20 10:46:35.475028-05	16	Hector	1	new through import_export	18	1
45	2024-07-20 10:46:35.475028-05	17	Samuel	1	new through import_export	18	1
46	2024-07-20 10:46:35.475028-05	18	Samuel	1	new through import_export	18	1
47	2024-07-20 10:46:35.475028-05	19	Jesus	1	new through import_export	18	1
48	2024-07-20 10:46:35.475028-05	20	Otilia	1	new through import_export	18	1
49	2024-07-20 10:46:35.475028-05	21	Andrea 	1	new through import_export	18	1
50	2024-07-20 10:46:35.475028-05	22	Wilson	1	new through import_export	18	1
51	2024-07-20 10:46:35.488757-05	23	Luz Mary	1	new through import_export	18	1
52	2024-07-20 10:46:35.489756-05	24	Ancizar	1	new through import_export	18	1
53	2024-07-20 10:46:35.491755-05	25	Katerine	1	new through import_export	18	1
54	2024-07-20 10:46:35.493757-05	26	Marcos	1	new through import_export	18	1
55	2024-07-20 10:46:35.494754-05	27	Carlos Emilio	1	new through import_export	18	1
56	2024-07-20 10:46:35.496755-05	28	Dorey	1	new through import_export	18	1
57	2024-07-20 10:46:35.497751-05	29	Jose Ignacio	1	new through import_export	18	1
58	2024-07-20 10:46:35.498751-05	30	Enrique	1	new through import_export	18	1
59	2024-07-20 10:46:35.500749-05	31	Maria Enoe	1	new through import_export	18	1
60	2024-07-20 10:46:35.50175-05	32	Hector	1	new through import_export	18	1
61	2024-07-20 10:46:35.503751-05	33	Marina	1	new through import_export	18	1
62	2024-07-20 10:46:35.505617-05	34	Hector	1	new through import_export	18	1
63	2024-07-20 10:46:35.506618-05	35	Ariel 	1	new through import_export	18	1
64	2024-07-20 10:46:35.508615-05	36	Claudia	1	new through import_export	18	1
65	2024-07-20 10:46:35.509615-05	37	Martiniano	1	new through import_export	18	1
66	2024-07-20 10:46:35.510616-05	38	Antonio	1	new through import_export	18	1
67	2024-07-20 10:46:35.512612-05	39	Juan Carlos	1	new through import_export	18	1
68	2024-07-20 10:46:35.513612-05	40	Rafael 	1	new through import_export	18	1
69	2024-07-20 10:46:35.515613-05	41	David 	1	new through import_export	18	1
70	2024-07-20 10:46:35.51661-05	42	Carlos	1	new through import_export	18	1
71	2024-07-20 10:46:35.517613-05	43	Jose Maria	1	new through import_export	18	1
72	2024-07-20 10:46:35.519611-05	44	Julian	1	new through import_export	18	1
73	2024-07-20 10:46:35.521625-05	45	Inversiones	1	new through import_export	18	1
74	2024-07-20 10:46:35.521625-05	46	William 	1	new through import_export	18	1
75	2024-07-20 10:46:35.521625-05	47	Duvan	1	new through import_export	18	1
76	2024-07-20 10:46:35.521625-05	48	Absalon	1	new through import_export	18	1
77	2024-07-20 10:46:35.521625-05	49	Edelberto 	1	new through import_export	18	1
78	2024-07-20 10:46:35.521625-05	50	Esteban	1	new through import_export	18	1
79	2024-07-20 10:46:35.53725-05	51	Guillermo	1	new through import_export	18	1
80	2024-07-20 10:46:35.540524-05	52	Yolanda	1	new through import_export	18	1
81	2024-07-20 10:46:35.540716-05	53	Edilberto 	1	new through import_export	18	1
82	2024-07-20 10:46:35.540716-05	54	Orlando	1	new through import_export	18	1
83	2024-07-20 10:46:35.540716-05	55	Jairo	1	new through import_export	18	1
84	2024-07-20 10:46:35.540716-05	56	Ariel 	1	new through import_export	18	1
85	2024-07-20 10:46:35.540716-05	57	Wilmer	1	new through import_export	18	1
86	2024-07-20 10:46:35.540716-05	58	Cesar	1	new through import_export	18	1
87	2024-07-20 10:46:35.540716-05	59	Heriberto	1	new through import_export	18	1
88	2024-07-20 10:46:35.540716-05	60	Jhon Fredy	1	new through import_export	18	1
89	2024-07-20 10:46:35.557635-05	61	Nely	1	new through import_export	18	1
90	2024-07-20 10:46:35.560857-05	62	Arbey	1	new through import_export	18	1
91	2024-07-20 10:46:35.566007-05	63	Luz 	1	new through import_export	18	1
92	2024-07-20 10:46:35.570004-05	64	Marcela	1	new through import_export	18	1
93	2024-07-20 10:46:35.573002-05	65	Pedro	1	new through import_export	18	1
94	2024-07-20 10:46:35.575001-05	66	Diego	1	new through import_export	18	1
95	2024-07-20 10:46:35.582003-05	67	Jose Maria	1	new through import_export	18	1
96	2024-07-20 10:46:35.584996-05	68	Eliecer	1	new through import_export	18	1
97	2024-07-20 10:46:35.591991-05	69	Eliberto	1	new through import_export	18	1
98	2024-07-20 10:46:35.596989-05	70	Alirio	1	new through import_export	18	1
99	2024-07-20 10:46:35.599993-05	71	Carlos	1	new through import_export	18	1
100	2024-07-20 10:46:35.601985-05	72	Gloria 	1	new through import_export	18	1
101	2024-07-20 10:46:35.605983-05	73	Alirio	1	new through import_export	18	1
102	2024-07-20 10:46:35.611978-05	74	Pablo Emilio	1	new through import_export	18	1
103	2024-07-20 10:46:35.613979-05	75	Nelly	1	new through import_export	18	1
104	2024-07-20 10:46:35.616975-05	76	Rodrigo	1	new through import_export	18	1
105	2024-07-20 10:46:35.618973-05	77	Alirio	1	new through import_export	18	1
106	2024-07-20 10:46:35.621971-05	78	Berenice	1	new through import_export	18	1
107	2024-07-20 10:46:35.62497-05	79	Roberto	1	new through import_export	18	1
108	2024-07-20 10:46:35.627969-05	80	Ramiro	1	new through import_export	18	1
109	2024-07-20 10:46:35.630967-05	81	Kevin Alberto	1	new through import_export	18	1
110	2024-07-20 10:46:35.633965-05	82	Sergio	1	new through import_export	18	1
111	2024-07-20 10:46:35.640402-05	83	Nelson	1	new through import_export	18	1
112	2024-07-20 10:46:35.640402-05	84	Maria Liliana	1	new through import_export	18	1
113	2024-07-20 10:46:35.640402-05	85	Mario	1	new through import_export	18	1
114	2024-07-20 10:46:35.640402-05	86	Edilia	1	new through import_export	18	1
115	2024-07-20 10:46:35.656029-05	87	Edit	1	new through import_export	18	1
116	2024-07-20 10:46:35.665126-05	88	Nolberto	1	new through import_export	18	1
117	2024-07-20 10:46:35.667126-05	89	Erasmo	1	new through import_export	18	1
118	2024-07-20 10:46:35.670122-05	90	Carmen	1	new through import_export	18	1
119	2024-07-20 10:46:35.673686-05	91	Rogel	1	new through import_export	18	1
120	2024-07-20 10:46:35.676684-05	92	Dario	1	new through import_export	18	1
121	2024-07-20 10:46:35.678682-05	93	Elias	1	new through import_export	18	1
122	2024-07-20 10:46:35.68168-05	94	Libardo 	1	new through import_export	18	1
123	2024-07-20 10:46:35.684678-05	95	Emilse	1	new through import_export	18	1
124	2024-07-20 10:46:35.686679-05	96	Faber	1	new through import_export	18	1
125	2024-07-20 10:46:35.690702-05	97	Silvio	1	new through import_export	18	1
126	2024-07-20 10:46:35.690702-05	98	Mauricio	1	new through import_export	18	1
127	2024-07-20 10:46:35.690702-05	99	Alvaro	1	new through import_export	18	1
128	2024-07-20 10:46:35.690702-05	100	Gonzalo	1	new through import_export	18	1
129	2024-07-20 10:46:35.690702-05	101	Rosalba	1	new through import_export	18	1
130	2024-07-20 10:46:35.717482-05	102	Luis Eduardo	1	new through import_export	18	1
131	2024-07-20 10:46:35.720481-05	103	Ivan	1	new through import_export	18	1
132	2024-07-20 10:46:35.723479-05	104	Edilia	1	new through import_export	18	1
133	2024-07-20 10:46:35.726477-05	105	Augusto	1	new through import_export	18	1
134	2024-07-20 10:46:35.728476-05	106	Luis Alberto	1	new through import_export	18	1
135	2024-07-20 10:46:35.731473-05	107	Luz Enit	1	new through import_export	18	1
136	2024-07-20 10:46:35.733477-05	108	Evelio	1	new through import_export	18	1
137	2024-07-20 10:46:35.736471-05	109	Ivaner	1	new through import_export	18	1
138	2024-07-20 10:46:35.738826-05	110	Napoleon	1	new through import_export	18	1
139	2024-07-20 10:46:35.738826-05	111	Salomon	1	new through import_export	18	1
140	2024-07-20 10:46:35.738826-05	112	Oscar	1	new through import_export	18	1
141	2024-07-20 10:46:35.738826-05	113	Adriana	1	new through import_export	18	1
142	2024-07-20 10:46:35.738826-05	114	Juan Angel	1	new through import_export	18	1
143	2024-07-20 10:46:35.754452-05	115	James	1	new through import_export	18	1
144	2024-07-20 10:46:35.757529-05	116	Manuel	1	new through import_export	18	1
145	2024-07-20 10:46:35.757529-05	117	Jose Luis	1	new through import_export	18	1
146	2024-07-20 10:46:35.757529-05	118	Jorge Alonso	1	new through import_export	18	1
147	2024-07-20 10:46:35.757529-05	119	Alirio	1	new through import_export	18	1
148	2024-07-20 10:46:35.757529-05	120	Alejandro 	1	new through import_export	18	1
149	2024-07-20 10:46:35.757529-05	121	Heriberto 	1	new through import_export	18	1
150	2024-07-20 10:46:35.774354-05	122	Jorge	1	new through import_export	18	1
151	2024-07-20 10:46:35.776353-05	123	Nely	1	new through import_export	18	1
152	2024-07-20 10:46:35.779351-05	124	Alberto	1	new through import_export	18	1
153	2024-07-20 10:46:35.782349-05	125	Oscar	1	new through import_export	18	1
154	2024-07-20 10:46:35.784348-05	126	Erminia	1	new through import_export	18	1
155	2024-07-20 10:46:35.787346-05	127	Wilmar	1	new through import_export	18	1
156	2024-07-20 10:46:35.790478-05	128	Fernando	1	new through import_export	18	1
157	2024-07-20 10:46:35.792475-05	129	Irma	1	new through import_export	18	1
158	2024-07-20 10:46:35.795473-05	130	Abelardo 	1	new through import_export	18	1
159	2024-07-20 10:46:35.797471-05	131	Eliecer	1	new through import_export	18	1
160	2024-07-20 10:46:35.815634-05	132	Fabio	1	new through import_export	18	1
161	2024-07-20 10:46:35.818627-05	133	Diana Lucia	1	new through import_export	18	1
162	2024-07-20 10:46:35.820625-05	134	Hernando	1	new through import_export	18	1
163	2024-07-20 10:46:35.824433-05	135	Omar	1	new through import_export	18	1
164	2024-07-20 10:46:35.824433-05	136	Obernez	1	new through import_export	18	1
165	2024-07-20 10:46:35.824433-05	137	Gustavo 	1	new through import_export	18	1
166	2024-07-20 10:46:35.824433-05	138	Claudia 	1	new through import_export	18	1
167	2024-07-20 10:46:35.824433-05	139	Angel	1	new through import_export	18	1
168	2024-07-20 10:46:35.824433-05	140	Carlos	1	new through import_export	18	1
169	2024-07-20 10:46:35.840058-05	141	Manuel Salvador	1	new through import_export	18	1
170	2024-07-20 10:46:35.840058-05	142	Marta	1	new through import_export	18	1
171	2024-07-20 10:46:35.844978-05	143	Jesus	1	new through import_export	18	1
172	2024-07-20 10:46:35.846976-05	144	Miguel Angel	1	new through import_export	18	1
173	2024-07-20 10:46:35.849974-05	145	Luzdary	1	new through import_export	18	1
174	2024-07-20 10:46:35.851972-05	146	Maria	1	new through import_export	18	1
175	2024-07-20 10:46:35.853971-05	147	Juan Carlos	1	new through import_export	18	1
176	2024-07-20 10:46:35.856334-05	148	Andres	1	new through import_export	18	1
177	2024-07-20 10:46:35.858336-05	149	Gonzalo	1	new through import_export	18	1
178	2024-07-20 10:46:35.861333-05	150	Elvia	1	new through import_export	18	1
179	2024-07-20 10:46:35.863332-05	151	Orlando	1	new through import_export	18	1
180	2024-07-20 10:46:35.865331-05	152	Cenaida	1	new through import_export	18	1
181	2024-07-20 10:46:35.867329-05	153	Manuel 	1	new through import_export	18	1
182	2024-07-20 10:46:35.870327-05	154	Nelson	1	new through import_export	18	1
183	2024-07-20 10:46:35.872418-05	155	Aracely	1	new through import_export	18	1
184	2024-07-20 10:46:35.872418-05	156	Gerardo 	1	new through import_export	18	1
185	2024-07-20 10:46:35.872418-05	157	Dario	1	new through import_export	18	1
186	2024-07-20 10:46:35.872418-05	158	Lilia	1	new through import_export	18	1
187	2024-07-20 10:46:35.872418-05	159	Fernando	1	new through import_export	18	1
188	2024-07-20 10:46:35.891227-05	160	Juan David	1	new through import_export	18	1
189	2024-07-20 10:46:35.891227-05	161	Raul 	1	new through import_export	18	1
190	2024-07-20 10:46:35.891227-05	162	Lilia 	1	new through import_export	18	1
191	2024-07-20 10:46:35.891227-05	163	Danober	1	new through import_export	18	1
192	2024-07-20 10:46:35.891227-05	164	Aldemar	1	new through import_export	18	1
193	2024-07-20 10:46:35.906994-05	165	Luis Angel	1	new through import_export	18	1
194	2024-07-20 10:46:35.909991-05	166	Alirio	1	new through import_export	18	1
195	2024-07-20 10:46:35.912993-05	167	Doly 	1	new through import_export	18	1
196	2024-07-20 10:46:35.914988-05	168	Lucila	1	new through import_export	18	1
197	2024-07-20 10:46:35.917987-05	169	Carlos	1	new through import_export	18	1
198	2024-07-20 10:46:35.919985-05	170	Miguel Angel	1	new through import_export	18	1
199	2024-07-20 10:46:35.923389-05	171	Jose 	1	new through import_export	18	1
200	2024-07-20 10:46:35.925389-05	172	Albeiro	1	new through import_export	18	1
201	2024-07-20 10:46:35.927388-05	173	Diogenes	1	new through import_export	18	1
202	2024-07-20 10:46:35.930386-05	174	Daniel	1	new through import_export	18	1
203	2024-07-20 10:46:35.932384-05	175	Marta Lucia	1	new through import_export	18	1
204	2024-07-20 10:46:35.934384-05	176	Albeiro	1	new through import_export	18	1
205	2024-07-20 10:46:35.937382-05	177	Fredy Jhovany	1	new through import_export	18	1
206	2024-07-20 10:46:35.939253-05	178	Juan Manuel	1	new through import_export	18	1
207	2024-07-20 10:46:35.939253-05	179	Gustavo 	1	new through import_export	18	1
208	2024-07-20 10:46:35.939253-05	180	Javier Alexander	1	new through import_export	18	1
209	2024-07-20 11:06:29.229333-05	16	Hector	2	[{"changed": {"fields": ["Modo de facturaci\\u00f3n para el suscriptor"]}}]	18	1
210	2024-07-20 14:02:56.511807-05	2	Factura 2 - Carlos Emilio - Sanchez	3		27	1
211	2024-07-20 14:02:56.514982-05	1	Factura 1 - Carlos Emilio - Sanchez	3		27	1
212	2024-03-08 15:20:02.376103-05	6	Factura 6 - Jose Ignacio - Chavez	3		27	1
213	2024-07-20 20:39:24.702543-05	297	Factura 297 - Lilia - Bedoya	3		27	1
214	2024-07-20 20:39:24.712158-05	296	Factura 296 - Lilia - Bedoya	3		27	1
215	2024-07-20 20:39:24.714434-05	295	Factura 295 - Lilia - Bedoya	3		27	1
216	2024-07-20 20:39:24.716437-05	294	Factura 294 - Lilia - Bedoya	3		27	1
217	2024-11-05 16:06:46.929267-05	572	Factura 572 - Alejandro - Zapata Cañaveral (Centro Salud)	2	[{"changed": {"fields": ["Monto Total"]}}]	27	1
218	2024-11-05 16:06:47.029905-05	572	Factura 572 - Alejandro - Zapata Cañaveral (Centro Salud)	2	[{"changed": {"fields": ["Estado de Pago"]}}]	27	1
219	2024-11-05 16:07:27.574213-05	572	Factura 572 - Alejandro - Zapata Cañaveral (Centro Salud)	2	[{"changed": {"fields": ["Estado de Pago"]}}]	27	1
220	2024-11-05 16:07:52.182207-05	572	Factura 572 - Alejandro - Zapata Cañaveral (Centro Salud)	2	[{"changed": {"fields": ["Estado de Pago"]}}]	27	1
250	2024-11-20 00:24:39.210438-05	1	CRM ADMIN 360	2	[{"changed": {"name": "block position", "object": "Registro de Compras y Control de Inventario:", "fields": ["Imagen Lateral del Bloque"]}}]	10	1
251	2024-11-20 00:25:54.220181-05	1	ASOBOTAPA	2	[{"changed": {"fields": ["Descripci\\u00f3n del Bloque Quienes Somos"]}}]	9	1
252	2024-11-23 13:15:12.69081-05	1	ASOBOTAPA	2	[{"changed": {"name": "Proyecto", "object": "Adquisisi\\u00f3n de valvulas reguladoras de presi\\u00f3n", "fields": ["Imagen del proyecto"]}}]	9	1
253	2024-11-23 14:36:53.687729-05	1	ASOBOTAPA	2	[{"added": {"name": "Proyecto", "object": "Pintura y mantenimiento techo de tanque abastecimiento"}}, {"changed": {"name": "Proyecto", "object": "Cambio tuber\\u00eda en tramos da\\u00f1ados", "fields": ["T\\u00edtulo del proyecto"]}}]	9	1
254	2024-11-23 14:40:23.029468-05	1	ASOBOTAPA	2	[{"changed": {"name": "Proyecto", "object": "Adquisisi\\u00f3n de valvulas reguladoras de presi\\u00f3n", "fields": ["Pdf file"]}}, {"changed": {"name": "Proyecto", "object": "Cambio tuber\\u00eda en tramos da\\u00f1ados", "fields": ["Pdf file"]}}]	9	1
255	2024-12-26 23:16:08.342058-05	34	beatriz	2	[{"changed": {"fields": ["password"]}}]	4	1
\.


--
-- TOC entry 5190 (class 0 OID 76157)
-- Dependencies: 245
-- Data for Name: django_content_type; Type: TABLE DATA; Schema: public; Owner: postgres
--

COPY public.django_content_type (id, app_label, model) FROM stdin;
1	admin	logentry
2	auth	permission
3	auth	group
4	auth	user
5	contenttypes	contenttype
6	sessions	session
7	common	blockposition
8	common	company
9	common	homepage
10	common	prehome
11	common	projects
12	common	blockfeatures
13	common	userprofile
14	common	reports
15	users	actions
16	users	costactions
17	users	sector
18	users	suscriber
19	inventory	category
20	inventory	product
21	inventory	ordenservicio
22	inventory	inventory
23	inventory	provider
24	inventory	shopping
25	inventory	shoppingdetail
26	payments	cashbalance
27	payments	invoice
28	payments	payment
29	payments	paymentitem
30	payments	periodmounth
\.


--
-- TOC entry 5192 (class 0 OID 76161)
-- Dependencies: 247
-- Data for Name: django_migrations; Type: TABLE DATA; Schema: public; Owner: postgres
--

COPY public.django_migrations (id, app, name, applied) FROM stdin;
1	contenttypes	0001_initial	2024-07-19 19:35:42.037149-05
2	auth	0001_initial	2024-07-19 19:35:42.222688-05
3	admin	0001_initial	2024-07-19 19:35:42.295247-05
4	admin	0002_logentry_remove_auto_add	2024-07-19 19:35:42.322242-05
5	admin	0003_logentry_add_action_flag_choices	2024-07-19 19:35:42.364759-05
6	contenttypes	0002_remove_content_type_name	2024-07-19 19:35:42.424025-05
7	auth	0002_alter_permission_name_max_length	2024-07-19 19:35:42.447322-05
8	auth	0003_alter_user_email_max_length	2024-07-19 19:35:42.462956-05
9	auth	0004_alter_user_username_opts	2024-07-19 19:35:42.481945-05
10	auth	0005_alter_user_last_login_null	2024-07-19 19:35:42.511293-05
11	auth	0006_require_contenttypes_0002	2024-07-19 19:35:42.513292-05
12	auth	0007_alter_validators_add_error_messages	2024-07-19 19:35:42.53318-05
13	auth	0008_alter_user_username_max_length	2024-07-19 19:35:42.577-05
14	auth	0009_alter_user_last_name_max_length	2024-07-19 19:35:42.59774-05
15	auth	0010_alter_group_name_max_length	2024-07-19 19:35:42.618727-05
16	auth	0011_update_proxy_permissions	2024-07-19 19:35:42.645706-05
17	auth	0012_alter_user_first_name_max_length	2024-07-19 19:35:42.673688-05
18	common	0001_initial	2024-07-19 19:35:42.818631-05
19	common	0002_remove_homepage_content_block_and_more	2024-07-19 19:35:42.895994-05
20	common	0003_alter_blockposition_position_image_and_more	2024-07-19 19:35:42.936598-05
21	common	0004_alter_company_logo_company_userprofile	2024-07-19 19:35:43.000782-05
22	common	0005_alter_company_options_alter_homepage_options_and_more	2024-07-19 19:35:43.031627-05
23	common	0006_projects_created_date_projects_modified_date_and_more	2024-07-19 19:35:43.136939-05
24	common	0007_remove_reports_company	2024-07-19 19:35:43.178723-05
25	common	0008_alter_projects_options_alter_reports_options_and_more	2024-07-19 19:35:43.283708-05
26	common	0009_alter_projects_pdf_file_alter_reports_pdf_file	2024-07-19 19:35:43.322684-05
27	users	0001_initial	2024-07-19 19:35:43.568101-05
28	inventory	0001_initial	2024-07-19 19:35:44.081346-05
29	payments	0001_initial	2024-07-19 19:35:44.544758-05
30	sessions	0001_initial	2024-07-19 19:35:44.583484-05
31	users	0002_alter_actions_options_alter_costactions_options	2024-07-19 19:49:14.929737-05
32	common	0010_alter_company_logo_company	2024-03-08 16:10:37.413886-05
33	users	0003_alter_suscriber_last_payment_date	2024-03-08 16:10:37.482665-05
\.


--
-- TOC entry 5194 (class 0 OID 76167)
-- Dependencies: 249
-- Data for Name: django_session; Type: TABLE DATA; Schema: public; Owner: postgres
--

COPY public.django_session (session_key, session_data, expire_date) FROM stdin;
uqx0ovgkhs35j9mnwe1tkfg35sbt5grz	.eJxVjMsOwiAQRf-FtSF0hgJ16d5vIMNjpGogKe3K-O_apAvd3nPOfQlP21r81vPi5yTOArU4_Y6B4iPXnaQ71VuTsdV1mYPcFXnQLq8t5eflcP8OCvXyrR1BtIqZXQLWPFoi0Kyt0UENxBljUNlMmJFHBANOISCnFAelA8Ak3h8fxDgq:1sVBMa:OSo6qyMYz7vaxpV9iA77kGg2FSqE9BebikK8OLE_yDQ	2024-08-03 09:47:08.817518-05
ebyxf5s8lxiv8z7vtdzz3u48h8izv8nu	.eJxVjMsOwiAQRf-FtSHAyMul-34DAWaQqoGktCvjv2uTLnR7zzn3xULc1hq2QUuYkV2YZKffLcX8oLYDvMd26zz3ti5z4rvCDzr41JGe18P9O6hx1G9NIKIyBgUmp8mdVVE-IRgBwsss0FooRklNEtAZ65xORVtwQF4boZG9P8boNsI:1sVBfx:5JKK_JHjkb3DcnJRxP8wNtON396LJ4XWxneB_myzVpg	2024-08-03 10:07:09.486739-05
j8p4gy7lmrpvh1ypo7zn9e9ttn4jbxx2	.eJxVjMsOwiAQRf-FtSHAyMul-34DAWaQqoGktCvjv2uTLnR7zzn3xULc1hq2QUuYkV2YZKffLcX8oLYDvMd26zz3ti5z4rvCDzr41JGe18P9O6hx1G9NIKIyBgUmp8mdVVE-IRgBwsss0FooRklNEtAZ65xORVtwQF4boZG9P8boNsI:1sVLSe:4flQWcjLFatf7PXXflALsdD8IzBBFqWjcLyMRkQvWp8	2024-08-03 20:34:04.103615-05
jm32tuowy81smprn3zdm9svo9i97a7x9	.eJxVjMsOwiAQRf-FtSF0hgJ16d5vIMNjpGogKe3K-O_apAvd3nPOfQlP21r81vPi5yTOArU4_Y6B4iPXnaQ71VuTsdV1mYPcFXnQLq8t5eflcP8OCvXyrR1BtIqZXQLWPFoi0Kyt0UENxBljUNlMmJFHBANOISCnFAelA8Ak3h8fxDgq:1sm0fp:7WNRd2QtrKFpVhiIeR6CdnLpXZiLTIe5V0okMibWTas	2024-09-18 19:48:33.387965-05
l825ou2m5gr6gm2x061rck9nklqa2vm2	.eJxVjMsOwiAQRf-FtSF0hgJ16d5vIMNjpGogKe3K-O_apAvd3nPOfQlP21r81vPi5yTOArU4_Y6B4iPXnaQ71VuTsdV1mYPcFXnQLq8t5eflcP8OCvXyrR1BtIqZXQLWPFoi0Kyt0UENxBljUNlMmJFHBANOISCnFAelA8Ak3h8fxDgq:1smMHh:4kCXqTFz9954tLW0zxolYxB36XOhhnIDaHZiT0YsFY4	2024-09-19 18:53:05.237181-05
q1ujvjyky1t01ihiw1v6e8kauu3m6n9a	.eJxVjMsOwiAQRf-FtSF0hgJ16d5vIMNjpGogKe3K-O_apAvd3nPOfQlP21r81vPi5yTOArU4_Y6B4iPXnaQ71VuTsdV1mYPcFXnQLq8t5eflcP8OCvXyrR1BtIqZXQLWPFoi0Kyt0UENxBljUNlMmJFHBANOISCnFAelA8Ak3h8fxDgq:1smItm:Gikj0wczBC_Dwouk6mZ2ApxNvSyGe9S94QWWxnglLCU	2024-09-19 15:16:10.907701-05
7eo7k6zow9mzx3sqb6w71euw05zw6sxj	.eJxVjMsOwiAQRf-FtSHAyMul-34DAWaQqoGktCvjv2uTLnR7zzn3xULc1hq2QUuYkV2YZKffLcX8oLYDvMd26zz3ti5z4rvCDzr41JGe18P9O6hx1G9NIKIyBgUmp8mdVVE-IRgBwsss0FooRklNEtAZ65xORVtwQF4boZG9P8boNsI:1t8QDB:qjiSrZ1rp2tzdU8hcIvRwgUOPytrFxHOTERONIrlonA	2024-11-19 15:31:37.518031-05
kxovfstqc0o6zyb1qhf86lt0eata2oh5	e30:1t8QJn:cWQvmxv-4EYDlE7JL_wBwjhCrftqH9Ol6lhsDt8QaJQ	2024-11-19 15:38:27.808247-05
912r76guvmmbxkejv8ukjea0ixscflcg	e30:1t8QK2:2hg4VFRVBNIcEFHbGxemmnNnzD0K0msylU0AfMELQoY	2024-11-19 15:38:42.569541-05
twyoj840r4hb7ez6ta2fbgt4yfmsehbd	e30:1t8QKP:GGv4ru9Zv9aKUTXgLLoMUwXoeGSByWyriNGsP2xEf_o	2024-11-19 15:39:05.39619-05
mwtrm33mlzdu7paqjm435kdn96oxu2qs	.eJxVjMsOwiAQRf-FtSF0hgJ16d5vIMNjpGogKe3K-O_apAvd3nPOfQlP21r81vPi5yTOArU4_Y6B4iPXnaQ71VuTsdV1mYPcFXnQLq8t5eflcP8OCvXyrR1BtIqZXQLWPFoi0Kyt0UENxBljUNlMmJFHBANOISCnFAelA8Ak3h8fxDgq:1tDaZl:Fjx7irCt6W_mK-BW9s0UNEkWhUGjzicaTp6ftE12ER8	2024-12-03 21:36:17.911635-05
po9i8xf77acfypuaiy63fjiseqm4nfd5	e30:1tDd6H:wBCrIUyXEH_Q6757Y4gysgSL0gXhcLnOWn33T_IqNm8	2024-12-04 00:18:01.496538-05
9hcsojd9t7t0d1ol8ybr00mb3jqr9o3e	.eJxVjEEOwiAQRe_C2hCmBAZcuvcMZBgmUjWQlHZlvLs26UK3_733XyrRtta0DVnSXNRZgTr9bpn4IW0H5U7t1jX3ti5z1ruiDzr0tRd5Xg7376DSqN8aA_niHUcJxK4UCJktGQyOPLjJOEB27LOZovWYjSETBSELIAWyrN4f3g83lA:1tEubo:2mDZdHl9Z8EfeDjavrtcKr4PtkcVY4kJPpwKXjgCyps	2024-12-07 13:11:52.12529-05
t6p7toaji1sukhh64lv91j57e03zlh5s	.eJxVjMsOwiAURP-FtSG8KS7d9xsIXLhSNZCUdmX8d2nShWZ2c87Mm_iwb8XvPa9-SeRKpCKX3zIGeOZ6kPQI9d4otLqtS6SHQk_a6dxSft1O9--ghF7GGqOz3LKo3QhnHBVDCVoBk0YbE6LgSZvJJZQOrEQAroet8ySQCZXJ5wvk5TdL:1tRZmq:vVYHbJlxx1bH26ytUS_-0_MH3aWC5iUyujUszIsjy2c	2025-01-11 11:35:36.169399-05
xbk91sve3h4j8ggqe06xcxj7p24gaesy	.eJxVjMsOwiAURP-FtSG8KS7d9xsIXLhSNZCUdmX8d2nShWZ2c87Mm_iwb8XvPa9-SeRKpCKX3zIGeOZ6kPQI9d4otLqtS6SHQk_a6dxSft1O9--ghF7GGqOz3LKo3QhnHBVDCVoBk0YbE6LgSZvJJZQOrEQAroet8ySQCZXJ5wvk5TdL:1tTSKP:PlrcrN69wjLRElqbaG1-OkXQdGNG9qMT_xgm5o8qOTI	2025-01-16 16:02:01.418728-05
\.


--
-- TOC entry 5195 (class 0 OID 76172)
-- Dependencies: 250
-- Data for Name: inventory_category; Type: TABLE DATA; Schema: public; Owner: postgres
--

COPY public.inventory_category (id, created_date, modified_date, user_modified, name, description, company_id) FROM stdin;
2	2024-11-23 13:33:15.298635-05	2024-11-23 13:33:15.289591-05	beatriz	Tubería PVC	\N	1
3	2025-01-02 16:06:11.070571-05	2025-01-02 16:06:11.060018-05	beatriz	Papelería	Papelería	1
4	2025-01-02 16:06:29.51701-05	2025-01-02 16:06:29.507358-05	beatriz	Equipos de Computo y Tecnología	Equipos de Computo y Tecnología	1
5	2025-01-02 22:36:31.466499-05	2025-01-02 22:36:31.456357-05	beatriz	Prestación de servicios	Prestación de servicios	1
6	2025-01-05 20:53:58.14269-05	2025-01-05 20:53:58.133922-05	beatriz	Documentos legales	Documentos legales	1
\.


--
-- TOC entry 5197 (class 0 OID 76176)
-- Dependencies: 252
-- Data for Name: inventory_inventory; Type: TABLE DATA; Schema: public; Owner: postgres
--

COPY public.inventory_inventory (id, created_date, modified_date, user_modified, name, current_existence, company_id, product_id) FROM stdin;
3	2025-01-05 21:19:11.691598-05	2025-01-05 21:19:11.691601-05	\N	Inventario Unión PVC 1 05-01-2025	10	1	13
6	2025-01-05 21:30:18.719734-05	2025-01-05 21:30:18.71974-05	\N	Inventario Construcción de techo 05-01-2025	1	1	32
7	2025-01-05 21:33:18.033292-05	2025-01-05 21:33:18.033296-05	\N	Inventario Registros de actas 05-01-2025	1	1	25
9	2025-01-05 21:38:53.604593-05	2025-01-05 21:38:53.604597-05	\N	Inventario Codo 2" 05-01-2025	3	1	26
11	2025-01-05 21:39:41.177938-05	2025-01-05 21:39:41.177941-05	\N	Inventario Llave 1" 05-01-2025	1	1	27
12	2025-01-05 21:40:29.07547-05	2025-01-05 21:40:29.075474-05	\N	Inventario Lona verde 05-01-2025	21	1	28
13	2025-01-05 21:42:54.063123-05	2025-01-05 21:42:54.063127-05	\N	Inventario Unión presión 1 1/4 05-01-2025	10	1	29
14	2025-01-05 21:44:16.972731-05	2025-01-05 21:44:16.972736-05	\N	Inventario Flotador tanque 05-01-2025	1	1	30
8	2025-01-05 21:37:12.573728-05	2025-01-05 21:37:12.573732-05	\N	Inventario Pago de día laboral al Presidente 05-01-2025	2	1	31
5	2025-01-05 21:26:26.385521-05	2025-01-05 21:26:26.385526-05	\N	Inventario Servicio de fontanería 05-01-2025	5	1	9
4	2025-01-05 21:24:26.459954-05	2025-01-05 21:24:26.459959-05	\N	Inventario Carpetas, lapices, lapiceros, borradores, banderitas, sacapuntas papel bond y marcadores 05-01-2025	4	1	15
17	2025-01-05 21:55:24.384376-05	2025-01-05 21:55:24.38438-05	\N	Inventario Tubo PVC 05-01-2025	1	1	6
18	2025-01-05 21:57:02.522432-05	2025-01-05 21:57:02.522436-05	\N	Inventario Otros 05-01-2025	2	1	14
2	2025-01-05 21:18:44.83847-05	2025-01-05 21:18:44.838477-05	\N	Inventario Unión PVC 1/2 05-01-2025	41	1	8
19	2025-01-05 22:01:44.539933-05	2025-01-05 22:01:44.539936-05	\N	Inventario Codo presión 1/2 05-01-2025	20	1	16
20	2025-01-05 22:02:30.855081-05	2025-01-05 22:02:30.855086-05	\N	Inventario Adaptador macho 1/2 05-01-2025	15	1	17
21	2025-01-05 22:03:23.291995-05	2025-01-05 22:03:23.291999-05	\N	Inventario Tapón presión liso 1/2 05-01-2025	15	1	18
22	2025-01-05 22:04:01.136679-05	2025-01-05 22:04:01.136683-05	\N	Inventario Tubo presión 2 05-01-2025	18	1	19
1	2024-11-18 12:05:38.197103-05	2024-11-18 12:05:38.198103-05	\N	Inventario product test 18-11-2024	27	1	1
23	2025-01-05 22:06:09.467471-05	2025-01-05 22:06:09.467477-05	\N	Inventario Tubo 1" 05-01-2025	24	1	2
24	2025-01-05 22:06:40.556874-05	2025-01-05 22:06:40.556879-05	\N	Inventario Tubo 1/2" 05-01-2025	18	1	3
10	2025-01-05 21:39:25.924449-05	2025-01-05 21:39:25.924453-05	\N	Inventario Soldadura 05-01-2025	3	1	20
16	2025-01-05 21:45:36.711788-05	2025-01-05 21:45:36.711791-05	\N	Inventario Limpiador 05-01-2025	2	1	21
25	2025-01-05 22:09:23.299703-05	2025-01-05 22:09:23.299707-05	\N	Inventario Marco segueta fijo 05-01-2025	1	1	22
15	2025-01-05 21:45:24.779706-05	2025-01-05 21:45:24.779711-05	\N	Inventario Teflón 7 metros 05-01-2025	3	1	23
26	2025-01-05 22:11:49.435011-05	2025-01-05 22:11:49.435015-05	\N	Inventario Renovación Cámara de Comercio 05-01-2025	1	1	24
\.


--
-- TOC entry 5199 (class 0 OID 76180)
-- Dependencies: 254
-- Data for Name: inventory_ordenservicio; Type: TABLE DATA; Schema: public; Owner: postgres
--

COPY public.inventory_ordenservicio (id, created_date, modified_date, user_modified, name, comentary_service, type_service, close_date, status_orders_service, company_id, suscriber_asociate_id) FROM stdin;
\.


--
-- TOC entry 5201 (class 0 OID 76186)
-- Dependencies: 256
-- Data for Name: inventory_ordenservicio_product_used; Type: TABLE DATA; Schema: public; Owner: postgres
--

COPY public.inventory_ordenservicio_product_used (id, ordenservicio_id, product_id) FROM stdin;
\.


--
-- TOC entry 5203 (class 0 OID 76190)
-- Dependencies: 258
-- Data for Name: inventory_product; Type: TABLE DATA; Schema: public; Owner: postgres
--

COPY public.inventory_product (id, created_date, modified_date, user_modified, name, description, category_id, company_id) FROM stdin;
1	2024-11-18 12:01:25.945705-05	2024-11-23 13:35:52.868459-05	beatriz	Tubo 1 1/4"	Tubo 1 1/4"	2	1
2	2024-11-23 13:39:42.231221-05	2024-11-23 13:39:42.218631-05	beatriz	Tubo 1"	Tubo 1"	2	1
3	2024-11-23 13:39:59.422892-05	2024-11-23 13:39:59.409574-05	beatriz	Tubo 1/2"	Tubo 1/2"	2	1
4	2024-11-23 13:40:25.316922-05	2024-11-23 13:40:25.305104-05	beatriz	Tubo 3/4"	Tubo 3/4"	2	1
5	2025-01-02 16:07:48.051369-05	2025-01-02 16:07:48.038771-05	beatriz	PC portatil HP	\N	4	1
6	2025-01-02 22:12:10.020329-05	2025-01-02 22:12:10.008112-05	beatriz	Tubo PVC	Tubería pvc	2	1
8	2025-01-05 20:02:05.652165-05	2025-01-05 20:02:05.630266-05	beatriz	Unión PVC 1/2	Ferreteria	2	1
9	2025-01-05 20:38:29.057596-05	2025-01-05 20:38:29.044352-05	beatriz	Servicio de fontanería	Prestación de servicios	5	1
10	2025-01-05 20:40:19.12737-05	2025-01-05 20:40:19.112485-05	beatriz	Resma de papel	Papelería	3	1
11	2025-01-05 20:42:06.136289-05	2025-01-05 20:42:06.123585-05	beatriz	Impresora	Equipos de Computo y Tecnología	4	1
12	2025-01-05 20:43:35.519122-05	2025-01-05 20:43:35.506871-05	beatriz	Otros	Tubería pvc 2	2	1
13	2025-01-05 20:44:16.34945-05	2025-01-05 20:44:16.336948-05	beatriz	Unión PVC 1	Uniones	2	1
14	2025-01-05 20:44:57.310547-05	2025-01-05 20:44:57.29811-05	beatriz	Otros	Elementos sin identificar en factura	2	1
16	2025-01-05 20:48:51.499236-05	2025-01-05 20:48:51.488665-05	beatriz	Codo presión 1/2	Codos	2	1
17	2025-01-05 20:49:06.052703-05	2025-01-05 20:49:06.033449-05	beatriz	Adaptador macho 1/2	Adaptadores	2	1
18	2025-01-05 20:49:29.011242-05	2025-01-05 20:49:28.998479-05	beatriz	Tapón presión liso 1/2	Tapones	2	1
19	2025-01-05 20:49:55.248671-05	2025-01-05 20:49:55.236652-05	beatriz	Tubo presión 2	Tubos	2	1
22	2025-01-05 20:52:57.019889-05	2025-01-05 20:52:57.008752-05	beatriz	Marco segueta fijo	Ferreteria 2	2	1
23	2025-01-05 20:53:15.325357-05	2025-01-05 20:53:15.31317-05	beatriz	Teflón 7 metros	Teflones	2	1
24	2025-01-05 20:55:02.256706-05	2025-01-05 20:55:02.241403-05	beatriz	Renovación Cámara de Comercio	Obligación legal	6	1
15	2025-01-05 20:47:16.538977-05	2025-01-05 20:56:38.716781-05	beatriz	Carpetas, lapices, lapiceros, borradores, banderitas, sacapuntas papel bond y marcadores	Elementos de oficina	3	1
25	2025-01-05 21:07:27.916632-05	2025-01-05 21:07:27.903452-05	beatriz	Registros de actas	Actas	6	1
26	2025-01-05 21:07:53.964449-05	2025-01-05 21:07:53.952383-05	beatriz	Codo 2"	Codos 2	2	1
27	2025-01-05 21:08:52.617115-05	2025-01-05 21:08:52.605107-05	beatriz	Llave 1"	Llaves	2	1
28	2025-01-05 21:09:19.759137-05	2025-01-05 21:09:19.747384-05	beatriz	Lona verde	Lona	2	1
29	2025-01-05 21:10:40.4252-05	2025-01-05 21:10:40.412279-05	beatriz	Unión presión 1 1/4	Uniones 3	2	1
30	2025-01-05 21:11:18.834427-05	2025-01-05 21:11:18.818964-05	beatriz	Flotador tanque	Flotadores	2	1
31	2025-01-05 21:12:32.292594-05	2025-01-05 21:14:36.677626-05	beatriz	Pago de día laboral al Presidente	Pagos	5	1
20	2025-01-05 20:50:26.424576-05	2025-01-05 21:14:56.714546-05	beatriz	Soldadura	Soldadura	2	1
21	2025-01-05 20:52:25.470822-05	2025-01-05 21:15:06.208465-05	beatriz	Limpiador	Limpiadores	2	1
32	2025-01-05 21:27:22.664529-05	2025-01-05 21:27:22.653913-05	beatriz	Construcción de techo	Construcciones	5	1
33	2025-01-05 21:27:51.887736-05	2025-01-05 21:27:51.876111-05	beatriz	Servicio de pintura de tapa tanque	Pintura tapa tanque	5	1
\.


--
-- TOC entry 5205 (class 0 OID 76196)
-- Dependencies: 260
-- Data for Name: inventory_provider; Type: TABLE DATA; Schema: public; Owner: postgres
--

COPY public.inventory_provider (id, created_date, modified_date, user_modified, name, description, address, contact, telephone, email, company_id) FROM stdin;
1	2024-07-20 09:56:11.802046-05	2025-01-02 16:05:42.346449-05	beatriz	Ferreteria FRANCO	Ferreteria	Viterbo	usuario	\N	\N	1
2	2025-01-02 22:19:41.490113-05	2025-01-02 22:19:41.481466-05	beatriz	CEDI FERREINDUSTRIAL EL CEDRO S.A.S	Ferreteria	Cra 12 1-01	Viterbo	3104692688	elcedroviterbo@hotmail.com	1
3	2025-01-02 22:22:00.905432-05	2025-01-02 22:22:00.896723-05	beatriz	CAMARA DE COMERCIO DE MANIZALES	Documentos legales	Anserma Caldas	Manizales	\N	\N	1
4	2025-01-02 22:24:05.714851-05	2025-01-02 22:24:05.700122-05	beatriz	ALMACEN FERRETERO Y AGRO LA COLMENA	Ferreteria	Risaralda Caldas	Risaralda	3218149351	\N	1
5	2025-01-02 22:25:07.737116-05	2025-01-02 22:25:07.725458-05	beatriz	VARIEDADES LA SÉPTIMA	Papelería	Viterbo Caldas	Viterbo	\N	\N	1
6	2025-01-02 22:26:48.622802-05	2025-01-02 22:26:48.613012-05	beatriz	EL ANTIOQUIA	Papelería	Anserma Caldas	Anserma	3117591896	\N	1
7	2025-01-02 22:27:39.839343-05	2025-01-02 22:27:39.831004-05	beatriz	LA HERRADURA	Ferreteria	Viterbo Caldas	Viterbo	3226382609	\N	1
8	2025-01-02 22:28:50.586476-05	2025-01-02 22:28:50.576517-05	beatriz	FERREINSUMOS ANSERMA	Ferreteria	Anserma Caldas	Anserma	\N	\N	1
9	2025-01-02 22:29:34.531467-05	2025-01-02 22:29:34.522286-05	beatriz	MOVICENTRO	Papelería	Anserma Caldas	Anserma	\N	\N	1
10	2025-01-02 22:30:25.600164-05	2025-01-02 22:30:25.591644-05	beatriz	BT S.A.S. ZOMAC	Ferreteria	Anserma Caldas	Anserma	3147420580	\N	1
11	2025-01-02 22:33:29.437243-05	2025-01-02 22:33:29.426561-05	beatriz	CORPORACION AUTÓNOMA REGIONAL DE CALDAS	Documentos legales	Manizales Caldas	Manizales	\N	\N	1
12	2025-01-02 22:34:47.403347-05	2025-01-02 22:34:47.393838-05	beatriz	FERRY CAMPOS BT S.A.S. ZOMAC	Ferreteria	Anserma Caldas	Anserma	3147420580	\N	1
13	2025-01-02 22:37:13.574141-05	2025-01-02 22:37:13.563713-05	beatriz	JHON JAIRO ALVAREZ OSPINA	Prestación de servicios	Anserma Caldas	Anserma	\N	\N	1
14	2025-01-02 22:38:06.193125-05	2025-01-02 22:38:06.182743-05	beatriz	FONTANERO	Prestación de servicios	Risaralda Caldas	Juan Carlos Álvarez Salazar	3117892884	\N	1
15	2025-01-02 22:39:20.724855-05	2025-01-02 22:39:20.714057-05	beatriz	CASA DEL BOMBILLO	Ferreteria	Pereira Risaralda	Pereira	3331570	\N	1
16	2025-01-02 22:40:11.732208-05	2025-01-02 22:40:11.721751-05	beatriz	OCCIDENTE PAPELERÍA Y MÁS	Papelería	Pereira Risaralda	Pereira	3251017	\N	1
17	2025-01-02 22:41:43.097706-05	2025-01-02 22:41:43.086578-05	beatriz	CEMPAC S.A.	Papelería	Pereira Risaralda	Pereira	\N	\N	1
18	2025-01-02 22:44:12.318196-05	2025-01-02 22:44:12.308493-05	beatriz	AGRO CENTRO S&S S.A.S	Ferreteria	La Virginia Risaralda	La Virginia	3683049	\N	1
19	2025-01-02 22:46:01.817476-05	2025-01-02 22:46:01.807296-05	beatriz	ISI INGENIERÍA Y SUMINISTROS INDUSTRIALES	Ferreteria	Manizales Caldas	Manizales	3002150120	\N	1
20	2025-01-02 22:47:11.845791-05	2025-01-02 22:47:11.835944-05	beatriz	FERRETERIA 369 S.A.S.	Ferreteria	Viterbo Caldas	Viterbo	3146206834	\N	1
21	2025-01-02 22:48:45.593212-05	2025-01-02 22:48:45.582805-05	beatriz	INDUSTRIAL H&H S.A.S.	Ferreteria	Manizales Caldas	Manizales	3128097748	\N	1
22	2025-01-02 22:49:35.841436-05	2025-01-02 22:49:35.832217-05	beatriz	TALLER CORAZÓN	Prestación de servicios	Viterbo Caldas	Viterbo	3207312019	\N	1
23	2025-01-02 22:50:36.120896-05	2025-01-02 22:50:36.11175-05	beatriz	FERROVITERBO	Ferreteria	Viterbo Caldas	Viterbo	3122740692	\N	1
24	2025-01-02 22:51:58.688261-05	2025-01-02 22:51:58.678962-05	beatriz	PINTURAS Y ACABADOS GRISALES	\N	Pereira Risaralda	Pereira	3105109072	\N	1
25	2025-01-02 22:53:07.023921-05	2025-01-02 22:53:07.013428-05	beatriz	REENCAFE S.A.S.	Prestación de servicios	Pereira Risaralda	Pereira	3104692925	\N	1
26	2025-01-05 20:25:53.335699-05	2025-01-05 20:25:53.325847-05	beatriz	Prueba	Prueba	prueba	prueba	123123	123213	1
27	2025-01-05 20:28:29.038229-05	2025-01-05 20:28:29.028161-05	beatriz	prueba 2	prueba 2	prueba 2	prueba 2	prueba 2	prueba 2	1
28	2025-01-05 21:29:13.671135-05	2025-01-05 21:29:13.66155-05	beatriz	Salomón Bermúdez	Constructor techo	Vereda El Tablazo	Risaralda	\N	\N	1
29	2025-01-05 21:36:24.217911-05	2025-01-05 21:36:24.208619-05	beatriz	Guillermo Morales	Presidente Acueducto ASOBOTAPA	Vereda El Paraíso	Anserma	\N	\N	1
\.


--
-- TOC entry 5207 (class 0 OID 76202)
-- Dependencies: 262
-- Data for Name: inventory_shopping; Type: TABLE DATA; Schema: public; Owner: postgres
--

COPY public.inventory_shopping (id, created_date, modified_date, user_modified, purchase_date, number_invoice_provider, sub_total, discount, total, deleted_supplier_name, company_id, supplier_asociate_id) FROM stdin;
7	2025-01-05 21:31:05.420407-05	2025-01-05 21:31:05.407482-05	beatriz	2024-03-21	POS73867	8200	0	8200	\N	1	6
17	2025-01-05 21:51:19.56485-05	2025-01-05 21:51:19.552968-05	beatriz	2024-04-15	No aplica	450000	0	450000	\N	1	14
8	2025-01-05 21:32:22.837721-05	2025-01-05 21:32:22.826602-05	beatriz	2024-03-27	674062	133000	0	133000	\N	1	3
9	2025-01-05 21:36:49.351758-05	2025-01-05 21:36:49.339826-05	beatriz	2024-03-27	No aplica	20000	0	20000	\N	1	29
18	2025-01-05 21:51:45.284824-05	2025-01-05 21:51:45.272428-05	beatriz	2024-04-30	No aplica	450000	0	450000	\N	1	14
23	2025-01-05 21:59:31.878982-05	2025-01-05 21:59:31.866397-05	beatriz	2024-02-24	FE46643	535300	0	535300	\N	1	2
19	2025-01-05 21:53:12.58014-05	2025-01-05 21:53:12.568249-05	beatriz	2024-04-28	No aplica	13500	0	13500	\N	1	5
10	2025-01-05 21:38:16.893126-05	2025-01-05 21:38:16.880394-05	beatriz	2024-03-17	No aplica	121300	0	121300	\N	1	7
20	2025-01-05 21:54:47.312119-05	2025-01-05 21:54:47.300696-05	beatriz	2024-02-24	PO 48521	30400	0	30400	\N	1	1
11	2025-01-05 21:42:19.991812-05	2025-01-05 21:42:19.980919-05	beatriz	2024-04-10	No aplica	23000	0	23000	\N	1	8
24	2025-01-05 22:11:16.84166-05	2025-01-05 22:11:16.827097-05	beatriz	2024-03-06	663072	65900	0	65900	\N	1	3
12	2025-01-05 21:43:18.986529-05	2025-01-05 21:43:18.974865-05	beatriz	2024-04-10	No aplica	2600	0	2600	\N	1	9
21	2025-01-05 21:56:10.521883-05	2025-01-05 21:56:10.508583-05	beatriz	2024-02-24	POS 48511	118100	0	118100	\N	1	1
22	2025-01-05 21:57:31.237484-05	2025-01-05 21:57:31.225643-05	beatriz	2024-02-24	POS 48510	182200	0	182200	\N	1	1
2	2025-01-02 22:06:33.174567-05	2025-01-02 22:06:33.154178-05	beatriz	2024-02-24	POS 48521	0	0	0	\N	1	1
13	2025-01-05 21:43:59.529575-05	2025-01-05 21:43:59.517482-05	beatriz	2024-04-10	No aplica	95500	0	95500	\N	1	10
3	2025-01-05 21:17:54.575731-05	2025-01-05 21:17:54.560599-05	beatriz	2024-02-20	No aplica	15000	0	15000	\N	1	4
14	2025-01-05 21:46:15.306778-05	2025-01-05 21:46:15.293447-05	beatriz	2024-03-16	No aplica	450000	0	450000	\N	1	14
4	2025-01-05 21:23:28.343706-05	2025-01-05 21:23:28.330962-05	beatriz	2024-02-25	No aplica	34200	0	34200	\N	1	5
5	2025-01-05 21:26:03.400764-05	2025-01-05 21:26:03.389302-05	beatriz	2024-02-29	No aplica	450000	0	450000	\N	1	14
15	2025-01-05 21:47:12.851215-05	2025-01-05 21:47:12.840003-05	beatriz	2024-03-14	No aplica	134000	0	134000	\N	1	29
6	2025-01-05 21:30:05.822954-05	2025-01-05 21:30:05.807163-05	beatriz	2024-03-07	No aplica	250000	0	250000	\N	1	28
16	2025-01-05 21:50:36.928372-05	2025-01-05 21:50:36.916237-05	beatriz	2024-03-30	No aplica	450000	0	450000	\N	1	14
\.


--
-- TOC entry 5209 (class 0 OID 76208)
-- Dependencies: 264
-- Data for Name: inventory_shoppingdetail; Type: TABLE DATA; Schema: public; Owner: postgres
--

COPY public.inventory_shoppingdetail (id, created_date, modified_date, user_modified, amount, price, sub_total, discount, total, company_id, product_id, purchase_id) FROM stdin;
9	2025-01-05 21:19:11.69329-05	2025-01-05 21:19:11.693295-05	\N	10	1000	10000	0	10000	1	13	3
10	2025-01-05 21:20:04.248999-05	2025-01-05 21:20:04.249008-05	\N	10	500	5000	0	5000	1	8	3
11	2025-01-05 21:24:26.462018-05	2025-01-05 21:24:26.462025-05	\N	1	34200	34200	0	34200	1	15	4
12	2025-01-05 21:26:26.389348-05	2025-01-05 21:26:26.389358-05	\N	1	450000	450000	0	450000	1	9	5
13	2025-01-05 21:30:18.721882-05	2025-01-05 21:30:18.721889-05	\N	1	250000	250000	0	250000	1	32	6
14	2025-01-05 21:31:34.951356-05	2025-01-05 21:31:34.951366-05	\N	1	8200	8200	0	8200	1	15	7
15	2025-01-05 21:33:18.035243-05	2025-01-05 21:33:18.035248-05	\N	1	133000	133000	0	133000	1	25	8
16	2025-01-05 21:37:12.576039-05	2025-01-05 21:37:12.576046-05	\N	1	20000	20000	0	20000	1	31	9
17	2025-01-05 21:38:53.60638-05	2025-01-05 21:38:53.606386-05	\N	3	3000	9000	0	9000	1	26	10
18	2025-01-05 21:39:25.926868-05	2025-01-05 21:39:25.926876-05	\N	1	49800	49800	0	49800	1	20	10
19	2025-01-05 21:39:41.179704-05	2025-01-05 21:39:41.17971-05	\N	1	20500	20500	0	20500	1	27	10
20	2025-01-05 21:40:29.078482-05	2025-01-05 21:40:29.078489-05	\N	21	2000	42000	0	42000	1	28	10
21	2025-01-05 21:42:54.065274-05	2025-01-05 21:42:54.065281-05	\N	10	2300	23000	0	23000	1	29	11
22	2025-01-05 21:43:32.838348-05	2025-01-05 21:43:32.838357-05	\N	1	2600	2600	0	2600	1	15	12
23	2025-01-05 21:44:16.974681-05	2025-01-05 21:44:16.974687-05	\N	1	38000	38000	0	38000	1	30	13
24	2025-01-05 21:44:36.40949-05	2025-01-05 21:44:36.4095-05	\N	1	500	500	0	500	1	8	13
25	2025-01-05 21:44:55.252309-05	2025-01-05 21:44:55.252318-05	\N	1	45000	45000	0	45000	1	20	13
26	2025-01-05 21:45:24.781377-05	2025-01-05 21:45:24.781384-05	\N	1	3000	3000	0	3000	1	23	13
27	2025-01-05 21:45:36.713639-05	2025-01-05 21:45:36.713645-05	\N	1	9000	9000	0	9000	1	21	13
28	2025-01-05 21:46:31.321156-05	2025-01-05 21:46:31.321164-05	\N	1	450000	450000	0	450000	1	9	14
29	2025-01-05 21:50:07.238589-05	2025-01-05 21:50:07.238597-05	\N	1	134000	134000	0	134000	1	31	15
30	2025-01-05 21:50:48.141655-05	2025-01-05 21:50:48.141662-05	\N	1	450000	450000	0	450000	1	9	16
31	2025-01-05 21:51:31.931285-05	2025-01-05 21:51:31.931295-05	\N	1	450000	450000	0	450000	1	9	17
32	2025-01-05 21:51:57.315534-05	2025-01-05 21:51:57.315544-05	\N	1	450000	450000	0	450000	1	9	18
33	2025-01-05 21:53:33.412486-05	2025-01-05 21:53:33.412497-05	\N	1	13500	13500	0	13500	1	15	19
34	2025-01-05 21:55:24.386488-05	2025-01-05 21:55:24.386494-05	\N	1	30400	30400	0	30400	1	6	20
35	2025-01-05 21:57:02.524668-05	2025-01-05 21:57:02.524674-05	\N	1	118100	118100	0	118100	1	14	21
36	2025-01-05 21:57:54.649025-05	2025-01-05 21:57:54.649033-05	\N	1	182200	182200	0	182200	1	14	22
37	2025-01-05 22:00:39.517198-05	2025-01-05 22:00:39.517207-05	\N	20	300	6000	0	6000	1	8	23
38	2025-01-05 22:01:44.54193-05	2025-01-05 22:01:44.541936-05	\N	20	450	9000	0	9000	1	16	23
39	2025-01-05 22:02:30.857182-05	2025-01-05 22:02:30.857188-05	\N	15	400	6000	0	6000	1	17	23
40	2025-01-05 22:03:23.29368-05	2025-01-05 22:03:23.293685-05	\N	15	400	6000	0	6000	1	18	23
41	2025-01-05 22:04:01.138778-05	2025-01-05 22:04:01.138786-05	\N	18	10800	194400	0	194400	1	19	23
42	2025-01-05 22:04:38.321918-05	2025-01-05 22:04:38.321927-05	\N	18	6500	117000	0	117000	1	1	23
43	2025-01-05 22:06:09.472477-05	2025-01-05 22:06:09.472492-05	\N	24	4000	96000	0	96000	1	2	23
44	2025-01-05 22:06:40.559327-05	2025-01-05 22:06:40.559334-05	\N	18	1800	32400	0	32400	1	3	23
45	2025-01-05 22:07:35.820734-05	2025-01-05 22:07:35.820744-05	\N	1	24500	24500	0	24500	1	20	23
46	2025-01-05 22:08:45.821846-05	2025-01-05 22:08:45.821856-05	\N	1	20000	20000	0	20000	1	21	23
47	2025-01-05 22:09:23.301367-05	2025-01-05 22:09:23.301372-05	\N	1	22000	22000	0	22000	1	22	23
48	2025-01-05 22:10:13.597264-05	2025-01-05 22:10:13.597276-05	\N	2	1000	2000	0	2000	1	23	23
49	2025-01-05 22:11:49.436742-05	2025-01-05 22:11:49.43675-05	\N	1	65900	65900	0	65900	1	24	24
\.


--
-- TOC entry 5211 (class 0 OID 76212)
-- Dependencies: 266
-- Data for Name: payments_cashbalance; Type: TABLE DATA; Schema: public; Owner: postgres
--

COPY public.payments_cashbalance (id, created_date, modified_date, user_modified, amount, transaction_type, description, company_id) FROM stdin;
1	2024-03-08 14:45:44.357098-05	2024-03-08 14:45:44.357098-05	\N	24000	Ingreso	Pago de factura 55 - Alirio Agudelo	1
2	2024-03-08 14:46:30.961107-05	2024-03-08 14:46:30.961107-05	\N	20000	Ingreso	Pago de factura 9 - Gonzalo Castañeda	1
3	2024-03-08 14:46:49.367492-05	2024-03-08 14:46:49.367492-05	\N	20000	Ingreso	Pago de factura 25 - Ariel Correa	1
4	2024-03-08 14:48:46.289435-05	2024-03-08 14:48:46.289435-05	\N	20000	Ingreso	Pago de factura 16 - Olga Rodriguez	1
5	2024-03-08 14:52:13.711891-05	2024-03-08 14:52:13.711891-05	\N	20000	Ingreso	Pago de factura 100 - Napoleon Gomez	1
6	2024-03-08 14:53:36.662246-05	2024-03-08 14:53:36.662246-05	\N	20000	Ingreso	Pago de factura 122 - Cenaida Zapata	1
7	2024-03-08 14:56:49.449371-05	2024-03-08 14:56:49.449371-05	\N	20000	Ingreso	Pago de factura 105 - Carlos Lopez	1
8	2024-03-08 14:57:43.388851-05	2024-03-08 14:57:43.388851-05	\N	20000	Ingreso	Pago de factura 111 - Ramiro Castañeda	1
9	2024-03-08 14:59:31.751208-05	2024-03-08 14:59:31.751208-05	\N	20000	Ingreso	Pago de factura 41 - William Ortiz	1
10	2024-03-08 15:07:21.215415-05	2024-03-08 15:07:21.215415-05	\N	100000	Ingreso	Pago de factura 147 - William Ortiz	1
11	2024-03-08 15:08:40.195087-05	2024-03-08 15:08:40.195087-05	\N	24000	Ingreso	Pago de factura 108 - Gustavo Obando	1
12	2024-03-08 15:10:44.724506-05	2024-03-08 15:10:44.724506-05	\N	20000	Ingreso	Pago de factura 40 - Hector Ortiz	1
13	2024-03-08 15:12:17.267588-05	2024-03-08 15:12:17.267588-05	\N	20000	Ingreso	Pago de factura 86 - Ibaner Bermudez	1
14	2024-03-08 15:12:38.466092-05	2024-03-08 15:12:38.466092-05	\N	24000	Ingreso	Pago de factura 30 - Raul Grajales	1
15	2024-03-08 15:12:50.64412-05	2024-03-08 15:12:50.64412-05	\N	24000	Ingreso	Pago de factura 62 - Rodrigo Bedoya	1
16	2024-03-08 15:14:02.053282-05	2024-03-08 15:14:02.053282-05	\N	24000	Ingreso	Pago de factura 69 - Orlando Naranjo	1
17	2024-03-08 15:14:21.766299-05	2024-03-08 15:14:21.766299-05	\N	30000	Ingreso	Pago de factura 77 - Nolberto Alvarez	1
18	2024-03-08 15:15:09.841713-05	2024-03-08 15:15:09.841713-05	\N	30000	Ingreso	Pago de factura 93 - Alberto Calderon	1
19	2024-03-08 15:18:51.744737-05	2024-03-08 15:18:51.744737-05	\N	30000	Ingreso	Pago de factura 52 - Jose Ignacio Chavez	1
20	2024-03-08 15:27:10.429455-05	2024-03-08 15:27:10.429455-05	\N	20000	Ingreso	Pago de factura 33 - Hector Hernandez	1
21	2024-03-08 15:31:13.128046-05	2024-03-08 15:31:13.128046-05	\N	24000	Ingreso	Pago de factura 89 - Jose Luis Bermudez	1
22	2024-03-08 15:32:40.923008-05	2024-03-08 15:32:40.923008-05	\N	20000	Ingreso	Pago de factura 91 - Alvaro Castañeda	1
23	2024-03-08 15:34:45.792395-05	2024-03-08 15:34:45.792395-05	\N	20000	Ingreso	Pago de factura 120 - Elvia Velez	1
24	2024-03-08 15:35:10.131689-05	2024-03-08 15:35:10.131689-05	\N	20000	Ingreso	Pago de factura 31 - Wilson Grajales	1
25	2024-03-08 15:36:37.829887-05	2024-03-08 15:36:37.829887-05	\N	20000	Ingreso	Pago de factura 113 - Manuel Salvador Osorio	1
26	2024-03-08 15:37:38.502004-05	2024-03-08 15:37:38.502004-05	\N	20000	Ingreso	Pago de factura 56 - Heriberto Cañas	1
27	2024-03-08 15:38:35.19605-05	2024-03-08 15:38:35.19605-05	\N	24000	Ingreso	Pago de factura 8 - Manuel Salvador Leon	1
28	2024-03-08 15:39:07.791508-05	2024-03-08 15:39:07.791508-05	\N	10000	Ingreso	Pago de factura 95 - Wilmar Cañas	1
29	2024-03-08 15:39:48.161994-05	2024-03-08 15:39:48.161994-05	\N	24000	Ingreso	Pago de factura 35 - Katerine Munera	1
30	2024-03-08 15:40:27.550641-05	2024-03-08 15:40:27.550641-05	\N	20000	Ingreso	Pago de factura 109 - Oscar Orozco	1
31	2024-03-08 15:41:52.741529-05	2024-03-08 15:41:52.741529-05	\N	24000	Ingreso	Pago de factura 49 - Ricardo Velasquez	1
32	2024-03-08 15:42:19.218674-05	2024-03-08 15:42:19.218674-05	\N	20000	Ingreso	Pago de factura 87 - James Bermudez	1
33	2024-03-08 15:42:59.79559-05	2024-03-08 15:42:59.79559-05	\N	30000	Ingreso	Pago de factura 24 - Samuel Corrales	1
34	2024-03-08 15:43:38.78413-05	2024-03-08 15:43:38.78413-05	\N	20000	Ingreso	Pago de factura 75 - Luz Grajales	1
35	2024-03-08 15:45:05.161627-05	2024-03-08 15:45:05.161627-05	\N	30000	Ingreso	Pago de factura 84 - Augusto Acevedo	1
36	2024-03-08 15:45:49.481243-05	2024-03-08 15:45:49.481243-05	\N	20000	Ingreso	Pago de factura 7 - Jose Maria Alvarez	1
37	2024-03-08 15:47:57.652162-05	2024-03-08 15:47:57.652162-05	\N	10000	Ingreso	Pago de factura 63 - Wilmer Grajales	1
38	2024-03-08 15:50:13.947258-05	2024-03-08 15:50:13.947258-05	\N	20000	Ingreso	Pago de factura 118 - Luzdary Perez	1
39	2024-03-08 15:50:52.300538-05	2024-03-08 15:50:52.300538-05	\N	24000	Ingreso	Pago de factura 81 - Silvio Lopez	1
40	2024-03-08 15:51:50.867018-05	2024-03-08 15:51:50.867018-05	\N	44000	Ingreso	Pago de factura 42 - Antonio Orozco	1
41	2024-03-08 15:52:44.8886-05	2024-03-08 15:52:44.8886-05	\N	20000	Ingreso	Pago de factura 98 - Luz Enit Galviz	1
42	2024-03-08 15:53:26.617146-05	2024-03-08 15:53:26.617146-05	\N	24000	Ingreso	Pago de factura 11 - Roberto Alvarez	1
43	2024-03-08 15:54:24.862918-05	2024-03-08 15:54:24.862918-05	\N	10000	Ingreso	Pago de factura 4 - Luz Mery Alvarez	1
44	2024-03-08 15:55:01.580146-05	2024-03-08 15:55:01.580146-05	\N	24000	Ingreso	Pago de factura 34 - Wilson Jaramillo	1
45	2024-03-08 15:56:04.557642-05	2024-03-08 15:56:04.557642-05	\N	24000	Ingreso	Pago de factura 125 - Luis Angel Bedoya	1
46	2024-03-08 15:56:53.033046-05	2024-03-08 15:56:53.033046-05	\N	26000	Ingreso	Pago de factura 22 - Luis David Cañas	1
47	2024-03-08 15:57:18.891536-05	2024-03-08 15:57:18.891536-05	\N	20000	Ingreso	Pago de factura 129 - Javier Alexander Espinoza	1
48	2024-03-08 15:57:47.138135-05	2024-03-08 15:57:47.138135-05	\N	20000	Ingreso	Pago de factura 44 - Marina Rivera	1
49	2024-03-08 15:59:21.888969-05	2024-03-08 15:59:21.888969-05	\N	20000	Ingreso	Pago de factura 136 - Doly Martinez	1
50	2024-03-08 15:59:56.314192-05	2024-03-08 15:59:56.314192-05	\N	24000	Ingreso	Pago de factura 133 - Diogenes Galeano	1
51	2024-03-08 16:00:30.057375-05	2024-03-08 16:00:30.057375-05	\N	20000	Ingreso	Pago de factura 45 - Duvan Rios	1
52	2024-03-08 16:01:07.712884-05	2024-03-08 16:01:07.712884-05	\N	20000	Ingreso	Pago de factura 72 - Edilberto Restrepo	1
53	2024-03-08 16:01:43.825089-05	2024-03-08 16:01:43.825089-05	\N	24000	Ingreso	Pago de factura 131 - Albeiro Florez	1
54	2024-03-08 16:02:15.396716-05	2024-03-08 16:02:15.396716-05	\N	20000	Ingreso	Pago de factura 142 - Nelson Soto	1
55	2024-03-08 16:02:55.906934-05	2024-03-08 16:02:55.906934-05	\N	70000	Ingreso	Pago de factura 32 - Cristian Sambony Grajales	1
56	2024-03-08 16:03:33.537014-05	2024-03-08 16:03:33.537014-05	\N	70000	Ingreso	Pago de factura 107 - Martha Murillo	1
57	2024-03-08 16:03:59.004278-05	2024-03-08 16:03:59.004278-05	\N	24000	Ingreso	Pago de factura 128 - Albeiro Cañaveral	1
58	2024-03-08 16:04:14.398891-05	2024-03-08 16:04:14.398891-05	\N	20000	Ingreso	Pago de factura 102 - Fabio Grajales	1
59	2024-03-08 16:04:24.789779-05	2024-03-08 16:04:24.789779-05	\N	24000	Ingreso	Pago de factura 43 - Jesus Patiño	1
60	2024-03-08 16:04:43.272914-05	2024-03-08 16:04:43.272914-05	\N	24000	Ingreso	Pago de factura 143 - Jose Santa	1
61	2024-03-08 16:04:58.398689-05	2024-03-08 16:04:58.398689-05	\N	20000	Ingreso	Pago de factura 76 - Elias Arango	1
62	2024-03-08 16:05:10.876913-05	2024-03-08 16:05:10.876913-05	\N	20000	Ingreso	Pago de factura 127 - Lucila Cañaveral	1
63	2024-03-08 16:05:22.00212-05	2024-03-08 16:05:22.00212-05	\N	20000	Ingreso	Pago de factura 82 - Edith Osorio	1
64	2024-03-08 16:05:35.399231-05	2024-03-08 16:05:35.399231-05	\N	20000	Ingreso	Pago de factura 27 - Samuel Castañeda	1
65	2024-03-08 16:05:46.591148-05	2024-03-08 16:05:46.591148-05	\N	20000	Ingreso	Pago de factura 117 - Miguel Angel Muñoz	1
66	2024-03-08 16:06:04.564907-05	2024-03-08 16:06:04.564907-05	\N	20000	Ingreso	Pago de factura 141 - Fredy Jhovany Rodriguez	1
67	2024-03-08 16:06:18.347716-05	2024-03-08 16:06:18.347716-05	\N	20000	Ingreso	Pago de factura 116 - Jesus Monsalve	1
68	2024-03-08 16:06:32.37969-05	2024-03-08 16:06:32.37969-05	\N	24000	Ingreso	Pago de factura 138 - Miguel Angel Quintero	1
69	2024-03-08 16:06:57.986945-05	2024-03-08 16:06:57.986945-05	\N	46000	Ingreso	Pago de factura 110 - Ivan Yepez	1
70	2024-03-08 16:07:09.596332-05	2024-03-08 16:07:09.596332-05	\N	24000	Ingreso	Pago de factura 71 - Nelly Rios	1
71	2024-03-08 16:07:23.595468-05	2024-03-08 16:07:23.595468-05	\N	20000	Ingreso	Pago de factura 126 - Aracely Cañaveral	1
72	2024-03-08 16:07:35.991491-05	2024-03-08 16:07:35.991491-05	\N	20000	Ingreso	Pago de factura 48 - Carlos Sanchez	1
73	2024-03-08 16:07:46.585353-05	2024-03-08 16:07:46.585353-05	\N	24000	Ingreso	Pago de factura 78 - Faber Cifuentes	1
74	2024-03-08 16:07:59.559222-05	2024-03-08 16:07:59.559222-05	\N	30000	Ingreso	Pago de factura 26 - Inversiones Sideral	1
75	2024-03-08 16:08:30.715957-05	2024-03-08 16:08:30.715957-05	\N	20000	Ingreso	Pago de factura 23 - Julia Cañas	1
76	2024-03-08 16:08:45.246125-05	2024-03-08 16:08:45.246125-05	\N	10000	Ingreso	Pago de factura 101 - Eliecer Garcia	1
77	2024-03-08 16:18:50.129955-05	2024-03-08 16:18:50.129955-05	\N	20000	Ingreso	Pago de factura 18 - Alejandro Zapata Cañaveral (Centro Salud)	1
78	2024-03-08 16:19:18.965911-05	2024-03-08 16:19:18.965911-05	\N	24000	Ingreso	Pago de factura 119 - Maria Ramirez	1
79	2024-03-08 16:19:48.866966-05	2024-03-08 16:19:48.866966-05	\N	24000	Ingreso	Pago de factura 29 - Gilberto Pozo	1
80	2024-03-08 16:23:58.189671-05	2024-03-08 16:23:58.189671-05	\N	16000	Ingreso	Pago de factura 59 - Eliecer Castañeda	1
81	2024-03-08 16:24:08.622469-05	2024-03-08 16:24:08.622469-05	\N	24000	Ingreso	Pago de factura 12 - Abraham Romero	1
82	2024-03-08 16:24:24.928019-05	2024-03-08 16:24:24.928019-05	\N	20000	Ingreso	Pago de factura 96 - Irma Duque	1
83	2024-03-08 16:24:37.07026-05	2024-03-08 16:24:37.07026-05	\N	24000	Ingreso	Pago de factura 74 - Jairo Valencia	1
84	2024-03-08 16:24:46.758772-05	2024-03-08 16:24:46.758772-05	\N	24000	Ingreso	Pago de factura 51 - Absalon Valencia	1
85	2024-03-08 16:25:01.108278-05	2024-03-08 16:25:01.108278-05	\N	24000	Ingreso	Pago de factura 85 - Salomon Bermudez	1
86	2024-03-08 16:25:12.248902-05	2024-03-08 16:25:12.248902-05	\N	26000	Ingreso	Pago de factura 15 - Otilia Cardona	1
87	2024-03-08 16:25:44.740267-05	2024-03-08 16:25:44.740267-05	\N	20000	Ingreso	Pago de factura 88 - Alejandro Bermudez	1
88	2024-03-08 16:25:56.165901-05	2024-03-08 16:25:56.165901-05	\N	20000	Ingreso	Pago de factura 19 - Ancizar Alvarez	1
89	2024-03-08 16:26:08.410626-05	2024-03-08 16:26:08.410626-05	\N	24000	Ingreso	Pago de factura 50 - Luis Alberto Velasquez	1
90	2024-03-08 16:26:23.91394-05	2024-03-08 16:26:23.91394-05	\N	20000	Ingreso	Pago de factura 124 - Lilia Bedoya	1
91	2024-03-08 16:26:40.217151-05	2024-03-08 16:26:40.217151-05	\N	20000	Ingreso	Pago de factura 65 - Pablo Emilio Gallego	1
92	2024-05-20 16:32:11.769058-05	2024-05-20 16:32:11.769058-05	\N	24000	Ingreso	Pago de factura 251 - Gustavo Obando	1
93	2024-05-20 16:32:44.610228-05	2024-05-20 16:32:44.610228-05	\N	24000	Ingreso	Pago de factura 228 - Salomon Bermudez	1
94	2024-04-26 16:33:37.972019-05	2024-04-26 16:33:37.972019-05	\N	26000	Ingreso	Pago de factura 159 - Otilia Cardona	1
95	2024-04-26 16:37:02.853498-05	2024-04-26 16:37:02.853498-05	\N	48000	Ingreso	Pago de factura 182 - Jose Maria Munera	1
96	2024-04-26 16:38:10.791726-05	2024-04-26 16:38:10.791726-05	\N	20000	Ingreso	Pago de factura 169 - Ariel Correa	1
97	2024-04-26 16:41:03.852352-05	2024-04-26 16:41:03.852352-05	\N	20000	Ingreso	Pago de factura 256 - Manuel Salvador Osorio	1
98	2024-04-26 16:41:39.335051-05	2024-04-26 16:41:39.335051-05	\N	20000	Ingreso	Pago de factura 252 - Oscar Orozco	1
99	2024-04-26 16:42:10.08508-05	2024-04-26 16:42:10.08508-05	\N	20000	Ingreso	Pago de factura 153 - Gonzalo Castañeda	1
100	2024-04-26 16:46:04.230812-05	2024-04-26 16:46:04.230812-05	\N	48000	Ingreso	Pago de factura 216 - Ariel Velasquez	1
101	2024-04-26 16:55:41.538342-05	2024-04-26 16:55:41.538342-05	\N	48000	Ingreso	Pago de factura 207 - Yolanda Gutierrez	1
102	2024-04-26 16:56:25.706639-05	2024-04-26 16:56:25.706639-05	\N	40000	Ingreso	Pago de factura 201 - Maria Edilia Florez	1
103	2024-04-26 16:57:06.64935-05	2024-04-26 16:57:06.64935-05	\N	30000	Ingreso	Pago de factura 220 - Nolberto Alvarez	1
104	2024-04-26 16:57:28.865896-05	2024-04-26 16:57:28.865896-05	\N	20000	Ingreso	Pago de factura 265 - Cenaida Zapata	1
105	2024-04-26 16:57:52.452067-05	2024-04-26 16:57:52.452067-05	\N	10000	Ingreso	Pago de factura 206 - Wilmer Grajales	1
106	2024-04-26 16:58:31.74217-05	2024-04-26 16:58:31.74217-05	\N	40000	Ingreso	Pago de factura 189 - Edelberto Rios	1
107	2024-04-26 16:58:56.914502-05	2024-04-26 16:58:56.914502-05	\N	20000	Ingreso	Pago de factura 177 - Hector Hernandez	1
108	2024-04-26 16:59:21.220048-05	2024-04-26 16:59:21.220048-05	\N	20000	Ingreso	Pago de factura 261 - Luzdary Perez	1
109	2024-04-26 16:59:46.244325-05	2024-04-26 16:59:46.244325-05	\N	46000	Ingreso	Pago de factura 253 - Ivan Yepez	1
110	2024-04-26 17:00:04.050988-05	2024-04-26 17:00:04.050988-05	\N	20000	Ingreso	Pago de factura 248 - Carlos Lopez	1
111	2024-04-26 17:00:24.496882-05	2024-04-26 17:00:24.496882-05	\N	20000	Ingreso	Pago de factura 160 - Olga Rodriguez	1
112	2024-04-26 17:00:44.076022-05	2024-04-26 17:00:44.076022-05	\N	24000	Ingreso	Pago de factura 214 - Nelly Rios	1
113	2024-04-26 17:01:46.984748-05	2024-04-26 17:01:46.984748-05	\N	24000	Ingreso	Pago de factura 224 - Silvio Lopez	1
114	2024-04-26 17:02:03.137069-05	2024-04-26 17:02:03.137069-05	\N	20000	Ingreso	Pago de factura 239 - Irma Duque	1
115	2024-04-26 17:03:54.422551-05	2024-04-26 17:03:54.422551-05	\N	22000	Ingreso	Pago de factura 290 - Gloria Cortez Mina	1
116	2024-04-26 17:04:31.322903-05	2024-04-26 17:04:31.322903-05	\N	24000	Ingreso	Pago de factura 194 - Absalon Valencia	1
117	2024-04-26 17:05:03.261964-05	2024-04-26 17:05:03.261964-05	\N	40000	Ingreso	Pago de factura 235 - Nelly Cañas	1
118	2024-04-26 17:05:50.789732-05	2024-04-26 17:05:50.789732-05	\N	40000	Ingreso	Pago de factura 288 - Raul Zapata	1
119	2024-04-26 17:07:45.496359-05	2024-04-26 17:07:45.496359-05	\N	48000	Ingreso	Pago de factura 242 - Evelio Gaviria	1
120	2024-04-26 17:11:21.887239-05	2024-04-26 17:11:21.887239-05	\N	13000	Ingreso	Pago de factura 5 - Adriana Patricia	1
121	2024-04-26 17:13:19.732524-05	2024-04-26 17:13:19.732524-05	\N	13000	Ingreso	Pago de factura 5 - Adriana Patricia	1
122	2024-04-26 17:15:01.050374-05	2024-04-26 17:15:01.050374-05	\N	24000	Ingreso	Pago de factura 149 - Adriana Patricia	1
123	2024-04-26 17:17:41.697879-05	2024-04-26 17:17:41.697879-05	\N	48000	Ingreso	Pago de factura 222 - Libardo Garcia	1
124	2024-04-26 17:18:05.752728-05	2024-04-26 17:18:05.752728-05	\N	20000	Ingreso	Pago de factura 243 - Napoleon Gomez	1
125	2024-04-26 17:18:36.856087-05	2024-04-26 17:18:36.856087-05	\N	40000	Ingreso	Pago de factura 200 - Carlos Cañas	1
126	2024-04-26 17:18:54.446027-05	2024-04-26 17:18:54.446027-05	\N	20000	Ingreso	Pago de factura 191 - Carlos Sanchez	1
127	2024-04-26 17:20:02.051198-05	2024-04-26 17:20:02.051198-05	\N	24000	Ingreso	Pago de factura 232 - Jose Luis Bermudez	1
128	2024-04-26 17:20:39.389898-05	2024-04-26 17:20:39.389898-05	\N	48000	Ingreso	Pago de factura 196 - Berenice Alvarez	1
129	2024-04-26 17:22:51.363653-05	2024-04-26 17:22:51.363653-05	\N	40000	Ingreso	Pago de factura 183 - Carlos Emilio Sanchez	1
130	2024-04-26 17:23:31.671566-05	2024-04-26 17:23:31.671566-05	\N	24000	Ingreso	Pago de factura 186 - Jesus Patiño	1
131	2024-04-26 17:23:52.774293-05	2024-04-26 17:23:52.774293-05	\N	24000	Ingreso	Pago de factura 152 - Manuel Salvador Leon	1
132	2024-04-26 17:26:29.503381-05	2024-04-26 17:26:29.503381-05	\N	5000	Ingreso	Pago de factura 291 - Dorey Leon	1
133	2024-04-26 17:27:00.319264-05	2024-04-26 17:27:00.319264-05	\N	5000	Ingreso	Pago de factura 292 - Dorey Leon	1
134	2024-04-26 17:36:32.818117-05	2024-04-26 17:36:32.818117-05	\N	30000	Ingreso	Pago de factura 195 - Jose Ignacio Chavez	1
135	2024-04-26 17:37:30.64341-05	2024-04-26 17:37:30.64341-05	\N	20000	Ingreso	Pago de factura 20 - Maria Enoe Betancurt	1
136	2024-04-26 17:41:57.297244-05	2024-04-26 17:41:57.297244-05	\N	48000	Ingreso	Pago de factura 204 - Alirio Castañeda	1
137	2024-04-26 17:42:26.648063-05	2024-04-26 17:42:26.648063-05	\N	20000	Ingreso	Pago de factura 241 - Luz Enit Galviz	1
138	2024-04-26 17:42:46.627302-05	2024-04-26 17:42:46.627302-05	\N	24000	Ingreso	Pago de factura 212 - Orlando Naranjo	1
139	2024-04-26 17:43:03.597443-05	2024-04-26 17:43:03.597443-05	\N	20000	Ingreso	Pago de factura 151 - Jose Maria Alvarez	1
140	2024-04-26 17:43:20.368799-05	2024-04-26 17:43:20.368799-05	\N	24000	Ingreso	Pago de factura 198 - Alirio Agudelo	1
141	2024-04-26 17:43:43.555739-05	2024-04-26 17:43:43.555739-05	\N	24000	Ingreso	Pago de factura 262 - Maria Ramirez	1
142	2024-04-26 17:44:03.349542-05	2024-04-26 17:44:03.349542-05	\N	20000	Ingreso	Pago de factura 184 - Hector Ortiz	1
143	2024-04-26 17:44:26.66903-05	2024-04-26 17:44:26.66903-05	\N	70000	Ingreso	Pago de factura 250 - Martha Murillo	1
144	2024-04-26 17:44:52.66136-05	2024-04-26 17:44:52.66136-05	\N	40000	Ingreso	Pago de factura 289 - Gustavo Zapata	1
145	2024-04-26 17:45:08.498714-05	2024-04-26 17:45:08.498714-05	\N	30000	Ingreso	Pago de factura 168 - Samuel Corrales	1
146	2024-04-26 17:45:26.93927-05	2024-04-26 17:45:26.93927-05	\N	24000	Ingreso	Pago de factura 179 - Katerine Munera	1
147	2024-04-26 17:45:44.76359-05	2024-04-26 17:45:44.76359-05	\N	10000	Ingreso	Pago de factura 238 - Wilmar Cañas	1
148	2024-04-26 17:45:59.647728-05	2024-04-26 17:45:59.647728-05	\N	30000	Ingreso	Pago de factura 236 - Alberto Calderon	1
149	2024-04-26 17:46:14.714018-05	2024-04-26 17:46:14.714018-05	\N	20000	Ingreso	Pago de factura 229 - Ibaner Bermudez	1
150	2024-04-26 17:46:34.392612-05	2024-04-26 17:46:34.392612-05	\N	24000	Ingreso	Pago de factura 174 - Raul Grajales	1
151	2024-04-26 17:46:53.384932-05	2024-04-26 17:46:53.384932-05	\N	20000	Ingreso	Pago de factura 208 - Pablo Emilio Gallego	1
152	2024-04-26 17:47:13.649142-05	2024-04-26 17:47:13.649142-05	\N	24000	Ingreso	Pago de factura 178 - Wilson Jaramillo	1
153	2024-04-26 17:47:32.707338-05	2024-04-26 17:47:32.707338-05	\N	70000	Ingreso	Pago de factura 176 - Cristian Sambony Grajales	1
154	2024-04-26 17:47:54.611592-05	2024-04-26 17:47:54.611592-05	\N	24000	Ingreso	Pago de factura 268 - Luis Angel Bedoya	1
155	2024-04-26 17:48:09.375647-05	2024-04-26 17:48:09.375647-05	\N	20000	Ingreso	Pago de factura 270 - Lucila Cañaveral	1
156	2024-04-26 17:48:32.427835-05	2024-04-26 17:48:32.427835-05	\N	24000	Ingreso	Pago de factura 271 - Albeiro Cañaveral	1
157	2024-04-26 17:48:51.379038-05	2024-04-26 17:48:51.379038-05	\N	20000	Ingreso	Pago de factura 230 - James Bermudez	1
158	2024-04-26 17:49:40.715248-05	2024-04-26 17:49:40.715248-05	\N	20000	Ingreso	Pago de factura 260 - Miguel Angel Muñoz	1
159	2024-04-26 17:50:10.901543-05	2024-04-26 17:50:10.901543-05	\N	20000	Ingreso	Pago de factura 263 - Elvia Velez	1
160	2024-04-26 17:52:37.197726-05	2024-04-26 17:52:37.197726-05	\N	48000	Ingreso	Pago de factura 247 - Alirio Jaramillo	1
161	2024-04-26 17:53:05.244533-05	2024-04-26 17:53:05.244533-05	\N	30000	Ingreso	Pago de factura 170 - Inversiones Sideral	1
162	2024-04-26 17:53:33.624467-05	2024-04-26 17:53:33.624467-05	\N	20000	Ingreso	Pago de factura 218 - Luz Grajales	1
163	2024-04-26 17:58:07.380457-05	2024-04-26 17:58:07.380457-05	\N	60000	Ingreso	Pago de factura 28 - Raul Castañeda	1
164	2024-04-26 18:02:01.749488-05	2024-04-26 18:02:01.749488-05	\N	70000	Ingreso	Pago de factura 172 - Raul Castañeda	1
165	2024-04-26 18:02:18.048815-05	2024-04-26 18:02:18.048815-05	\N	20000	Ingreso	Pago de factura 279 - Doly Martinez	1
166	2024-04-26 18:02:40.147633-05	2024-04-26 18:02:40.147633-05	\N	40000	Ingreso	Pago de factura 157 - Esteban Sanchez	1
167	2024-04-26 18:03:55.067478-05	2024-04-26 18:03:55.067478-05	\N	48000	Ingreso	Pago de factura 275 - Aldemar Garcia	1
168	2024-04-26 18:04:27.908797-05	2024-04-26 18:04:27.908797-05	\N	10000	Ingreso	Pago de factura 148 - Luz Mery Alvarez	1
169	2024-04-26 18:04:52.599347-05	2024-04-26 18:04:52.599347-05	\N	24000	Ingreso	Pago de factura 286 - Jose Santa	1
170	2024-04-26 18:05:14.566668-05	2024-04-26 18:05:14.566668-05	\N	20000	Ingreso	Pago de factura 175 - Wilson Grajales	1
171	2024-04-26 18:05:53.536387-05	2024-04-26 18:05:53.536387-05	\N	48000	Ingreso	Pago de factura 223 - Dario Lopez	1
172	2024-04-26 18:14:42.754538-05	2024-04-26 18:14:42.754538-05	\N	24000	Ingreso	Pago de factura 139 - Juan David Reyes	1
173	2024-04-26 18:18:45.63597-05	2024-04-26 18:18:45.63597-05	\N	24000	Ingreso	Pago de factura 173 - Gilberto Pozo	1
174	2024-04-26 18:20:07.155132-05	2024-04-26 18:20:07.155132-05	\N	20000	Ingreso	Pago de factura 199 - Heriberto Cañas	1
175	2024-04-26 18:22:25.534246-05	2024-04-26 18:22:25.534246-05	\N	70000	Ingreso	Pago de factura 163 - Ancizar Alvarez	1
176	2024-04-26 18:23:25.23645-05	2024-04-26 18:23:25.23645-05	\N	20000	Ingreso	Pago de factura 284 - Fredy Jhovany Rodriguez	1
177	2024-04-26 18:23:46.504708-05	2024-04-26 18:23:46.504708-05	\N	80000	Ingreso	Pago de factura 165 - Henry Cañas	1
178	2024-04-26 18:23:58.83061-05	2024-04-26 18:23:58.83061-05	\N	20000	Ingreso	Pago de factura 187 - Marina Rivera	1
179	2024-04-26 18:24:20.229704-05	2024-04-26 18:24:20.229704-05	\N	20000	Ingreso	Pago de factura 245 - Fabio Grajales	1
180	2024-04-26 18:24:40.975567-05	2024-04-26 18:24:40.975567-05	\N	40000	Ingreso	Pago de factura 257 - Obernez Hernandez	1
181	2024-04-26 18:25:08.973171-05	2024-04-26 18:25:08.973171-05	\N	30000	Ingreso	Pago de factura 227 - Augusto Acevedo	1
182	2024-04-26 18:25:23.021973-05	2024-04-26 18:25:23.021973-05	\N	20000	Ingreso	Pago de factura 272 - Javier Alexander Espinoza	1
183	2024-04-26 18:26:00.053975-05	2024-04-26 18:26:00.053975-05	\N	20000	Ingreso	Pago de factura 233 - Jorge Betancurt	1
184	2024-04-26 18:26:45.808225-05	2024-04-26 18:26:45.808225-05	\N	40000	Ingreso	Pago de factura 237 - Oscar Cañas	1
185	2024-04-26 18:28:04.022252-05	2024-04-26 18:28:04.022252-05	\N	20000	Ingreso	Pago de factura 293 - Edilia Cañas	1
186	2024-04-26 18:28:50.640897-05	2024-04-26 18:28:50.640897-05	\N	24000	Ingreso	Pago de factura 193 - Luis Alberto Velasquez	1
187	2024-04-26 18:29:21.27682-05	2024-04-26 18:29:21.27682-05	\N	20000	Ingreso	Pago de factura 254 - Ramiro Castañeda	1
188	2024-04-26 18:29:36.310926-05	2024-04-26 18:29:36.310926-05	\N	48000	Ingreso	Pago de factura 240 - Abelardo Duque	1
189	2024-04-26 18:29:56.562138-05	2024-04-26 18:29:56.562138-05	\N	40000	Ingreso	Pago de factura 249 - Manuel Salvador Londoño	1
190	2024-04-26 18:30:15.683556-05	2024-04-26 18:30:15.683556-05	\N	48000	Ingreso	Pago de factura 246 - Omar Giraldo	1
191	2024-04-26 18:30:34.82764-05	2024-04-26 18:30:34.82764-05	\N	20000	Ingreso	Pago de factura 285 - Nelson Soto	1
192	2024-04-26 18:32:27.716163-05	2024-04-26 18:32:27.716163-05	\N	100000	Ingreso	Pago de factura 161 - Eliberto Velasquez	1
193	2024-04-26 18:32:45.32264-05	2024-04-26 18:32:45.32264-05	\N	20000	Ingreso	Pago de factura 219 - Elias Arango	1
194	2024-04-26 18:32:57.333199-05	2024-04-26 18:32:57.333199-05	\N	20000	Ingreso	Pago de factura 259 - Jesus Monsalve	1
195	2024-04-26 18:33:08.91177-05	2024-04-26 18:33:08.91177-05	\N	24000	Ingreso	Pago de factura 205 - Rodrigo Bedoya	1
196	2024-04-26 18:33:32.613215-05	2024-04-26 18:33:32.613215-05	\N	20000	Ingreso	Pago de factura 171 - Samuel Castañeda	1
197	2024-04-26 18:33:51.239806-05	2024-04-26 18:33:51.239806-05	\N	24000	Ingreso	Pago de factura 281 - Miguel Angel Quintero	1
198	2024-04-26 18:34:20.989455-05	2024-04-26 18:34:20.989455-05	\N	20000	Ingreso	Pago de factura 231 - Alejandro Bermudez	1
199	2024-04-26 18:35:13.359947-05	2024-04-26 18:35:13.359947-05	\N	44000	Ingreso	Pago de factura 185 - Antonio Orozco	1
200	2024-04-26 18:39:09.506135-05	2024-04-26 18:39:09.506135-05	\N	20000	Ingreso	Pago de factura 225 - Edith Osorio	1
201	2024-04-26 18:39:34.956705-05	2024-04-26 18:39:34.956705-05	\N	48000	Ingreso	Pago de factura 203 - Eliberto Castañeda	1
202	2024-04-26 18:39:51.566716-05	2024-04-26 18:39:51.566716-05	\N	24000	Ingreso	Pago de factura 221 - Faber Cifuentes	1
203	2024-04-26 18:40:52.260092-05	2024-04-26 18:40:52.260092-05	\N	24000	Ingreso	Pago de factura 276 - Diogenes Galeano	1
204	2024-04-26 18:41:09.371786-05	2024-04-26 18:41:09.371786-05	\N	48000	Ingreso	Pago de factura 287 - Edison Barreiro	1
205	2024-04-26 18:48:39.05138-05	2024-04-26 18:48:39.05138-05	\N	20000	Ingreso	Pago de factura 267 - Lilia Bedoya	1
206	2024-04-26 18:56:56.461924-05	2024-04-26 18:56:56.461924-05	\N	40000	Ingreso	Pago de factura 266 - Gerardo Agudelo	1
207	2024-04-26 18:57:35.902936-05	2024-04-26 18:57:35.902936-05	\N	48000	Ingreso	Pago de factura 273 - Alirio Florez	1
208	2024-04-26 18:57:59.691273-05	2024-04-26 18:57:59.691273-05	\N	60000	Ingreso	Pago de factura 278 - Carlos Hector Hincapie	1
209	2024-04-26 18:58:21.48798-05	2024-04-26 18:58:21.48798-05	\N	40000	Ingreso	Pago de factura 280 - Lilia Ospina	1
210	2024-04-26 18:58:49.819981-05	2024-04-26 18:58:49.819981-05	\N	40000	Ingreso	Pago de factura 277 - Dario Hincapie	1
211	2024-04-26 18:59:14.206204-05	2024-04-26 18:59:14.206204-05	\N	48000	Ingreso	Pago de factura 209 - Nely Herrera	1
212	2024-04-26 19:00:04.014476-05	2024-04-26 19:00:04.014476-05	\N	40000	Ingreso	Pago de factura 210 - Marcela Leon	1
213	2024-09-04 20:25:42.01423-05	2024-09-04 20:25:42.01423-05	\N	10000	Ingreso	Pago de factura 298 - Luz Mery Alvarez	1
214	2024-09-04 20:27:42.949939-05	2024-09-04 20:27:42.949939-05	\N	20000	Ingreso	Pago de factura 300 - Jose Maria Alvarez	1
215	2024-09-04 20:34:50.945629-05	2024-09-04 20:34:50.945629-05	\N	24000	Ingreso	Pago de factura 345 - Alirio Agudelo	1
216	2024-09-04 20:36:04.257068-05	2024-09-04 20:36:04.257068-05	\N	40000	Ingreso	Pago de factura 312 - Maria Enoe Betancurt	1
217	2024-09-04 20:36:40.589873-05	2024-09-04 20:36:40.589873-05	\N	40000	Ingreso	Pago de factura 313 - Henry Cañas	1
218	2024-09-04 20:38:24.124534-05	2024-09-04 20:38:24.124534-05	\N	52000	Ingreso	Pago de factura 314 - Luis David Cañas	1
219	2024-09-04 20:39:39.914355-05	2024-09-04 20:39:39.914355-05	\N	40000	Ingreso	Pago de factura 315 - Julia Cañas	1
220	2024-09-04 20:41:17.852996-05	2024-09-04 20:41:17.852996-05	\N	20000	Ingreso	Pago de factura 347 - Carlos Cañas	1
221	2024-09-04 20:42:27.095714-05	2024-09-04 20:42:27.095714-05	\N	30000	Ingreso	Pago de factura 316 - Samuel Corrales	1
222	2024-09-04 20:42:46.357303-05	2024-09-04 20:42:46.357303-05	\N	26000	Ingreso	Pago de factura 307 - Otilia Cardona	1
223	2024-09-04 20:44:55.905388-05	2024-09-04 20:44:55.905388-05	\N	20000	Ingreso	Pago de factura 317 - Maria Del Socorro Duque Valencia	1
224	2024-09-04 20:46:13.081433-05	2024-09-04 20:46:13.081433-05	\N	20000	Ingreso	Pago de factura 348 - Maria Edilia Florez	1
225	2024-09-04 20:47:10.065308-05	2024-09-04 20:47:10.065308-05	\N	24000	Ingreso	Pago de factura 351 - Alirio Castañeda	1
226	2024-09-04 20:48:04.494334-05	2024-09-04 20:48:04.494334-05	\N	20000	Ingreso	Pago de factura 402 - Ramiro Castañeda	1
227	2024-09-04 20:48:16.697496-05	2024-09-04 20:48:16.697496-05	\N	20000	Ingreso	Pago de factura 319 - Samuel Castañeda	1
228	2024-09-04 20:56:37.987252-05	2024-09-04 20:56:37.987252-05	\N	20000	Ingreso	Pago de factura 320 - Raul Castañeda	1
229	2024-09-04 20:56:38.220975-05	2024-09-04 20:56:38.220975-05	\N	20000	Ingreso	Pago de factura 320 - Raul Castañeda	1
230	2024-09-04 20:56:56.127866-05	2024-09-04 20:56:56.127866-05	\N	24000	Ingreso	Pago de factura 352 - Rodrigo Bedoya	1
231	2024-09-04 20:58:48.1649-05	2024-09-04 20:58:48.1649-05	\N	24000	Ingreso	Pago de factura 321 - Jose Alexander Echeverry	1
232	2024-09-04 20:59:28.537713-05	2024-09-04 20:59:28.537713-05	\N	24000	Ingreso	Pago de factura 322 - Raul Grajales	1
233	2024-09-04 20:59:47.900611-05	2024-09-04 20:59:47.900611-05	\N	20000	Ingreso	Pago de factura 323 - Wilson Grajales	1
234	2024-09-04 21:00:18.786203-05	2024-09-04 21:00:18.786203-05	\N	10000	Ingreso	Pago de factura 353 - Wilmer Grajales	1
235	2024-09-04 21:00:46.079428-05	2024-09-04 21:00:46.079428-05	\N	70000	Ingreso	Pago de factura 324 - Cristian Sambony Grajales	1
236	2024-09-04 21:01:04.693177-05	2024-09-04 21:01:04.693177-05	\N	20000	Ingreso	Pago de factura 355 - Pablo Emilio Gallego	1
237	2024-09-04 21:01:21.461236-05	2024-09-04 21:01:21.461236-05	\N	20000	Ingreso	Pago de factura 325 - Hector Hernandez	1
238	2024-09-04 21:01:35.260224-05	2024-09-04 21:01:35.260224-05	\N	24000	Ingreso	Pago de factura 299 - Adriana Patricia	1
239	2024-09-04 21:02:04.075415-05	2024-09-04 21:02:04.075415-05	\N	24000	Ingreso	Pago de factura 326 - Wilson Jaramillo	1
240	2024-09-04 21:04:22.778669-05	2024-09-04 21:04:22.778669-05	\N	20000	Ingreso	Pago de factura 357 - Marcela Leon	1
241	2024-09-04 21:06:53.579933-05	2024-09-04 21:06:53.579933-05	\N	24000	Ingreso	Pago de factura 301 - Manuel Salvador Leon	1
242	2024-09-04 21:12:50.211146-05	2024-09-04 21:12:50.211146-05	\N	44000	Ingreso	Pago de factura 68 - Jhon Fredy Lopez Castro	1
243	2024-09-04 21:12:55.160071-05	2024-09-04 21:12:55.160071-05	\N	40000	Ingreso	Pago de factura 211 - Jhon Fredy Lopez Castro	1
244	2024-09-04 21:14:26.716501-05	2024-09-04 21:14:26.716501-05	\N	24000	Ingreso	Pago de factura 327 - Katerine Munera	1
245	2024-09-04 21:15:57.584347-05	2024-09-04 21:15:57.584347-05	\N	24000	Ingreso	Pago de factura 330 - Jose Maria Munera	1
246	2024-09-04 21:17:59.443001-05	2024-09-04 21:17:59.443001-05	\N	20000	Ingreso	Pago de factura 37 - Martiniano Munera	1
247	2024-09-04 21:19:16.968654-05	2024-09-04 21:19:16.968654-05	\N	20000	Ingreso	Pago de factura 181 - Martiniano Munera	1
248	2024-09-04 21:19:58.934223-05	2024-09-04 21:19:58.934223-05	\N	20000	Ingreso	Pago de factura 329 - Martiniano Munera	1
249	2024-09-04 21:20:51.221223-05	2024-09-04 21:20:51.221223-05	\N	24000	Ingreso	Pago de factura 359 - Orlando Naranjo	1
250	2024-09-04 21:21:10.961245-05	2024-09-04 21:21:10.961245-05	\N	20000	Ingreso	Pago de factura 331 - Carlos Emilio Sanchez	1
251	2024-09-04 21:22:03.148466-05	2024-09-04 21:22:03.148466-05	\N	20000	Ingreso	Pago de factura 332 - Hector Ortiz	1
252	2024-09-04 21:22:27.469933-05	2024-09-04 21:22:27.469933-05	\N	44000	Ingreso	Pago de factura 333 - Antonio Orozco	1
253	2024-09-04 21:30:23.59978-05	2024-09-04 21:30:23.59978-05	\N	10000	Ingreso	Pago de factura 437 - Margarita Leon	1
254	2024-09-04 21:31:20.61668-05	2024-09-04 21:31:20.61668-05	\N	20000	Ingreso	Pago de factura 308 - Olga Rodriguez	1
255	2024-09-04 21:31:38.604606-05	2024-09-04 21:31:38.604606-05	\N	24000	Ingreso	Pago de factura 156 - Abraham Romero	1
256	2024-09-04 21:32:23.16153-05	2024-09-04 21:32:23.16153-05	\N	24000	Ingreso	Pago de factura 304 - Abraham Romero	1
257	2024-09-04 21:32:43.299732-05	2024-09-04 21:32:43.299732-05	\N	20000	Ingreso	Pago de factura 335 - Marina Rivera	1
258	2024-09-04 21:33:30.427455-05	2024-09-04 21:33:30.427455-05	\N	20000	Ingreso	Pago de factura 188 - Duvan Rios	1
259	2024-09-04 21:34:16.843528-05	2024-09-04 21:34:16.843528-05	\N	20000	Ingreso	Pago de factura 336 - Duvan Rios	1
260	2024-09-04 21:34:51.483551-05	2024-09-04 21:34:51.483551-05	\N	20000	Ingreso	Pago de factura 337 - Edelberto Rios	1
261	2024-09-04 21:36:42.58523-05	2024-09-04 21:36:42.58523-05	\N	20000	Ingreso	Pago de factura 215 - Edilberto Restrepo	1
262	2024-09-04 21:37:34.514634-05	2024-09-04 21:37:34.514634-05	\N	20000	Ingreso	Pago de factura 362 - Edilberto Restrepo	1
263	2024-09-04 21:37:59.570525-05	2024-09-04 21:37:59.570525-05	\N	20000	Ingreso	Pago de factura 47 - David Sanchez	1
264	2024-09-04 21:39:47.921315-05	2024-09-04 21:39:47.921315-05	\N	20000	Ingreso	Pago de factura 190 - David Sanchez	1
265	2024-09-04 21:40:24.539532-05	2024-09-04 21:40:24.539532-05	\N	20000	Ingreso	Pago de factura 338 - David Sanchez	1
266	2024-09-04 21:40:45.084883-05	2024-09-04 21:40:45.084883-05	\N	20000	Ingreso	Pago de factura 339 - Carlos Sanchez	1
267	2024-09-04 21:40:58.965989-05	2024-09-04 21:40:58.965989-05	\N	20000	Ingreso	Pago de factura 305 - Esteban Sanchez	1
268	2024-09-04 21:41:54.994059-05	2024-09-04 21:41:54.994059-05	\N	20000	Ingreso	Pago de factura 112 - Sergio Sanchez	1
269	2024-09-04 21:42:31.793207-05	2024-09-04 21:42:31.793207-05	\N	20000	Ingreso	Pago de factura 255 - Sergio Sanchez	1
270	2024-09-04 21:44:08.3359-05	2024-09-04 21:44:08.3359-05	\N	20000	Ingreso	Pago de factura 403 - Sergio Sanchez	1
271	2024-09-04 21:45:42.479615-05	2024-09-04 21:45:42.479615-05	\N	50000	Ingreso	Pago de factura 309 - Eliberto Velasquez	1
272	2024-09-04 21:46:49.469868-05	2024-09-04 21:46:49.469868-05	\N	24000	Ingreso	Pago de factura 192 - Ricardo Velasquez	1
273	2024-09-04 21:47:17.848119-05	2024-09-04 21:47:17.848119-05	\N	24000	Ingreso	Pago de factura 340 - Ricardo Velasquez	1
274	2024-09-04 21:47:54.912566-05	2024-09-04 21:47:54.912566-05	\N	24000	Ingreso	Pago de factura 342 - Absalon Valencia	1
275	2024-09-04 21:48:52.334242-05	2024-09-04 21:48:52.334242-05	\N	20000	Ingreso	Pago de factura 365 - Luz Grajales	1
276	2024-09-04 21:50:13.44356-05	2024-09-04 21:50:13.44356-05	\N	20000	Ingreso	Pago de factura 366 - Elias Arango	1
277	2024-09-04 21:59:08.502589-05	2024-09-04 21:59:08.502589-05	\N	30000	Ingreso	Pago de factura 374 - Augusto Acevedo	1
278	2024-09-04 21:59:23.452293-05	2024-09-04 21:59:23.452293-05	\N	30000	Ingreso	Pago de factura 367 - Nolberto Alvarez	1
279	2024-09-04 22:01:08.25139-05	2024-09-04 22:01:08.25139-05	\N	24000	Ingreso	Pago de factura 375 - Salomon Bermudez	1
280	2024-09-04 22:01:23.438937-05	2024-09-04 22:01:23.438937-05	\N	20000	Ingreso	Pago de factura 377 - James Bermudez	1
281	2024-09-04 22:01:23.467757-05	2024-09-04 22:01:23.467757-05	\N	20000	Ingreso	Pago de factura 377 - James Bermudez	1
282	2024-09-04 22:01:36.220608-05	2024-09-04 22:01:36.220608-05	\N	20000	Ingreso	Pago de factura 378 - Alejandro Bermudez	1
283	2024-09-04 22:02:37.040673-05	2024-09-04 22:02:37.040673-05	\N	24000	Ingreso	Pago de factura 368 - Faber Cifuentes	1
284	2024-09-04 22:03:25.216712-05	2024-09-04 22:03:25.216712-05	\N	20000	Ingreso	Pago de factura 234 - Alvaro Castañeda	1
285	2024-09-04 22:04:26.957197-05	2024-09-04 22:04:26.957197-05	\N	20000	Ingreso	Pago de factura 381 - Alvaro Castañeda	1
286	2024-09-04 22:04:41.022365-05	2024-09-04 22:04:41.022365-05	\N	20000	Ingreso	Pago de factura 302 - Gonzalo Castañeda	1
287	2024-09-04 22:05:52.746078-05	2024-09-04 22:05:52.746078-05	\N	20000	Ingreso	Pago de factura 382 - Edilia Cañas	1
288	2024-09-04 22:07:39.977292-05	2024-09-04 22:07:39.977292-05	\N	20000	Ingreso	Pago de factura 383 - Nelly Cañas	1
289	2024-09-04 22:08:04.098632-05	2024-09-04 22:08:04.098632-05	\N	30000	Ingreso	Pago de factura 384 - Alberto Calderon	1
290	2024-09-04 22:08:49.635348-05	2024-09-04 22:08:49.635348-05	\N	10000	Ingreso	Pago de factura 386 - Wilmar Cañas	1
291	2024-09-04 22:10:16.245272-05	2024-09-04 22:10:16.245272-05	\N	132000	Ingreso	Pago de factura 438 - Fernando Cardona	1
292	2024-09-04 22:11:56.706251-05	2024-09-04 22:11:56.706251-05	\N	20000	Ingreso	Pago de factura 404 - Manuel Salvador Osorio	1
293	2024-09-04 22:12:10.210574-05	2024-09-04 22:12:10.210574-05	\N	20000	Ingreso	Pago de factura 387 - Irma Duque	1
294	2024-09-04 22:12:28.380883-05	2024-09-04 22:12:28.380883-05	\N	24000	Ingreso	Pago de factura 369 - Libardo Garcia	1
295	2024-09-04 22:12:46.937783-05	2024-09-04 22:12:46.937783-05	\N	24000	Ingreso	Pago de factura 390 - Evelio Gaviria	1
296	2024-09-04 22:12:58.89996-05	2024-09-04 22:12:58.89996-05	\N	20000	Ingreso	Pago de factura 391 - Napoleon Gomez	1
297	2024-09-04 22:13:22.1348-05	2024-09-04 22:13:22.1348-05	\N	10000	Ingreso	Pago de factura 244 - Eliecer Garcia	1
298	2024-09-04 22:13:49.858844-05	2024-09-04 22:13:49.858844-05	\N	10000	Ingreso	Pago de factura 392 - Eliecer Garcia	1
299	2024-09-04 22:14:04.487086-05	2024-09-04 22:14:04.487086-05	\N	20000	Ingreso	Pago de factura 393 - Fabio Grajales	1
300	2024-09-04 22:14:14.788002-05	2024-09-04 22:14:14.788002-05	\N	24000	Ingreso	Pago de factura 394 - Omar Giraldo	1
301	2024-09-04 22:15:17.360641-05	2024-09-04 22:15:17.360641-05	\N	24000	Ingreso	Pago de factura 395 - Alirio Jaramillo	1
302	2024-09-04 22:18:25.499983-05	2024-09-04 22:18:25.499983-05	\N	20000	Ingreso	Pago de factura 396 - Carlos Lopez	1
303	2024-09-04 22:18:41.89752-05	2024-09-04 22:18:41.89752-05	\N	70000	Ingreso	Pago de factura 398 - Martha Murillo	1
304	2024-09-04 22:19:07.946482-05	2024-09-04 22:19:07.946482-05	\N	20000	Ingreso	Pago de factura 407 - Jesus Monsalve	1
305	2024-09-04 22:19:31.84728-05	2024-09-04 22:19:31.84728-05	\N	20000	Ingreso	Pago de factura 408 - Miguel Angel Muñoz	1
306	2024-09-04 22:21:17.312713-05	2024-09-04 22:21:17.312713-05	\N	24000	Ingreso	Pago de factura 399 - Gustavo Obando	1
307	2024-09-04 22:21:35.822251-05	2024-09-04 22:21:35.822251-05	\N	20000	Ingreso	Pago de factura 400 - Oscar Orozco	1
308	2024-09-04 22:21:47.514723-05	2024-09-04 22:21:47.514723-05	\N	20000	Ingreso	Pago de factura 372 - Edith Osorio	1
309	2024-09-04 22:21:58.539806-05	2024-09-04 22:21:58.539806-05	\N	20000	Ingreso	Pago de factura 409 - Luzdary Perez	1
310	2024-09-04 22:22:15.210671-05	2024-09-04 22:22:15.210671-05	\N	24000	Ingreso	Pago de factura 410 - Maria Ramirez	1
311	2024-09-04 22:24:46.33575-05	2024-09-04 22:24:46.33575-05	\N	20000	Ingreso	Pago de factura 411 - Elvia Velez	1
312	2024-09-04 22:28:51.675636-05	2024-09-04 22:28:51.675636-05	\N	46000	Ingreso	Pago de factura 401 - Ivan Yepez	1
313	2024-09-04 22:29:09.700996-05	2024-09-04 22:29:09.700996-05	\N	20000	Ingreso	Pago de factura 413 - Cenaida Zapata	1
314	2024-09-04 22:29:52.814511-05	2024-09-04 22:29:52.814511-05	\N	20000	Ingreso	Pago de factura 415 - Lilia Bedoya	1
315	2024-09-04 22:30:10.888551-05	2024-09-04 22:30:10.888551-05	\N	24000	Ingreso	Pago de factura 416 - Luis Angel Bedoya	1
316	2024-09-04 22:30:32.671197-05	2024-09-04 22:30:32.671197-05	\N	20000	Ingreso	Pago de factura 269 - Aracely Cañaveral	1
317	2024-09-04 22:31:07.082759-05	2024-09-04 22:31:07.082759-05	\N	20000	Ingreso	Pago de factura 417 - Aracely Cañaveral	1
318	2024-09-04 22:31:24.38845-05	2024-09-04 22:31:24.38845-05	\N	20000	Ingreso	Pago de factura 418 - Lucila Cañaveral	1
319	2024-09-04 22:32:02.14112-05	2024-09-04 22:32:02.14112-05	\N	24000	Ingreso	Pago de factura 274 - Albeiro Florez	1
320	2024-09-04 22:32:37.404071-05	2024-09-04 22:32:37.404071-05	\N	24000	Ingreso	Pago de factura 422 - Albeiro Florez	1
321	2024-09-04 22:32:47.27614-05	2024-09-04 22:32:47.27614-05	\N	24000	Ingreso	Pago de factura 424 - Diogenes Galeano	1
322	2024-09-04 22:33:04.215149-05	2024-09-04 22:33:04.215149-05	\N	20000	Ingreso	Pago de factura 427 - Doly Martinez	1
323	2024-09-04 22:34:54.030443-05	2024-09-04 22:34:54.030443-05	\N	20000	Ingreso	Pago de factura 431 - Fredy Jhovany Rodriguez	1
324	2024-09-04 22:35:05.976169-05	2024-09-04 22:35:05.976169-05	\N	24000	Ingreso	Pago de factura 433 - Jose Santa	1
325	2024-09-04 22:35:23.220582-05	2024-09-04 22:35:23.220582-05	\N	20000	Ingreso	Pago de factura 435 - Raul Zapata	1
326	2024-09-04 22:36:10.88757-05	2024-09-04 22:36:10.88757-05	\N	20000	Ingreso	Pago de factura 436 - Gustavo Zapata	1
327	2024-09-04 22:36:34.491093-05	2024-09-04 22:36:34.491093-05	\N	20000	Ingreso	Pago de factura 162 - Alejandro Zapata Cañaveral (Centro Salud)	1
328	2024-09-05 19:05:01.007681-05	2024-09-05 19:05:01.007681-05	\N	24000	Ingreso	Pago de factura 282 - Juan David Reyes	1
329	2024-11-05 15:37:48.349047-05	2024-11-05 15:37:48.349047-05	\N	40000	Ingreso	Pago de factura 551 - Gerardo Agudelo	1
330	2024-11-05 15:43:29.328992-05	2024-11-05 15:43:29.328992-05	\N	20000	Ingreso	Pago de factura 557 - Lilia Bedoya	1
331	2024-11-05 15:44:11.790919-05	2024-11-05 15:44:11.790919-05	\N	24000	Ingreso	Pago de factura 559 - Luis Angel Bedoya	1
332	2024-11-05 15:44:49.238454-05	2024-11-05 15:44:49.238454-05	\N	20000	Ingreso	Pago de factura 550 - Aracely Cañaveral	1
333	2024-11-05 15:45:53.155336-05	2024-11-05 15:45:53.155336-05	\N	20000	Ingreso	Pago de factura 562 - Lucila Cañaveral	1
334	2024-11-05 15:46:13.344957-05	2024-11-05 15:46:13.344957-05	\N	48000	Ingreso	Pago de factura 568 - Albeiro Cañaveral	1
335	2024-11-05 15:46:40.414905-05	2024-11-05 15:46:40.414905-05	\N	40000	Ingreso	Pago de factura 571 - Javier Alexander Espinoza	1
336	2024-11-05 15:47:41.540734-05	2024-11-05 15:47:41.540734-05	\N	48000	Ingreso	Pago de factura 560 - Alirio Florez	1
337	2024-11-05 15:48:08.039583-05	2024-11-05 15:48:08.039583-05	\N	24000	Ingreso	Pago de factura 566 - Albeiro Florez	1
338	2024-11-05 15:48:19.581895-05	2024-11-05 15:48:19.581895-05	\N	48000	Ingreso	Pago de factura 558 - Aldemar Garcia	1
339	2024-11-05 15:48:43.097492-05	2024-11-05 15:48:43.097492-05	\N	24000	Ingreso	Pago de factura 567 - Diogenes Galeano	1
340	2024-11-05 15:53:34.227755-05	2024-11-05 15:53:34.227755-05	\N	24000	Ingreso	Pago de factura 574 - Diogenes Galeano	1
341	2024-11-05 15:54:59.828754-05	2024-11-05 15:54:59.828754-05	\N	24000	Ingreso	Pago de factura 575 - Diogenes Galeano	1
342	2024-11-05 15:55:41.75274-05	2024-11-05 15:55:41.75274-05	\N	40000	Ingreso	Pago de factura 552 - Dario Hincapie	1
343	2024-11-05 15:56:34.286342-05	2024-11-05 15:56:34.286342-05	\N	60000	Ingreso	Pago de factura 563 - Carlos Hector Hincapie	1
344	2024-11-05 15:57:23.36855-05	2024-11-05 15:57:23.36855-05	\N	20000	Ingreso	Pago de factura 561 - Doly Martinez	1
345	2024-11-05 15:57:48.311542-05	2024-11-05 15:57:48.311542-05	\N	40000	Ingreso	Pago de factura 553 - Lilia Ospina	1
346	2024-11-05 15:58:09.511502-05	2024-11-05 15:58:09.511502-05	\N	48000	Ingreso	Pago de factura 564 - Miguel Angel Quintero	1
347	2024-11-05 15:58:27.28757-05	2024-11-05 15:58:27.28757-05	\N	48000	Ingreso	Pago de factura 555 - Juan David Reyes	1
348	2024-11-05 15:59:07.34857-05	2024-11-05 15:59:07.34857-05	\N	20000	Ingreso	Pago de factura 569 - Fredy Jhovany Rodriguez	1
349	2024-11-05 15:59:21.698817-05	2024-11-05 15:59:21.698817-05	\N	40000	Ingreso	Pago de factura 549 - Nelson Soto	1
350	2024-11-05 16:00:55.602056-05	2024-11-05 16:00:55.602056-05	\N	24000	Ingreso	Pago de factura 565 - Jose Santa	1
351	2024-11-05 16:03:06.693472-05	2024-11-05 16:03:06.693472-05	\N	48000	Ingreso	Pago de factura 554 - Edison Barreiro	1
352	2024-11-05 16:03:52.183972-05	2024-11-05 16:03:52.183972-05	\N	20000	Ingreso	Pago de factura 556 - Raul Zapata	1
353	2024-11-05 16:04:18.897043-05	2024-11-05 16:04:18.897043-05	\N	20000	Ingreso	Pago de factura 570 - Gustavo Zapata	1
354	2024-11-05 16:05:37.63181-05	2024-11-05 16:05:37.63181-05	\N	20000	Ingreso	Pago de factura 310 - Alejandro Zapata Cañaveral (Centro Salud)	1
355	2024-11-05 16:11:09.28602-05	2024-11-05 16:11:09.28602-05	\N	20000	Ingreso	Pago de factura 572 - Alejandro Zapata Cañaveral (Centro Salud)	1
356	2024-11-05 16:16:30.770923-05	2024-11-05 16:16:30.770923-05	\N	48000	Ingreso	Pago de factura 496 - Berenice Alvarez	1
357	2024-11-05 16:18:00.321647-05	2024-11-05 16:18:00.321647-05	\N	24000	Ingreso	Pago de factura 83 - Luis Eduardo Alvarez	1
358	2024-11-05 16:20:21.872331-05	2024-11-05 16:20:21.872331-05	\N	20000	Ingreso	Pago de factura 226 - Luis Eduardo Alvarez	1
359	2024-11-05 16:22:19.69625-05	2024-11-05 16:22:19.69625-05	\N	40000	Ingreso	Pago de factura 510 - Luis Eduardo Alvarez	1
360	2024-11-05 16:38:31.379776-05	2024-11-05 16:38:31.379776-05	\N	20000	Ingreso	Pago de factura 70 - Arbey Osorio	1
361	2024-11-05 16:40:14.119867-05	2024-11-05 16:40:14.119867-05	\N	20000	Ingreso	Pago de factura 213 - Arbey Osorio	1
362	2024-11-05 16:41:01.91202-05	2024-11-05 16:41:01.91202-05	\N	20000	Ingreso	Pago de factura 360 - Arbey Osorio	1
363	2024-11-05 16:44:45.237647-05	2024-11-05 16:44:45.237647-05	\N	24000	Ingreso	Pago de factura 475 - Absalon Valencia	1
364	2024-11-05 16:47:24.890224-05	2024-11-05 16:47:24.890224-05	\N	30000	Ingreso	Pago de factura 527 - Alberto Calderon	1
365	2024-11-05 17:03:59.636046-05	2024-11-05 17:03:59.636046-05	\N	50000	Ingreso	Pago de factura 14 - Mauricio Vargas	1
366	2024-11-05 17:06:08.930611-05	2024-11-05 17:06:08.930611-05	\N	42000	Ingreso	Pago de factura 577 - Mauricio Vargas	1
367	2024-11-05 17:08:36.269387-05	2024-11-05 17:08:36.269387-05	\N	30000	Ingreso	Pago de factura 158 - Mauricio Vargas	1
368	2024-11-05 17:10:32.026351-05	2024-11-05 17:10:32.026351-05	\N	30000	Ingreso	Pago de factura 306 - Mauricio Vargas	1
369	2024-11-05 17:17:19.918808-05	2024-11-05 17:17:19.918808-05	\N	10000	Ingreso	Pago de factura 439 - Claudia lopez	1
370	2024-11-05 17:19:12.038291-05	2024-11-05 17:19:12.038291-05	\N	20000	Ingreso	Pago de factura 578 - Claudia lopez	1
371	2024-11-05 17:23:38.967673-05	2024-11-05 17:23:38.967673-05	\N	20000	Ingreso	Pago de factura 487 - Jose Maria Alvarez	1
372	2024-11-05 17:24:03.661791-05	2024-11-05 17:24:03.661791-05	\N	40000	Ingreso	Pago de factura 458 - Ancizar Alvarez	1
373	2024-11-05 17:26:13.749612-05	2024-11-05 17:26:13.749612-05	\N	24000	Ingreso	Pago de factura 490 - Alirio Agudelo	1
374	2024-11-05 17:26:30.655455-05	2024-11-05 17:26:30.655455-05	\N	20000	Ingreso	Pago de factura 463 - Maria Enoe Betancurt	1
375	2024-11-05 17:26:46.283688-05	2024-11-05 17:26:46.283688-05	\N	40000	Ingreso	Pago de factura 446 - Henry Cañas	1
376	2024-11-05 17:33:31.434288-05	2024-11-05 17:33:31.434288-05	\N	20000	Ingreso	Pago de factura 346 - Heriberto Cañas	1
377	2024-11-05 17:35:11.588835-05	2024-11-05 17:35:11.588835-05	\N	30000	Ingreso	Pago de factura 453 - Samuel Corrales	1
378	2024-11-05 17:35:26.164518-05	2024-11-05 17:35:26.164518-05	\N	26000	Ingreso	Pago de factura 455 - Otilia Cardona	1
379	2024-11-05 17:36:13.060184-05	2024-11-05 17:36:13.060184-05	\N	20000	Ingreso	Pago de factura 467 - Maria Del Socorro Duque Valencia	1
380	2024-11-05 17:36:39.369503-05	2024-11-05 17:36:39.369503-05	\N	30000	Ingreso	Pago de factura 318 - Inversiones Sideral	1
381	2024-11-05 17:37:08.849058-05	2024-11-05 17:37:08.849058-05	\N	30000	Ingreso	Pago de factura 473 - Inversiones Sideral	1
382	2024-11-05 17:38:00.463326-05	2024-11-05 17:38:00.463326-05	\N	24000	Ingreso	Pago de factura 202 - Eliecer Castañeda	1
383	2024-11-05 17:40:22.331367-05	2024-11-05 17:40:22.331367-05	\N	24000	Ingreso	Pago de factura 349 - Eliecer Castañeda	1
384	2024-11-05 17:40:53.946357-05	2024-11-05 17:40:53.946357-05	\N	24000	Ingreso	Pago de factura 488 - Eliecer Castañeda	1
385	2024-11-05 17:41:12.102007-05	2024-11-05 17:41:12.102007-05	\N	48000	Ingreso	Pago de factura 489 - Eliberto Castañeda	1
386	2024-11-05 17:41:54.099067-05	2024-11-05 17:41:54.099067-05	\N	20000	Ingreso	Pago de factura 452 - Samuel Castañeda	1
387	2024-11-05 17:42:22.610651-05	2024-11-05 17:42:22.610651-05	\N	20000	Ingreso	Pago de factura 451 - Raul Castañeda	1
388	2024-11-05 17:42:38.769003-05	2024-11-05 17:42:38.769003-05	\N	24000	Ingreso	Pago de factura 494 - Rodrigo Bedoya	1
389	2024-11-05 17:42:57.168779-05	2024-11-05 17:42:57.168779-05	\N	24000	Ingreso	Pago de factura 442 - Jose Alexander Echeverry	1
390	2024-11-05 17:43:26.712213-05	2024-11-05 17:43:26.712213-05	\N	24000	Ingreso	Pago de factura 450 - Raul Grajales	1
391	2024-11-05 17:44:33.704902-05	2024-11-05 17:44:33.704902-05	\N	20000	Ingreso	Pago de factura 456 - Wilson Grajales	1
392	2024-11-05 17:47:15.171402-05	2024-11-05 17:47:15.171402-05	\N	10000	Ingreso	Pago de factura 482 - Wilmer Grajales	1
393	2024-11-05 17:47:37.0766-05	2024-11-05 17:47:37.0766-05	\N	70000	Ingreso	Pago de factura 462 - Cristian Sambony Grajales	1
394	2024-11-05 17:48:11.996309-05	2024-11-05 17:48:11.996309-05	\N	48000	Ingreso	Pago de factura 478 - Yolanda Gutierrez	1
395	2024-11-05 17:48:30.384487-05	2024-11-05 17:48:30.384487-05	\N	20000	Ingreso	Pago de factura 492 - Pablo Emilio Gallego	1
396	2024-11-05 17:48:45.097814-05	2024-11-05 17:48:45.097814-05	\N	20000	Ingreso	Pago de factura 464 - Hector Hernandez	1
397	2024-11-05 17:49:02.350381-05	2024-11-05 17:49:02.350381-05	\N	24000	Ingreso	Pago de factura 469 - Adriana Patricia	1
398	2024-11-05 17:49:56.694681-05	2024-11-05 17:49:56.694681-05	\N	24000	Ingreso	Pago de factura 449 - Wilson Jaramillo	1
399	2024-11-05 17:52:04.82329-05	2024-11-05 17:52:04.82329-05	\N	10000	Ingreso	Pago de factura 580 - Dorey Leon	1
400	2024-11-05 17:52:24.278975-05	2024-11-05 17:52:24.278975-05	\N	24000	Ingreso	Pago de factura 521 - Manuel Salvador Leon	1
401	2024-11-05 17:57:23.845589-05	2024-11-05 17:57:23.845589-05	\N	24000	Ingreso	Pago de factura 459 - Katerine Munera	1
402	2024-11-05 17:58:10.654778-05	2024-11-05 17:58:10.654778-05	\N	24000	Ingreso	Pago de factura 480 - Orlando Naranjo	1
403	2024-09-05 18:03:32.785347-05	2024-09-05 18:03:32.785347-05	\N	20000	Ingreso	Pago de factura 581 - Arbey Osorio	1
404	2024-11-05 18:08:03.88121-05	2024-11-05 18:08:03.88121-05	\N	20000	Ingreso	Pago de factura 466 - Hector Ortiz	1
405	2024-11-05 18:08:18.891385-05	2024-11-05 18:08:18.891385-05	\N	44000	Ingreso	Pago de factura 468 - Antonio Orozco	1
406	2024-11-05 18:09:45.953054-05	2024-11-05 18:09:45.954053-05	\N	120000	Ingreso	Pago de factura 573 - Margarita Leon	1
407	2024-11-05 18:17:41.008677-05	2024-11-05 18:17:41.008677-05	\N	100000	Ingreso	Pago de factura 582 - Margarita Leon	1
408	2024-11-05 18:29:26.312543-05	2024-11-05 18:29:26.312543-05	\N	200000	Ingreso	Pago de factura 583 - ADRIANA TORO	1
409	2024-11-05 19:12:56.332377-05	2024-11-05 19:12:56.332377-05	\N	48000	Ingreso	Pago de factura 454 - Jesus Patiño	1
410	2024-11-05 19:14:24.907006-05	2024-11-05 19:14:24.907006-05	\N	20000	Ingreso	Pago de factura 440 - Olga Rodriguez	1
411	2024-11-05 19:14:40.918429-05	2024-11-05 19:14:40.918429-05	\N	24000	Ingreso	Pago de factura 443 - Abraham Romero	1
412	2024-11-05 19:16:09.243335-05	2024-11-05 19:16:09.243335-05	\N	20000	Ingreso	Pago de factura 474 - Duvan Rios	1
413	2024-11-05 19:16:26.879211-05	2024-11-05 19:16:26.879211-05	\N	20000	Ingreso	Pago de factura 476 - Edelberto Rios	1
414	2024-11-05 19:16:52.327057-05	2024-11-05 19:16:52.327057-05	\N	48000	Ingreso	Pago de factura 493 - Nelly Rios	1
415	2024-11-05 19:17:05.053924-05	2024-11-05 19:17:05.053924-05	\N	20000	Ingreso	Pago de factura 479 - Edilberto Restrepo	1
416	2024-11-05 19:17:30.771143-05	2024-11-05 19:17:30.771143-05	\N	20000	Ingreso	Pago de factura 470 - David Sanchez	1
417	2024-11-05 19:17:52.417448-05	2024-11-05 19:17:52.417448-05	\N	20000	Ingreso	Pago de factura 477 - Esteban Sanchez	1
418	2024-11-05 19:18:13.998106-05	2024-11-05 19:18:13.998106-05	\N	10000	Ingreso	Pago de factura 498 - Sergio Sanchez	1
419	2024-11-05 19:18:43.226607-05	2024-11-05 19:18:43.226607-05	\N	50000	Ingreso	Pago de factura 441 - Eliberto Velasquez	1
420	2024-11-05 19:19:24.127566-05	2024-11-05 19:19:24.127566-05	\N	24000	Ingreso	Pago de factura 444 - Ricardo Velasquez	1
421	2024-11-05 19:20:33.188792-05	2024-11-05 19:20:33.188792-05	\N	48000	Ingreso	Pago de factura 445 - Luis Alberto Velasquez	1
422	2024-11-05 19:21:13.213903-05	2024-11-05 19:21:13.213903-05	\N	48000	Ingreso	Pago de factura 481 - Ariel Velasquez	1
423	2024-11-05 19:22:15.200759-05	2024-11-05 19:22:15.200759-05	\N	20000	Ingreso	Pago de factura 485 - Luz Grajales	1
424	2024-11-05 19:22:39.731863-05	2024-11-05 19:22:39.731863-05	\N	30000	Ingreso	Pago de factura 343 - Jose Ignacio Chavez	1
425	2024-11-05 19:23:09.889096-05	2024-11-05 19:23:09.889096-05	\N	30000	Ingreso	Pago de factura 461 - Jose Ignacio Chavez	1
426	2024-11-05 19:24:00.659267-05	2024-11-05 19:24:00.659267-05	\N	20000	Ingreso	Pago de factura 503 - Elias Arango	1
427	2024-11-05 19:24:39.587534-05	2024-11-05 19:24:39.587534-05	\N	30000	Ingreso	Pago de factura 513 - Augusto Acevedo	1
428	2024-11-05 19:25:12.874307-05	2024-11-05 19:25:12.874307-05	\N	30000	Ingreso	Pago de factura 501 - Nolberto Alvarez	1
429	2024-11-05 19:27:00.648757-05	2024-11-05 19:27:00.648757-05	\N	48000	Ingreso	Pago de factura 518 - Salomon Bermudez	1
430	2024-11-05 19:27:53.477716-05	2024-11-05 19:27:53.477716-05	\N	40000	Ingreso	Pago de factura 516 - Ibaner Bermudez	1
431	2024-11-05 19:28:21.850599-05	2024-11-05 19:28:21.850599-05	\N	20000	Ingreso	Pago de factura 520 - James Bermudez	1
432	2024-11-05 19:28:44.732347-05	2024-11-05 19:28:44.732347-05	\N	20000	Ingreso	Pago de factura 524 - Alejandro Bermudez	1
433	2024-11-05 19:29:12.056088-05	2024-11-05 19:29:12.056088-05	\N	48000	Ingreso	Pago de factura 522 - Jose Luis Bermudez	1
434	2024-11-05 19:31:14.044442-05	2024-11-05 19:31:14.044442-05	\N	10000	Ingreso	Pago de factura 380 - Jorge Betancurt	1
435	2024-11-05 19:32:20.423246-05	2024-11-05 19:32:20.423246-05	\N	10000	Ingreso	Pago de factura 525 - Jorge Betancurt	1
436	2024-11-05 19:32:37.106025-05	2024-11-05 19:32:37.106025-05	\N	24000	Ingreso	Pago de factura 505 - Faber Cifuentes	1
437	2024-11-05 19:32:54.844338-05	2024-11-05 19:32:54.844338-05	\N	20000	Ingreso	Pago de factura 508 - Alvaro Castañeda	1
438	2024-11-05 19:33:06.983014-05	2024-11-05 19:33:06.983014-05	\N	20000	Ingreso	Pago de factura 509 - Gonzalo Castañeda	1
439	2024-11-05 19:33:40.139667-05	2024-11-05 19:33:40.139667-05	\N	20000	Ingreso	Pago de factura 512 - Edilia Cañas	1
440	2024-11-05 19:39:32.72433-05	2024-11-05 19:39:32.72433-05	\N	0	Ingreso	Pago de factura 385 - Oscar Cañas	1
442	2024-11-05 19:47:27.159596-05	2024-11-05 19:47:27.159596-05	\N	10000	Ingreso	Pago de factura 529 - Wilmar Cañas	1
443	2024-11-05 19:48:00.069593-05	2024-11-05 19:48:00.069593-05	\N	20000	Ingreso	Pago de factura 530 - Irma Duque	1
444	2024-11-05 19:48:15.628295-05	2024-11-05 19:48:15.628295-05	\N	48000	Ingreso	Pago de factura 531 - Abelardo Duque	1
445	2024-11-05 19:48:59.982481-05	2024-11-05 19:48:59.982481-05	\N	40000	Ingreso	Pago de factura 514 - Luz Enit Galviz	1
446	2024-11-05 19:49:19.554063-05	2024-11-05 19:49:19.554063-05	\N	24000	Ingreso	Pago de factura 515 - Evelio Gaviria	1
447	2024-11-05 19:49:19.601036-05	2024-11-05 19:49:19.601036-05	\N	24000	Ingreso	Pago de factura 515 - Evelio Gaviria	1
448	2024-11-05 19:49:33.66109-05	2024-11-05 19:49:33.66109-05	\N	20000	Ingreso	Pago de factura 517 - Napoleon Gomez	1
449	2024-11-05 19:49:49.972498-05	2024-11-05 19:49:49.972498-05	\N	20000	Ingreso	Pago de factura 533 - Fabio Grajales	1
450	2024-11-05 19:53:10.13753-05	2024-11-05 19:53:10.13753-05	\N	300000	Ingreso	Pago de factura 585 - Juan Pablo Aguilar Suarez	1
451	2024-11-05 19:55:35.420831-05	2024-11-05 19:55:35.420831-05	\N	40000	Ingreso	Pago de factura 535 - Obernez Hernandez	1
452	2024-11-05 19:56:55.667158-05	2024-11-05 19:56:55.667158-05	\N	24000	Ingreso	Pago de factura 370 - Dario Lopez	1
453	2024-11-05 19:59:47.962419-05	2024-11-05 19:59:47.962419-05	\N	72000	Ingreso	Pago de factura 502 - Dario Lopez	1
454	2024-11-05 20:00:26.106969-05	2024-11-05 20:00:26.106969-05	\N	48000	Ingreso	Pago de factura 506 - Silvio Lopez	1
455	2024-11-05 20:00:41.428375-05	2024-11-05 20:00:41.428375-05	\N	20000	Ingreso	Pago de factura 537 - Carlos Lopez	1
456	2024-11-05 20:01:01.618852-05	2024-11-05 20:01:01.618852-05	\N	40000	Ingreso	Pago de factura 538 - Manuel Salvador Londoño	1
457	2024-11-05 20:02:05.655312-05	2024-11-05 20:02:05.655312-05	\N	70000	Ingreso	Pago de factura 539 - Martha Murillo	1
458	2024-11-05 20:04:33.263806-05	2024-11-05 20:04:33.263806-05	\N	20000	Ingreso	Pago de factura 540 - Jesus Monsalve	1
459	2024-11-05 20:04:56.894792-05	2024-11-05 20:04:56.894792-05	\N	10000	Ingreso	Pago de factura 541 - Miguel Angel Muñoz	1
460	2024-11-05 20:05:36.910821-05	2024-11-05 20:05:36.910821-05	\N	24000	Ingreso	Pago de factura 536 - Gustavo Obando	1
461	2024-11-05 20:06:15.164648-05	2024-11-05 20:06:15.164648-05	\N	20000	Ingreso	Pago de factura 519 - Oscar Orozco	1
462	2024-11-05 20:06:35.869683-05	2024-11-05 20:06:35.869683-05	\N	20000	Ingreso	Pago de factura 500 - Edith Osorio	1
463	2024-11-05 20:06:54.93624-05	2024-11-05 20:06:54.93624-05	\N	20000	Ingreso	Pago de factura 542 - Luzdary Perez	1
464	2024-11-05 20:07:33.43888-05	2024-11-05 20:07:33.43888-05	\N	24000	Ingreso	Pago de factura 543 - Maria Ramirez	1
465	2024-11-05 20:12:55.404448-05	2024-11-05 20:12:55.404448-05	\N	20000	Ingreso	Pago de factura 545 - Elvia Velez	1
466	2024-11-05 20:13:54.397106-05	2024-11-05 20:13:54.397106-05	\N	46000	Ingreso	Pago de factura 511 - Ivan Yepez	1
467	2024-11-05 20:14:16.978682-05	2024-11-05 20:14:16.978682-05	\N	20000	Ingreso	Pago de factura 547 - Cenaida Zapata	1
468	2024-11-08 09:17:54.290527-05	2024-11-08 09:17:54.290527-05	\N	24000	Ingreso	Pago de factura 356 - Nely Herrera	1
469	2024-11-08 09:21:36.32756-05	2024-11-08 09:21:36.32756-05	\N	24000	Ingreso	Pago de factura 484 - Nely Herrera	1
494	2024-11-18 13:21:45.359048-05	2024-11-18 13:21:45.360046-05	\N	2	Egreso	Registro de Compra 1 - 01 - Ferreteria FRANCO	1
495	2024-11-19 22:05:26.75583-05	2024-11-19 22:05:26.75583-05	\N	10	Egreso	Registro de Compra 1 - 01 - Ferreteria FRANCO	1
496	2024-11-19 22:21:50.870887-05	2024-11-19 22:21:50.871887-05	\N	6	Egreso	Registro de Compra 1 - 01 - Ferreteria FRANCO	1
497	2024-11-20 00:28:54.122975-05	2024-11-20 00:28:54.122983-05	\N	19	Egreso	Registro de Compra 1 - 01 - Ferreteria FRANCO	1
498	2024-11-20 00:29:51.350159-05	2024-11-20 00:29:51.350168-05	\N	20	Egreso	Registro de Compra 1 - 01 - Ferreteria FRANCO	1
499	2024-11-20 00:46:16.956064-05	2024-11-20 00:46:16.956073-05	\N	1	Egreso	Registro de Compra 1 - 01 - Ferreteria FRANCO	1
500	2024-11-20 00:46:37.663013-05	2024-11-20 00:46:37.66302-05	\N	2	Egreso	Registro de Compra 1 - 01 - Ferreteria FRANCO	1
501	2024-12-28 11:39:55.485176-05	2024-12-28 11:39:55.485187-05	\N	30000	Ingreso	Pago de factura 619 - Inversiones Sideral	1
502	2025-01-02 16:15:49.633671-05	2025-01-02 16:15:49.633686-05	\N	20000	Ingreso	Pago de factura 696 - Gerardo Agudelo	1
503	2025-01-02 16:18:58.704035-05	2025-01-02 16:18:58.70404-05	\N	24000	Ingreso	Pago de factura 704 - Luis Angel Bedoya	1
504	2025-01-02 16:21:05.254152-05	2025-01-02 16:21:05.254161-05	\N	20000	Ingreso	Pago de factura 707 - Lucila Cañaveral	1
505	2025-01-02 16:21:05.854775-05	2025-01-02 16:21:05.854782-05	\N	20000	Ingreso	Pago de factura 707 - Lucila Cañaveral	1
506	2025-01-02 16:24:13.039272-05	2025-01-02 16:24:13.039283-05	\N	20000	Ingreso	Pago de factura 715 - Javier Alexander Espinoza	1
507	2025-01-02 16:26:44.824267-05	2025-01-02 16:26:44.824274-05	\N	24000	Ingreso	Pago de factura 711 - Albeiro Florez	1
508	2025-01-02 16:28:59.961368-05	2025-01-02 16:28:59.961375-05	\N	20000	Ingreso	Pago de factura 697 - Dario Hincapie	1
509	2025-01-02 16:30:16.745303-05	2025-01-02 16:30:16.745309-05	\N	30000	Ingreso	Pago de factura 708 - Carlos Hector Hincapie	1
510	2025-01-02 16:31:35.287085-05	2025-01-02 16:31:35.287096-05	\N	20000	Ingreso	Pago de factura 698 - Lilia Ospina	1
511	2025-01-02 16:32:51.641164-05	2025-01-02 16:32:51.641173-05	\N	20000	Ingreso	Pago de factura 713 - Fredy Jhovany Rodriguez	1
512	2025-01-02 16:33:45.16178-05	2025-01-02 16:33:45.161788-05	\N	20000	Ingreso	Pago de factura 694 - Nelson Soto	1
513	2025-01-02 16:34:57.671031-05	2025-01-02 16:34:57.671041-05	\N	24000	Ingreso	Pago de factura 710 - Jose Santa	1
514	2025-01-02 16:37:04.106499-05	2025-01-02 16:37:04.106509-05	\N	20000	Ingreso	Pago de factura 701 - Raul Zapata	1
515	2025-01-02 16:38:05.905812-05	2025-01-02 16:38:05.905821-05	\N	20000	Ingreso	Pago de factura 716 - Alejandro Zapata Cañaveral (Centro Salud)	1
516	2025-01-02 16:39:09.95572-05	2025-01-02 16:39:09.95573-05	\N	20000	Ingreso	Pago de factura 648 - Elias Arango	1
517	2025-01-02 16:40:07.762994-05	2025-01-02 16:40:07.763001-05	\N	30000	Ingreso	Pago de factura 658 - Augusto Acevedo	1
518	2025-01-02 16:41:32.682645-05	2025-01-02 16:41:32.682652-05	\N	30000	Ingreso	Pago de factura 647 - Nolberto Alvarez	1
519	2025-01-02 16:48:20.086168-05	2025-01-02 16:48:20.086175-05	\N	20000	Ingreso	Pago de factura 661 - Ibaner Bermudez	1
520	2025-01-02 16:50:27.024976-05	2025-01-02 16:50:27.024986-05	\N	20000	Ingreso	Pago de factura 664 - James Bermudez	1
521	2025-01-02 16:52:18.135896-05	2025-01-02 16:52:18.135903-05	\N	10000	Ingreso	Pago de factura 669 - Jorge Betancurt	1
522	2025-01-02 16:53:34.464667-05	2025-01-02 16:53:34.464676-05	\N	20000	Ingreso	Pago de factura 653 - Alvaro Castañeda	1
523	2025-01-02 16:54:20.504268-05	2025-01-02 16:54:20.504276-05	\N	20000	Ingreso	Pago de factura 654 - Gonzalo Castañeda	1
524	2025-01-02 16:57:56.666626-05	2025-01-02 16:57:56.666631-05	\N	40000	Ingreso	Pago de factura 670 - Nelly Cañas	1
525	2025-01-02 17:00:07.24086-05	2025-01-02 17:00:07.240868-05	\N	20000	Ingreso	Pago de factura 671 - Alberto Calderon	1
526	2025-01-02 17:01:48.01158-05	2025-01-02 17:01:48.011586-05	\N	10000	Ingreso	Pago de factura 673 - Wilmar Cañas	1
527	2025-01-02 17:03:33.256924-05	2025-01-02 17:03:33.256932-05	\N	40000	Ingreso	Pago de factura 693 - Manuel Salvador Osorio	1
528	2025-01-02 17:09:28.373807-05	2025-01-02 17:09:28.373812-05	\N	20000	Ingreso	Pago de factura 674 - Irma Duque	1
529	2025-01-02 17:13:08.387641-05	2025-01-02 17:13:08.387648-05	\N	48000	Ingreso	Pago de factura 649 - Libardo Garcia	1
530	2025-01-02 17:15:19.927576-05	2025-01-02 17:15:19.927587-05	\N	24000	Ingreso	Pago de factura 660 - Evelio Gaviria	1
531	2025-01-02 17:16:48.126148-05	2025-01-02 17:16:48.126156-05	\N	20000	Ingreso	Pago de factura 662 - Napoleon Gomez	1
532	2025-01-02 17:20:35.19939-05	2025-01-02 17:20:35.199404-05	\N	20000	Ingreso	Pago de factura 677 - Fabio Grajales	1
533	2025-01-02 17:22:03.920452-05	2025-01-02 17:22:03.920459-05	\N	48000	Ingreso	Pago de factura 678 - Omar Giraldo	1
534	2025-01-02 17:23:56.31816-05	2025-01-02 17:23:56.31817-05	\N	10000	Ingreso	Pago de factura 584 - ADRIANA TORO	1
535	2025-01-02 17:37:56.995633-05	2025-01-02 17:37:56.995639-05	\N	24000	Ingreso	Pago de factura 651 - Silvio Lopez	1
536	2025-01-02 17:38:33.673344-05	2025-01-02 17:38:33.67335-05	\N	20000	Ingreso	Pago de factura 682 - Carlos Lopez	1
537	2025-01-02 17:38:50.448548-05	2025-01-02 17:38:50.448554-05	\N	20000	Ingreso	Pago de factura 683 - Manuel Salvador Londoño	1
538	2025-01-02 17:39:37.467165-05	2025-01-02 17:39:37.467174-05	\N	70000	Ingreso	Pago de factura 684 - Martha Murillo	1
539	2025-01-02 17:40:03.318587-05	2025-01-02 17:40:03.318595-05	\N	20000	Ingreso	Pago de factura 685 - Jesus Monsalve	1
540	2025-01-02 17:41:33.824917-05	2025-01-02 17:41:33.824924-05	\N	10000	Ingreso	Pago de factura 686 - Miguel Angel Muñoz	1
541	2025-01-02 17:42:10.083282-05	2025-01-02 17:42:10.083289-05	\N	24000	Ingreso	Pago de factura 680 - Gustavo Obando	1
542	2025-01-02 17:42:55.169879-05	2025-01-02 17:42:55.169886-05	\N	20000	Ingreso	Pago de factura 663 - Oscar Orozco	1
543	2025-01-02 17:43:14.100713-05	2025-01-02 17:43:14.100721-05	\N	20000	Ingreso	Pago de factura 646 - Edith Osorio	1
544	2025-01-02 17:44:40.488008-05	2025-01-02 17:44:40.488015-05	\N	24000	Ingreso	Pago de factura 688 - Maria Ramirez	1
545	2025-01-02 17:45:54.914097-05	2025-01-02 17:45:54.914105-05	\N	20000	Ingreso	Pago de factura 690 - Elvia Velez	1
546	2025-01-02 17:49:03.088286-05	2025-01-02 17:49:03.088296-05	\N	48000	Ingreso	Pago de factura 691 - Orlando Velez	1
547	2025-01-02 17:49:56.240364-05	2025-01-02 17:49:56.24037-05	\N	46000	Ingreso	Pago de factura 656 - Ivan Yepez	1
548	2025-01-02 17:50:13.627801-05	2025-01-02 17:50:13.627808-05	\N	20000	Ingreso	Pago de factura 692 - Cenaida Zapata	1
549	2025-01-02 17:55:32.450764-05	2025-01-02 17:55:32.450771-05	\N	10000	Ingreso	Pago de factura 457 - Luz Mery Alvarez	1
550	2025-01-02 17:55:42.660391-05	2025-01-02 17:55:42.660397-05	\N	20000	Ingreso	Pago de factura 603 - Luz Mery Alvarez	1
551	2025-01-02 18:08:07.117608-05	2025-01-02 18:08:07.117616-05	\N	20000	Ingreso	Pago de factura 633 - Jose Maria Alvarez	1
552	2025-01-02 18:10:27.63555-05	2025-01-02 18:10:27.635557-05	\N	20000	Ingreso	Pago de factura 604 - Ancizar Alvarez	1
553	2025-01-02 18:10:56.834217-05	2025-01-02 18:10:56.834225-05	\N	24000	Ingreso	Pago de factura 642 - Berenice Alvarez	1
554	2025-01-02 18:11:21.422994-05	2025-01-02 18:11:21.423001-05	\N	24000	Ingreso	Pago de factura 636 - Alirio Agudelo	1
555	2025-01-02 18:11:42.457844-05	2025-01-02 18:11:42.457851-05	\N	20000	Ingreso	Pago de factura 609 - Maria Enoe Betancurt	1
556	2025-01-02 18:12:02.535195-05	2025-01-02 18:12:02.535204-05	\N	40000	Ingreso	Pago de factura 592 - Henry Cañas	1
557	2025-01-02 18:13:09.271985-05	2025-01-02 18:13:09.271991-05	\N	52000	Ingreso	Pago de factura 593 - Luis David Cañas	1
558	2025-01-02 18:14:26.664017-05	2025-01-02 18:14:26.664024-05	\N	40000	Ingreso	Pago de factura 594 - Julia Cañas	1
559	2025-01-02 18:19:01.726291-05	2025-01-02 18:19:01.726304-05	\N	50000	Ingreso	Pago de factura 579 - Heriberto Cañas	1
560	2025-01-02 18:41:11.605925-05	2025-01-02 18:41:11.605934-05	\N	40000	Ingreso	Pago de factura 637 - Carlos Cañas	1
561	2025-01-02 18:41:31.663151-05	2025-01-02 18:41:31.663157-05	\N	30000	Ingreso	Pago de factura 599 - Samuel Corrales	1
562	2025-01-02 18:43:17.415868-05	2025-01-02 18:43:17.415874-05	\N	26000	Ingreso	Pago de factura 601 - Otilia Cardona	1
563	2025-01-02 18:43:37.282226-05	2025-01-02 18:43:37.282233-05	\N	20000	Ingreso	Pago de factura 613 - Maria Del Socorro Duque Valencia	1
564	2025-01-02 18:45:42.505931-05	2025-01-02 18:45:42.505938-05	\N	40000	Ingreso	Pago de factura 645 - Maria Edilia Florez	1
565	2025-01-02 18:45:42.658151-05	2025-01-02 18:45:42.658157-05	\N	40000	Ingreso	Pago de factura 645 - Maria Edilia Florez	1
566	2025-01-02 18:52:52.075606-05	2025-01-02 18:52:52.075613-05	\N	48000	Ingreso	Pago de factura 641 - Alirio Castañeda	1
567	2025-01-02 18:53:03.2439-05	2025-01-02 18:53:03.243909-05	\N	48000	Ingreso	Pago de factura 641 - Alirio Castañeda	1
568	2025-01-02 18:54:12.503962-05	2025-01-02 18:54:12.503967-05	\N	40000	Ingreso	Pago de factura 643 - Ramiro Castañeda	1
569	2025-01-02 18:54:15.45773-05	2025-01-02 18:54:15.457736-05	\N	40000	Ingreso	Pago de factura 643 - Ramiro Castañeda	1
570	2025-01-02 18:55:23.300001-05	2025-01-02 18:55:23.300007-05	\N	20000	Ingreso	Pago de factura 598 - Samuel Castañeda	1
571	2025-01-02 18:55:41.38678-05	2025-01-02 18:55:41.386788-05	\N	20000	Ingreso	Pago de factura 597 - Raul Castañeda	1
572	2025-01-02 18:56:08.611411-05	2025-01-02 18:56:08.611419-05	\N	24000	Ingreso	Pago de factura 640 - Rodrigo Bedoya	1
573	2025-01-02 18:56:30.256318-05	2025-01-02 18:56:30.256326-05	\N	24000	Ingreso	Pago de factura 588 - Jose Alexander Echeverry	1
574	2025-01-02 18:57:08.787544-05	2025-01-02 18:57:08.787551-05	\N	20000	Ingreso	Pago de factura 602 - Wilson Grajales	1
575	2025-01-02 18:58:48.302117-05	2025-01-02 18:58:48.302126-05	\N	10000	Ingreso	Pago de factura 628 - Wilmer Grajales	1
576	2025-01-02 18:59:30.14008-05	2025-01-02 18:59:30.140087-05	\N	24000	Ingreso	Pago de factura 624 - Yolanda Gutierrez	1
577	2025-01-02 19:00:01.85408-05	2025-01-02 19:00:01.85409-05	\N	20000	Ingreso	Pago de factura 638 - Pablo Emilio Gallego	1
578	2025-01-02 19:00:20.442912-05	2025-01-02 19:00:20.442925-05	\N	20000	Ingreso	Pago de factura 610 - Hector Hernandez	1
579	2025-01-02 19:02:46.348724-05	2025-01-02 19:02:46.348731-05	\N	24000	Ingreso	Pago de factura 615 - Adriana Patricia Sierra	1
580	2025-01-02 19:05:37.109007-05	2025-01-02 19:05:37.109016-05	\N	24000	Ingreso	Pago de factura 595 - Wilson Jaramillo	1
581	2025-01-02 19:08:52.771907-05	2025-01-02 19:08:52.771927-05	\N	40000	Ingreso	Pago de factura 632 - Marcela Leon	1
582	2025-01-02 19:09:26.504912-05	2025-01-02 19:09:26.504921-05	\N	24000	Ingreso	Pago de factura 665 - Manuel Salvador Leon	1
583	2025-01-02 19:18:34.727519-05	2025-01-02 19:18:34.727531-05	\N	24000	Ingreso	Pago de factura 605 - Katerine Munera	1
584	2025-01-02 19:52:35.69833-05	2025-01-02 19:52:35.698336-05	\N	48000	Ingreso	Pago de factura 618 - Jose Maria Munera	1
585	2025-01-02 19:53:33.58553-05	2025-01-02 19:53:33.585538-05	\N	24000	Ingreso	Pago de factura 626 - Orlando Naranjo	1
586	2025-01-02 19:54:30.945761-05	2025-01-02 19:54:30.945767-05	\N	40000	Ingreso	Pago de factura 606 - Carlos Emilio Sanchez	1
587	2025-01-02 20:00:58.486227-05	2025-01-02 20:00:58.486235-05	\N	20000	Ingreso	Pago de factura 612 - Hector Ortiz	1
588	2025-01-02 20:02:51.357142-05	2025-01-02 20:02:51.357148-05	\N	44000	Ingreso	Pago de factura 614 - Antonio Orozco	1
589	2025-01-02 20:10:12.30323-05	2025-01-02 20:10:12.303237-05	\N	20000	Ingreso	Pago de factura 586 - Olga Rodriguez	1
590	2025-01-02 20:11:29.6014-05	2025-01-02 20:11:29.601408-05	\N	40000	Ingreso	Pago de factura 611 - Marina Rivera	1
591	2025-01-02 20:14:01.727319-05	2025-01-02 20:14:01.727327-05	\N	20000	Ingreso	Pago de factura 620 - Duvan Rios	1
592	2025-01-02 20:15:36.962953-05	2025-01-02 20:15:36.962959-05	\N	20000	Ingreso	Pago de factura 622 - Edelberto Rios	1
593	2025-01-02 21:33:53.811716-05	2025-01-02 21:33:53.811725-05	\N	24000	Ingreso	Pago de factura 639 - Nelly Rios	1
594	2025-01-02 21:36:31.844012-05	2025-01-02 21:36:31.844018-05	\N	20000	Ingreso	Pago de factura 625 - Edilberto Restrepo	1
595	2025-01-02 21:37:16.138422-05	2025-01-02 21:37:16.138431-05	\N	20000	Ingreso	Pago de factura 616 - David Sanchez	1
596	2025-01-02 21:40:36.603265-05	2025-01-02 21:40:36.603273-05	\N	40000	Ingreso	Pago de factura 617 - Carlos Sanchez	1
597	2025-01-02 21:46:19.579464-05	2025-01-02 21:46:19.579471-05	\N	20000	Ingreso	Pago de factura 623 - Esteban Sanchez	1
598	2025-01-02 21:53:23.957878-05	2025-01-02 21:53:23.957887-05	\N	50000	Ingreso	Pago de factura 587 - Eliberto Velasquez	1
599	2025-01-02 21:54:00.69357-05	2025-01-02 21:54:00.693578-05	\N	24000	Ingreso	Pago de factura 621 - Absalon Valencia	1
600	2025-01-02 21:54:20.628938-05	2025-01-02 21:54:20.628947-05	\N	20000	Ingreso	Pago de factura 631 - Luz Grajales	1
601	2025-01-02 21:54:36.275074-05	2025-01-02 21:54:36.275082-05	\N	30000	Ingreso	Pago de factura 607 - Jose Ignacio Chavez	1
602	2025-01-04 13:05:43.350835-05	2025-01-04 13:05:43.35102-05	\N	20000	Ingreso	Pago de factura 717 - Margarita Leon	1
603	2025-01-05 21:18:44.851115-05	2025-01-05 21:18:44.851295-05	\N	5000	Egreso	Registro de Compra 3 - No aplica - ALMACEN FERRETERO Y AGRO LA COLMENA	1
604	2025-01-05 21:19:11.700654-05	2025-01-05 21:19:11.700669-05	\N	10000	Egreso	Registro de Compra 3 - No aplica - ALMACEN FERRETERO Y AGRO LA COLMENA	1
605	2025-01-05 21:20:04.26043-05	2025-01-05 21:20:04.26044-05	\N	5000	Egreso	Registro de Compra 3 - No aplica - ALMACEN FERRETERO Y AGRO LA COLMENA	1
606	2025-01-05 21:24:26.469094-05	2025-01-05 21:24:26.469103-05	\N	34200	Egreso	Registro de Compra 4 - No aplica - VARIEDADES LA SÉPTIMA	1
607	2025-01-05 21:26:26.398108-05	2025-01-05 21:26:26.398117-05	\N	450000	Egreso	Registro de Compra 5 - No aplica - FONTANERO	1
608	2025-01-05 21:30:18.732046-05	2025-01-05 21:30:18.732056-05	\N	250000	Egreso	Registro de Compra 6 - No aplica - Salomón Bermúdez	1
609	2025-01-05 21:31:34.958551-05	2025-01-05 21:31:34.958561-05	\N	8200	Egreso	Registro de Compra 7 - POS73867 - EL ANTIOQUIA	1
610	2025-01-05 21:33:18.0411-05	2025-01-05 21:33:18.041106-05	\N	133000	Egreso	Registro de Compra 8 - 674062 - CAMARA DE COMERCIO DE MANIZALES	1
611	2025-01-05 21:37:12.582573-05	2025-01-05 21:37:12.58258-05	\N	20000	Egreso	Registro de Compra 9 - No aplica - Guillermo Morales	1
612	2025-01-05 21:38:53.615348-05	2025-01-05 21:38:53.615357-05	\N	9000	Egreso	Registro de Compra 10 - No aplica - LA HERRADURA	1
613	2025-01-05 21:39:25.934999-05	2025-01-05 21:39:25.935007-05	\N	49800	Egreso	Registro de Compra 10 - No aplica - LA HERRADURA	1
614	2025-01-05 21:39:41.186203-05	2025-01-05 21:39:41.18621-05	\N	20500	Egreso	Registro de Compra 10 - No aplica - LA HERRADURA	1
615	2025-01-05 21:40:29.087295-05	2025-01-05 21:40:29.087304-05	\N	42000	Egreso	Registro de Compra 10 - No aplica - LA HERRADURA	1
616	2025-01-05 21:42:54.072336-05	2025-01-05 21:42:54.072345-05	\N	23000	Egreso	Registro de Compra 11 - No aplica - FERREINSUMOS ANSERMA	1
617	2025-01-05 21:43:32.847378-05	2025-01-05 21:43:32.847387-05	\N	2600	Egreso	Registro de Compra 12 - No aplica - MOVICENTRO	1
618	2025-01-05 21:44:16.982234-05	2025-01-05 21:44:16.982244-05	\N	38000	Egreso	Registro de Compra 13 - No aplica - BT S.A.S. ZOMAC	1
619	2025-01-05 21:44:36.41706-05	2025-01-05 21:44:36.417069-05	\N	500	Egreso	Registro de Compra 13 - No aplica - BT S.A.S. ZOMAC	1
620	2025-01-05 21:44:55.260434-05	2025-01-05 21:44:55.260446-05	\N	45000	Egreso	Registro de Compra 13 - No aplica - BT S.A.S. ZOMAC	1
621	2025-01-05 21:45:24.787922-05	2025-01-05 21:45:24.78793-05	\N	3000	Egreso	Registro de Compra 13 - No aplica - BT S.A.S. ZOMAC	1
622	2025-01-05 21:45:36.720713-05	2025-01-05 21:45:36.720721-05	\N	9000	Egreso	Registro de Compra 13 - No aplica - BT S.A.S. ZOMAC	1
623	2025-01-05 21:46:31.329945-05	2025-01-05 21:46:31.329953-05	\N	450000	Egreso	Registro de Compra 14 - No aplica - FONTANERO	1
624	2025-01-05 21:50:07.262841-05	2025-01-05 21:50:07.262856-05	\N	134000	Egreso	Registro de Compra 15 - No aplica - Guillermo Morales	1
625	2025-01-05 21:50:48.149072-05	2025-01-05 21:50:48.149083-05	\N	450000	Egreso	Registro de Compra 16 - No aplica - FONTANERO	1
626	2025-01-05 21:51:31.939504-05	2025-01-05 21:51:31.939513-05	\N	450000	Egreso	Registro de Compra 17 - No aplica - FONTANERO	1
627	2025-01-05 21:51:57.322664-05	2025-01-05 21:51:57.322671-05	\N	450000	Egreso	Registro de Compra 18 - No aplica - FONTANERO	1
628	2025-01-05 21:53:33.421046-05	2025-01-05 21:53:33.421054-05	\N	13500	Egreso	Registro de Compra 19 - No aplica - VARIEDADES LA SÉPTIMA	1
629	2025-01-05 21:55:24.392639-05	2025-01-05 21:55:24.392645-05	\N	30400	Egreso	Registro de Compra 20 - PO 48521 - Ferreteria FRANCO	1
630	2025-01-05 21:57:02.533658-05	2025-01-05 21:57:02.533669-05	\N	118100	Egreso	Registro de Compra 21 - POS 48511 - Ferreteria FRANCO	1
631	2025-01-05 21:57:54.656674-05	2025-01-05 21:57:54.656681-05	\N	182200	Egreso	Registro de Compra 22 - POS 48510 - Ferreteria FRANCO	1
632	2025-01-05 22:00:39.525163-05	2025-01-05 22:00:39.525172-05	\N	6000	Egreso	Registro de Compra 23 - FE46643 - CEDI FERREINDUSTRIAL EL CEDRO S.A.S	1
633	2025-01-05 22:01:44.548963-05	2025-01-05 22:01:44.548973-05	\N	9000	Egreso	Registro de Compra 23 - FE46643 - CEDI FERREINDUSTRIAL EL CEDRO S.A.S	1
634	2025-01-05 22:02:30.865206-05	2025-01-05 22:02:30.865218-05	\N	6000	Egreso	Registro de Compra 23 - FE46643 - CEDI FERREINDUSTRIAL EL CEDRO S.A.S	1
635	2025-01-05 22:03:23.299419-05	2025-01-05 22:03:23.299425-05	\N	6000	Egreso	Registro de Compra 23 - FE46643 - CEDI FERREINDUSTRIAL EL CEDRO S.A.S	1
636	2025-01-05 22:04:01.147894-05	2025-01-05 22:04:01.147903-05	\N	194400	Egreso	Registro de Compra 23 - FE46643 - CEDI FERREINDUSTRIAL EL CEDRO S.A.S	1
637	2025-01-05 22:04:38.329443-05	2025-01-05 22:04:38.329454-05	\N	117000	Egreso	Registro de Compra 23 - FE46643 - CEDI FERREINDUSTRIAL EL CEDRO S.A.S	1
638	2025-01-05 22:06:09.48259-05	2025-01-05 22:06:09.482599-05	\N	96000	Egreso	Registro de Compra 23 - FE46643 - CEDI FERREINDUSTRIAL EL CEDRO S.A.S	1
639	2025-01-05 22:06:40.567748-05	2025-01-05 22:06:40.567755-05	\N	32400	Egreso	Registro de Compra 23 - FE46643 - CEDI FERREINDUSTRIAL EL CEDRO S.A.S	1
640	2025-01-05 22:07:35.827465-05	2025-01-05 22:07:35.827472-05	\N	24500	Egreso	Registro de Compra 23 - FE46643 - CEDI FERREINDUSTRIAL EL CEDRO S.A.S	1
641	2025-01-05 22:08:45.828459-05	2025-01-05 22:08:45.828467-05	\N	20000	Egreso	Registro de Compra 23 - FE46643 - CEDI FERREINDUSTRIAL EL CEDRO S.A.S	1
642	2025-01-05 22:09:23.307252-05	2025-01-05 22:09:23.307259-05	\N	22000	Egreso	Registro de Compra 23 - FE46643 - CEDI FERREINDUSTRIAL EL CEDRO S.A.S	1
643	2025-01-05 22:10:13.606569-05	2025-01-05 22:10:13.606578-05	\N	2000	Egreso	Registro de Compra 23 - FE46643 - CEDI FERREINDUSTRIAL EL CEDRO S.A.S	1
644	2025-01-05 22:11:49.443586-05	2025-01-05 22:11:49.443593-05	\N	65900	Egreso	Registro de Compra 24 - 663072 - CAMARA DE COMERCIO DE MANIZALES	1
\.


--
-- TOC entry 5213 (class 0 OID 76216)
-- Dependencies: 268
-- Data for Name: payments_invoice; Type: TABLE DATA; Schema: public; Owner: postgres
--

COPY public.payments_invoice (id, created_date, modified_date, user_modified, description, issuance_date, period_to_pay, monthly_value_to_pay, pending_balance, total_amount, last_payment_date, payment_status, expiration_date, invoice_status, company_id, suscriber_id) FROM stdin;
36	2024-03-08 14:41:05.550108-05	2024-03-08 14:41:05.550108-05	\N	\N	2024-03-08	febrero-marzo	10000	0.00	10000.00	\N	pending	2024-03-23 14:41:00.230729-05	invoice_valid	1	26
55	2024-03-08 14:41:08.629768-05	2024-03-08 14:41:08.629768-05	\N	\N	2024-03-08	febrero-marzo	24000	0.00	24000.00	2024-03-08 14:45:44.340304-05	paid	2024-03-23 14:41:00.230729-05	invoice_valid	1	70
9	2024-03-08 14:41:01.263765-05	2024-03-08 14:41:01.263765-05	\N	\N	2024-03-08	febrero-marzo	20000	0.00	20000.00	2024-03-08 14:46:30.944993-05	paid	2024-03-23 14:41:00.230729-05	invoice_valid	1	100
25	2024-03-08 14:41:03.625574-05	2024-03-08 14:41:03.625574-05	\N	\N	2024-03-08	febrero-marzo	20000	0.00	20000.00	2024-03-08 14:46:49.367492-05	paid	2024-03-23 14:41:00.230729-05	invoice_valid	1	35
16	2024-03-08 14:41:02.219462-05	2024-03-08 14:41:02.219462-05	\N	\N	2024-03-08	febrero-marzo	20000	0.00	20000.00	2024-03-08 14:48:46.272281-05	paid	2024-03-23 14:41:00.230729-05	invoice_valid	1	2
41	2024-03-08 14:41:06.041073-05	2024-03-08 14:41:06.041073-05	\N	\N	2024-03-08	febrero-marzo	20000	0.00	20000.00	2024-03-08 14:59:31.749945-05	paid	2024-03-23 14:41:00.230729-05	invoice_valid	1	46
40	2024-03-08 14:41:06.041073-05	2024-03-08 14:41:06.041073-05	\N	\N	2024-03-08	febrero-marzo	20000	0.00	20000.00	2024-03-08 15:10:44.707809-05	paid	2024-03-23 14:41:00.230729-05	invoice_valid	1	34
30	2024-03-08 14:41:04.322053-05	2024-03-08 14:41:04.322053-05	\N	\N	2024-03-08	febrero-marzo	24000	0.00	24000.00	2024-03-08 15:12:38.448069-05	paid	2024-03-23 14:41:00.230729-05	invoice_valid	1	14
52	2024-03-08 14:41:07.730509-05	2024-03-08 14:41:07.730509-05	\N	\N	2024-03-08	febrero-marzo	30000	0.00	30000.00	2024-03-08 15:18:51.72753-05	paid	2024-03-23 14:41:00.230729-05	invoice_valid	1	29
33	2024-03-08 14:41:04.5711-05	2024-03-08 14:41:04.5711-05	\N	\N	2024-03-08	febrero-marzo	20000	0.00	20000.00	2024-03-08 15:27:10.411235-05	paid	2024-03-23 14:41:00.230729-05	invoice_valid	1	32
31	2024-03-08 14:41:04.341489-05	2024-03-08 14:41:04.341489-05	\N	\N	2024-03-08	febrero-marzo	20000	0.00	20000.00	2024-03-08 15:35:10.115234-05	paid	2024-03-23 14:41:00.230729-05	invoice_valid	1	22
56	2024-03-08 14:41:08.866351-05	2024-03-08 14:41:08.866351-05	\N	\N	2024-03-08	febrero-marzo	20000	0.00	20000.00	2024-03-08 15:37:38.485454-05	paid	2024-03-23 14:41:00.230729-05	invoice_valid	1	59
8	2024-03-08 14:41:01.249037-05	2024-03-08 14:41:01.249037-05	\N	\N	2024-03-08	febrero-marzo	24000	0.00	24000.00	2024-03-08 15:38:35.194661-05	paid	2024-03-23 14:41:00.230729-05	invoice_valid	1	116
35	2024-03-08 14:41:05.230242-05	2024-03-08 14:41:05.230242-05	\N	\N	2024-03-08	febrero-marzo	24000	0.00	24000.00	2024-03-08 15:39:48.145648-05	paid	2024-03-23 14:41:00.230729-05	invoice_valid	1	25
49	2024-03-08 14:41:07.259448-05	2024-03-08 14:41:07.259448-05	\N	\N	2024-03-08	febrero-marzo	24000	0.00	24000.00	2024-03-08 15:41:52.725315-05	paid	2024-03-23 14:41:00.230729-05	invoice_valid	1	6
24	2024-03-08 14:41:03.622577-05	2024-03-08 14:41:03.623576-05	\N	\N	2024-03-08	febrero-marzo	30000	0.00	30000.00	2024-03-08 15:42:59.79559-05	paid	2024-03-23 14:41:00.230729-05	invoice_valid	1	18
7	2024-03-08 14:41:01.02266-05	2024-03-08 14:41:01.02266-05	\N	\N	2024-03-08	febrero-marzo	20000	0.00	20000.00	2024-03-08 15:45:49.478053-05	paid	2024-03-23 14:41:00.230729-05	invoice_valid	1	67
42	2024-03-08 14:41:06.289141-05	2024-03-08 14:41:06.289141-05	\N	\N	2024-03-08	febrero-marzo	44000	0.00	44000.00	2024-03-08 15:51:50.849804-05	paid	2024-03-23 14:41:00.230729-05	invoice_valid	1	38
11	2024-03-08 14:41:01.497467-05	2024-03-08 14:41:01.497467-05	\N	\N	2024-03-08	febrero-marzo	24000	0.00	24000.00	2024-03-08 15:53:26.600311-05	paid	2024-03-23 14:41:00.230729-05	invoice_valid	1	79
4	2024-03-08 14:41:00.535533-05	2024-03-08 14:41:00.535533-05	\N	\N	2024-03-08	febrero-marzo	10000	0.00	10000.00	2024-03-08 15:54:24.846368-05	paid	2024-03-23 14:41:00.230729-05	invoice_valid	1	23
34	2024-03-08 14:41:04.790448-05	2024-03-08 14:41:04.790448-05	\N	\N	2024-03-08	febrero-marzo	24000	0.00	24000.00	2024-03-08 15:55:01.580146-05	paid	2024-03-23 14:41:00.230729-05	invoice_valid	1	13
22	2024-03-08 14:41:03.368336-05	2024-03-08 14:41:03.368336-05	\N	\N	2024-03-08	febrero-marzo	26000	0.00	26000.00	2024-03-08 15:56:53.033046-05	paid	2024-03-23 14:41:00.230729-05	invoice_valid	1	11
44	2024-03-08 14:41:06.528066-05	2024-03-08 14:41:06.528066-05	\N	\N	2024-03-08	febrero-marzo	20000	0.00	20000.00	2024-03-08 15:57:47.121896-05	paid	2024-03-23 14:41:00.230729-05	invoice_valid	1	33
45	2024-03-08 14:41:06.528066-05	2024-03-08 14:41:06.528066-05	\N	\N	2024-03-08	febrero-marzo	20000	0.00	20000.00	2024-03-08 16:00:30.043861-05	paid	2024-03-23 14:41:00.230729-05	invoice_valid	1	47
32	2024-03-08 14:41:04.5711-05	2024-03-08 14:41:04.5711-05	\N	\N	2024-03-08	febrero-marzo	70000	0.00	70000.00	2024-03-08 16:02:55.890016-05	paid	2024-03-23 14:41:00.230729-05	invoice_valid	1	30
43	2024-03-08 14:41:06.293395-05	2024-03-08 14:41:06.293395-05	\N	\N	2024-03-08	febrero-marzo	24000	0.00	24000.00	2024-03-08 16:04:24.774058-05	paid	2024-03-23 14:41:00.230729-05	invoice_valid	1	19
27	2024-03-08 14:41:03.870683-05	2024-03-08 14:41:03.870683-05	\N	\N	2024-03-08	febrero-marzo	20000	0.00	20000.00	2024-03-08 16:05:35.383451-05	paid	2024-03-23 14:41:00.230729-05	invoice_valid	1	17
48	2024-03-08 14:41:07.015188-05	2024-03-08 14:41:07.015188-05	\N	\N	2024-03-08	febrero-marzo	20000	0.00	20000.00	2024-03-08 16:07:35.974069-05	paid	2024-03-23 14:41:00.230729-05	invoice_valid	1	42
26	2024-03-08 14:41:03.854728-05	2024-03-08 14:41:03.854728-05	\N	\N	2024-03-08	febrero-marzo	30000	0.00	30000.00	2024-03-08 16:07:59.559222-05	paid	2024-03-23 14:41:00.230729-05	invoice_valid	1	45
23	2024-03-08 14:41:03.383963-05	2024-03-08 14:41:03.383963-05	\N	\N	2024-03-08	febrero-marzo	20000	0.00	20000.00	2024-03-08 16:08:30.715957-05	paid	2024-03-23 14:41:00.230729-05	invoice_valid	1	12
18	2024-03-08 14:41:02.652239-05	2024-03-08 14:41:02.652239-05	\N	\N	2024-03-08	febrero-marzo	20000	0.00	20000.00	2024-03-08 16:18:50.129955-05	paid	2024-03-23 14:41:00.230729-05	invoice_valid	1	186
12	2024-03-08 14:41:01.71685-05	2024-03-08 14:41:01.71685-05	\N	\N	2024-03-08	febrero-marzo	24000	0.00	24000.00	2024-03-08 16:24:08.605769-05	paid	2024-03-23 14:41:00.230729-05	invoice_valid	1	5
51	2024-03-08 14:41:07.500958-05	2024-03-08 14:41:07.500958-05	\N	\N	2024-03-08	febrero-marzo	24000	0.00	24000.00	2024-03-08 16:24:46.742213-05	paid	2024-03-23 14:41:00.230729-05	invoice_valid	1	48
15	2024-03-08 14:41:02.214164-05	2024-03-08 14:41:02.214164-05	\N	\N	2024-03-08	febrero-marzo	26000	0.00	26000.00	2024-03-08 16:25:12.233277-05	paid	2024-03-23 14:41:00.230729-05	invoice_valid	1	20
19	2024-03-08 14:41:02.900624-05	2024-03-08 14:41:02.900624-05	\N	\N	2024-03-08	febrero-marzo	20000	0.00	20000.00	2024-03-08 16:25:56.150278-05	paid	2024-03-23 14:41:00.230729-05	invoice_valid	1	24
50	2024-03-08 14:41:07.262748-05	2024-03-08 14:41:07.262748-05	\N	\N	2024-03-08	febrero-marzo	24000	0.00	24000.00	2024-03-08 16:26:08.410626-05	paid	2024-03-23 14:41:00.230729-05	invoice_valid	1	7
38	2024-03-08 14:41:05.792612-05	2024-03-08 14:41:05.792612-05	\N	\N	2024-03-08	febrero-marzo	24000	0.00	24000.00	\N	expired	2024-03-23 14:41:00.230729-05	invoice_cancelled	1	43
46	2024-03-08 14:41:06.768981-05	2024-03-08 14:41:06.768981-05	\N	\N	2024-03-08	febrero-marzo	20000	0.00	20000.00	\N	expired	2024-03-23 14:41:00.230729-05	invoice_cancelled	1	49
53	2024-03-08 14:41:08.177106-05	2024-03-08 14:41:08.177106-05	\N	\N	2024-03-08	febrero-marzo	24000	0.00	24000.00	\N	expired	2024-03-23 14:41:00.230729-05	invoice_cancelled	1	78
5	2024-03-08 14:41:00.801271-05	2024-03-08 14:41:00.801271-05	\N	\N	2024-03-08	febrero-marzo	24000	0.00	13000.00	2024-04-26 17:13:19.723229-05	paid	2024-03-23 14:41:00.230729-05	invoice_valid	1	40
39	2024-03-08 14:41:05.792612-05	2024-03-08 14:41:05.792612-05	\N	\N	2024-03-08	febrero-marzo	20000	0.00	20000.00	\N	expired	2024-03-23 14:41:00.230729-05	invoice_cancelled	1	27
13	2024-03-08 14:41:01.7355-05	2024-03-08 14:41:01.7355-05	\N	\N	2024-03-08	febrero-marzo	20000	0.00	20000.00	\N	expired	2024-03-23 14:41:00.230729-05	invoice_cancelled	1	50
20	2024-03-08 14:41:03.140627-05	2024-03-08 14:41:03.140627-05	\N	\N	2024-03-08	febrero-marzo	20000	0.00	20000.00	2024-04-26 17:37:30.625918-05	paid	2024-03-23 14:41:00.230729-05	invoice_valid	1	31
21	2024-03-08 14:41:03.145621-05	2024-03-08 14:41:03.145621-05	\N	\N	2024-03-08	febrero-marzo	40000	0.00	40000.00	\N	expired	2024-03-23 14:41:00.230729-05	invoice_cancelled	1	10
17	2024-03-08 14:41:02.432919-05	2024-03-08 14:41:02.432919-05	\N	\N	2024-03-08	febrero-marzo	50000	0.00	50000.00	\N	expired	2024-03-23 14:41:00.230729-05	invoice_cancelled	1	3
10	2024-03-08 14:41:01.495361-05	2024-03-08 14:41:01.495361-05	\N	\N	2024-03-08	febrero-marzo	30000	0.00	30000.00	\N	expired	2024-03-23 14:41:00.230729-05	invoice_cancelled	1	91
54	2024-03-08 14:41:08.39806-05	2024-03-08 14:41:08.39806-05	\N	\N	2024-03-08	febrero-marzo	26000	0.00	26000.00	\N	expired	2024-03-23 14:41:00.230729-05	invoice_cancelled	1	81
37	2024-03-08 14:41:05.555104-05	2024-03-08 14:41:05.555104-05	\N	\N	2024-03-08	febrero-marzo	20000	0.00	20000.00	2024-09-04 21:17:59.43001-05	paid	2024-03-23 14:41:00.230729-05	invoice_valid	1	37
105	2024-03-08 14:41:16.68389-05	2024-03-08 14:41:16.68389-05	\N	\N	2024-03-08	febrero-marzo	20000	0.00	20000.00	2024-03-08 14:56:49.446299-05	paid	2024-03-23 14:41:00.230729-05	invoice_valid	1	140
70	2024-03-08 14:41:10.800827-05	2024-03-08 14:41:10.800827-05	\N	\N	2024-03-08	febrero-marzo	20000	0.00	20000.00	2024-11-05 16:38:31.368739-05	paid	2024-03-23 14:41:00.230729-05	invoice_valid	1	62
3	2024-07-20 14:06:07.365295-05	2024-07-20 14:06:07.365295-05	\N	30.000 (periodo facturado) + 22000 (saldo anterior)	2024-07-20	Mayo-Junio	25000	52000.00	52000.00	\N	paid	2024-08-04 14:06:07.365295-05	invoice_cancelled	1	98
14	2024-03-08 14:41:01.965142-05	2024-03-08 14:41:01.965142-05	\N	\N	2024-03-08	febrero-marzo	50000	0.00	50000.00	2024-11-05 17:03:59.624304-05	paid	2024-03-23 14:41:00.230729-05	invoice_valid	1	98
111	2024-03-08 14:41:17.84384-05	2024-03-08 14:41:17.84384-05	\N	\N	2024-03-08	febrero-marzo	20000	0.00	20000.00	2024-03-08 14:57:43.372154-05	paid	2024-03-23 14:41:00.230729-05	invoice_valid	1	80
108	2024-03-08 14:41:17.37098-05	2024-03-08 14:41:17.37098-05	\N	\N	2024-03-08	febrero-marzo	24000	0.00	24000.00	2024-03-08 15:08:40.177793-05	paid	2024-03-23 14:41:00.230729-05	invoice_valid	1	137
86	2024-03-08 14:41:13.135265-05	2024-03-08 14:41:13.135265-05	\N	\N	2024-03-08	febrero-marzo	20000	0.00	20000.00	2024-03-08 15:12:17.259807-05	paid	2024-03-23 14:41:00.230729-05	invoice_valid	1	109
62	2024-03-08 14:41:09.582521-05	2024-03-08 14:41:09.582521-05	\N	\N	2024-03-08	febrero-marzo	24000	0.00	24000.00	2024-03-08 15:12:50.627491-05	paid	2024-03-23 14:41:00.230729-05	invoice_valid	1	76
69	2024-03-08 14:41:10.785202-05	2024-03-08 14:41:10.785202-05	\N	\N	2024-03-08	febrero-marzo	24000	0.00	24000.00	2024-03-08 15:14:02.037656-05	paid	2024-03-23 14:41:00.230729-05	invoice_valid	1	54
77	2024-03-08 14:41:11.966663-05	2024-03-08 14:41:11.966663-05	\N	\N	2024-03-08	febrero-marzo	30000	0.00	30000.00	2024-03-08 15:14:21.766299-05	paid	2024-03-23 14:41:00.230729-05	invoice_valid	1	88
93	2024-03-08 14:41:14.516763-05	2024-03-08 14:41:14.516763-05	\N	\N	2024-03-08	febrero-marzo	30000	0.00	30000.00	2024-03-08 15:15:09.825595-05	paid	2024-03-23 14:41:00.230729-05	invoice_valid	1	124
89	2024-03-08 14:41:13.791949-05	2024-03-08 14:41:13.791949-05	\N	\N	2024-03-08	febrero-marzo	24000	0.00	24000.00	2024-03-08 15:31:13.111755-05	paid	2024-03-23 14:41:00.230729-05	invoice_valid	1	117
91	2024-03-08 14:41:14.040999-05	2024-03-08 14:41:14.040999-05	\N	\N	2024-03-08	febrero-marzo	20000	0.00	20000.00	2024-03-08 15:32:40.909884-05	paid	2024-03-23 14:41:00.230729-05	invoice_valid	1	99
95	2024-03-08 14:41:14.81314-05	2024-03-08 14:41:14.81314-05	\N	\N	2024-03-08	febrero-marzo	10000	0.00	10000.00	2024-03-08 15:39:07.791508-05	paid	2024-03-23 14:41:00.230729-05	invoice_valid	1	127
87	2024-03-08 14:41:13.573305-05	2024-03-08 14:41:13.573305-05	\N	\N	2024-03-08	febrero-marzo	20000	0.00	20000.00	2024-03-08 15:42:19.218674-05	paid	2024-03-23 14:41:00.230729-05	invoice_valid	1	115
75	2024-03-08 14:41:11.72061-05	2024-03-08 14:41:11.72061-05	\N	\N	2024-03-08	febrero-marzo	20000	0.00	20000.00	2024-03-08 15:43:38.768503-05	paid	2024-03-23 14:41:00.230729-05	invoice_valid	1	63
84	2024-03-08 14:41:12.897044-05	2024-03-08 14:41:12.897044-05	\N	\N	2024-03-08	febrero-marzo	30000	0.00	30000.00	2024-03-08 15:45:05.144823-05	paid	2024-03-23 14:41:00.230729-05	invoice_valid	1	105
63	2024-03-08 14:41:09.83048-05	2024-03-08 14:41:09.83048-05	\N	\N	2024-03-08	febrero-marzo	10000	0.00	10000.00	2024-03-08 15:47:57.635837-05	paid	2024-03-23 14:41:00.230729-05	invoice_valid	1	57
81	2024-03-08 14:41:12.430436-05	2024-03-08 14:41:12.430436-05	\N	\N	2024-03-08	febrero-marzo	24000	0.00	24000.00	2024-03-08 15:50:52.284264-05	paid	2024-03-23 14:41:00.230729-05	invoice_valid	1	97
98	2024-03-08 14:41:15.311023-05	2024-03-08 14:41:15.311023-05	\N	\N	2024-03-08	febrero-marzo	20000	0.00	20000.00	2024-03-08 15:52:44.871711-05	paid	2024-03-23 14:41:00.230729-05	invoice_valid	1	107
72	2024-03-08 14:41:11.039396-05	2024-03-08 14:41:11.039396-05	\N	\N	2024-03-08	febrero-marzo	20000	0.00	20000.00	2024-03-08 16:01:07.709391-05	paid	2024-03-23 14:41:00.230729-05	invoice_valid	1	53
107	2024-03-08 14:41:16.929371-05	2024-03-08 14:41:16.929371-05	\N	\N	2024-03-08	febrero-marzo	70000	0.00	70000.00	2024-03-08 16:03:33.521389-05	paid	2024-03-23 14:41:00.230729-05	invoice_valid	1	142
102	2024-03-08 14:41:15.796545-05	2024-03-08 14:41:15.796545-05	\N	\N	2024-03-08	febrero-marzo	20000	0.00	20000.00	2024-03-08 16:04:14.398891-05	paid	2024-03-23 14:41:00.230729-05	invoice_valid	1	132
76	2024-03-08 14:41:11.738558-05	2024-03-08 14:41:11.738558-05	\N	\N	2024-03-08	febrero-marzo	20000	0.00	20000.00	2024-03-08 16:04:58.383087-05	paid	2024-03-23 14:41:00.230729-05	invoice_valid	1	93
82	2024-03-08 14:41:12.65496-05	2024-03-08 14:41:12.65496-05	\N	\N	2024-03-08	febrero-marzo	20000	0.00	20000.00	2024-03-08 16:05:21.986-05	paid	2024-03-23 14:41:00.230729-05	invoice_valid	1	87
71	2024-03-08 14:41:11.03517-05	2024-03-08 14:41:11.03517-05	\N	\N	2024-03-08	febrero-marzo	24000	0.00	24000.00	2024-03-08 16:07:09.582615-05	paid	2024-03-23 14:41:00.230729-05	invoice_valid	1	75
78	2024-03-08 14:41:11.968658-05	2024-03-08 14:41:11.968658-05	\N	\N	2024-03-08	febrero-marzo	24000	0.00	24000.00	2024-03-08 16:07:46.580408-05	paid	2024-03-23 14:41:00.230729-05	invoice_valid	1	96
101	2024-03-08 14:41:15.792418-05	2024-03-08 14:41:15.792418-05	\N	\N	2024-03-08	febrero-marzo	10000	0.00	10000.00	2024-03-08 16:08:45.229473-05	paid	2024-03-23 14:41:00.230729-05	invoice_valid	1	131
59	2024-03-08 14:41:09.114691-05	2024-03-08 14:41:09.114691-05	\N	\N	2024-03-08	febrero-marzo	16000	0.00	16000.00	2024-03-08 16:23:58.174046-05	paid	2024-03-23 14:41:00.230729-05	invoice_valid	1	68
96	2024-03-08 14:41:15.048365-05	2024-03-08 14:41:15.048365-05	\N	\N	2024-03-08	febrero-marzo	20000	0.00	20000.00	2024-03-08 16:24:24.928019-05	paid	2024-03-23 14:41:00.230729-05	invoice_valid	1	129
74	2024-03-08 14:41:11.501935-05	2024-03-08 14:41:11.501935-05	\N	\N	2024-03-08	febrero-marzo	24000	0.00	24000.00	2024-03-08 16:24:37.07026-05	paid	2024-03-23 14:41:00.230729-05	invoice_valid	1	55
85	2024-03-08 14:41:13.130269-05	2024-03-08 14:41:13.130269-05	\N	\N	2024-03-08	febrero-marzo	24000	0.00	24000.00	2024-03-08 16:25:01.108278-05	paid	2024-03-23 14:41:00.230729-05	invoice_valid	1	111
88	2024-03-08 14:41:13.577621-05	2024-03-08 14:41:13.577621-05	\N	\N	2024-03-08	febrero-marzo	20000	0.00	20000.00	2024-03-08 16:25:44.724256-05	paid	2024-03-23 14:41:00.230729-05	invoice_valid	1	120
65	2024-03-08 14:41:10.069092-05	2024-03-08 14:41:10.069092-05	\N	\N	2024-03-08	febrero-marzo	20000	0.00	20000.00	2024-03-08 16:26:40.20017-05	paid	2024-03-23 14:41:00.230729-05	invoice_valid	1	74
73	2024-03-08 14:41:11.268518-05	2024-03-08 14:41:11.268518-05	\N	\N	2024-03-08	febrero-marzo	24000	0.00	24000.00	\N	expired	2024-03-23 14:41:00.230729-05	invoice_cancelled	1	56
64	2024-03-08 14:41:10.069092-05	2024-03-08 14:41:10.069092-05	\N	\N	2024-03-08	febrero-marzo	24000	0.00	24000.00	\N	expired	2024-03-23 14:41:00.230729-05	invoice_cancelled	1	52
58	2024-03-08 14:41:09.114691-05	2024-03-08 14:41:09.114691-05	\N	\N	2024-03-08	febrero-marzo	20000	0.00	20000.00	\N	expired	2024-03-23 14:41:00.230729-05	invoice_cancelled	1	86
99	2024-03-08 14:41:15.547961-05	2024-03-08 14:41:15.547961-05	\N	\N	2024-03-08	febrero-marzo	24000	0.00	24000.00	\N	expired	2024-03-23 14:41:00.230729-05	invoice_cancelled	1	108
79	2024-03-08 14:41:12.183199-05	2024-03-08 14:41:12.183199-05	\N	\N	2024-03-08	febrero-marzo	24000	0.00	24000.00	\N	expired	2024-03-23 14:41:00.230729-05	invoice_cancelled	1	94
57	2024-03-08 14:41:08.866351-05	2024-03-08 14:41:08.866351-05	\N	\N	2024-03-08	febrero-marzo	20000	0.00	20000.00	\N	expired	2024-03-23 14:41:00.230729-05	invoice_cancelled	1	71
61	2024-03-08 14:41:09.582521-05	2024-03-08 14:41:09.582521-05	\N	\N	2024-03-08	febrero-marzo	24000	0.00	24000.00	\N	expired	2024-03-23 14:41:00.230729-05	invoice_cancelled	1	77
104	2024-03-08 14:41:16.452709-05	2024-03-08 14:41:16.452709-05	\N	\N	2024-03-08	febrero-marzo	24000	0.00	24000.00	\N	expired	2024-03-23 14:41:00.230729-05	invoice_cancelled	1	119
80	2024-03-08 14:41:12.426443-05	2024-03-08 14:41:12.426443-05	\N	\N	2024-03-08	febrero-marzo	24000	0.00	24000.00	\N	expired	2024-03-23 14:41:00.230729-05	invoice_cancelled	1	92
90	2024-03-08 14:41:14.039004-05	2024-03-08 14:41:14.039004-05	\N	\N	2024-03-08	febrero-marzo	10000	0.00	10000.00	\N	expired	2024-03-23 14:41:00.230729-05	invoice_cancelled	1	122
94	2024-03-08 14:41:14.519761-05	2024-03-08 14:41:14.519761-05	\N	\N	2024-03-08	febrero-marzo	20000	0.00	20000.00	\N	expired	2024-03-23 14:41:00.230729-05	invoice_cancelled	1	125
97	2024-03-08 14:41:15.307027-05	2024-03-08 14:41:15.307027-05	\N	\N	2024-03-08	febrero-marzo	24000	0.00	24000.00	\N	expired	2024-03-23 14:41:00.230729-05	invoice_cancelled	1	130
106	2024-03-08 14:41:16.925378-05	2024-03-08 14:41:16.925378-05	\N	\N	2024-03-08	febrero-marzo	20000	0.00	20000.00	\N	expired	2024-03-23 14:41:00.230729-05	invoice_cancelled	1	141
103	2024-03-08 14:41:16.448708-05	2024-03-08 14:41:16.448708-05	\N	\N	2024-03-08	febrero-marzo	24000	0.00	24000.00	\N	expired	2024-03-23 14:41:00.230729-05	invoice_cancelled	1	135
66	2024-03-08 14:41:10.317452-05	2024-03-08 14:41:10.317452-05	\N	\N	2024-03-08	febrero-marzo	24000	0.00	24000.00	\N	expired	2024-03-23 14:41:00.230729-05	invoice_cancelled	1	61
67	2024-03-08 14:41:10.317452-05	2024-03-08 14:41:10.317452-05	\N	\N	2024-03-08	febrero-marzo	20000	0.00	20000.00	\N	expired	2024-03-23 14:41:00.230729-05	invoice_cancelled	1	64
115	2024-03-08 14:41:18.335643-05	2024-03-08 14:41:18.335643-05	\N	\N	2024-03-08	febrero-marzo	30000	0.00	30000.00	\N	pending	2024-03-23 14:41:00.230729-05	invoice_valid	1	148
100	2024-03-08 14:41:15.547961-05	2024-03-08 14:41:15.547961-05	\N	\N	2024-03-08	febrero-marzo	20000	0.00	20000.00	2024-03-08 14:52:13.696267-05	paid	2024-03-23 14:41:00.230729-05	invoice_valid	1	110
122	2024-03-08 14:41:19.583986-05	2024-03-08 14:41:19.583986-05	\N	\N	2024-03-08	febrero-marzo	20000	0.00	20000.00	2024-03-08 14:53:36.647548-05	paid	2024-03-23 14:41:00.230729-05	invoice_valid	1	152
147	2024-03-08 15:07:06.762858-05	2024-03-08 15:07:06.762858-05	\N	Pago restante anual	2024-03-08	Anual	10000	100000.00	100000.00	2024-03-08 15:07:21.212632-05	paid	2024-03-23 15:07:06.762858-05	invoice_valid	1	46
120	2024-03-08 14:41:19.331906-05	2024-03-08 14:41:19.331906-05	\N	\N	2024-03-08	febrero-marzo	20000	0.00	20000.00	2024-03-08 15:34:45.775781-05	paid	2024-03-23 14:41:00.230729-05	invoice_valid	1	150
113	2024-03-08 14:41:18.087218-05	2024-03-08 14:41:18.087218-05	\N	\N	2024-03-08	febrero-marzo	20000	0.00	20000.00	2024-03-08 15:36:37.813194-05	paid	2024-03-23 14:41:00.230729-05	invoice_valid	1	153
109	2024-03-08 14:41:17.599529-05	2024-03-08 14:41:17.599529-05	\N	\N	2024-03-08	febrero-marzo	20000	0.00	20000.00	2024-03-08 15:40:27.533963-05	paid	2024-03-23 14:41:00.230729-05	invoice_valid	1	112
118	2024-03-08 14:41:18.843959-05	2024-03-08 14:41:18.843959-05	\N	\N	2024-03-08	febrero-marzo	20000	0.00	20000.00	2024-03-08 15:50:13.94576-05	paid	2024-03-23 14:41:00.230729-05	invoice_valid	1	145
125	2024-03-08 14:41:19.845257-05	2024-03-08 14:41:19.845257-05	\N	\N	2024-03-08	febrero-marzo	24000	0.00	24000.00	2024-03-08 15:56:04.541104-05	paid	2024-03-23 14:41:00.230729-05	invoice_valid	1	165
129	2024-03-08 14:41:20.789658-05	2024-03-08 14:41:20.789658-05	\N	\N	2024-03-08	febrero-marzo	20000	0.00	20000.00	2024-03-08 15:57:18.876332-05	paid	2024-03-23 14:41:00.230729-05	invoice_valid	1	180
136	2024-03-08 14:41:21.527868-05	2024-03-08 14:41:21.527868-05	\N	\N	2024-03-08	febrero-marzo	20000	0.00	20000.00	2024-03-08 15:59:21.888969-05	paid	2024-03-23 14:41:00.230729-05	invoice_valid	1	167
133	2024-03-08 14:41:21.275619-05	2024-03-08 14:41:21.275619-05	\N	\N	2024-03-08	febrero-marzo	24000	0.00	24000.00	2024-03-08 15:59:56.30071-05	paid	2024-03-23 14:41:00.230729-05	invoice_valid	1	173
131	2024-03-08 14:41:21.026956-05	2024-03-08 14:41:21.026956-05	\N	\N	2024-03-08	febrero-marzo	24000	0.00	24000.00	2024-03-08 16:01:43.80811-05	paid	2024-03-23 14:41:00.230729-05	invoice_valid	1	172
142	2024-03-08 14:41:22.277879-05	2024-03-08 14:41:22.277879-05	\N	\N	2024-03-08	febrero-marzo	20000	0.00	20000.00	2024-03-08 16:02:15.380045-05	paid	2024-03-23 14:41:00.230729-05	invoice_valid	1	154
128	2024-03-08 14:41:20.326162-05	2024-03-08 14:41:20.326162-05	\N	\N	2024-03-08	febrero-marzo	24000	0.00	24000.00	2024-03-08 16:03:58.988654-05	paid	2024-03-23 14:41:00.230729-05	invoice_valid	1	176
143	2024-03-08 14:41:22.5331-05	2024-03-08 14:41:22.5331-05	\N	\N	2024-03-08	febrero-marzo	24000	0.00	24000.00	2024-03-08 16:04:43.257289-05	paid	2024-03-23 14:41:00.230729-05	invoice_valid	1	171
127	2024-03-08 14:41:20.322136-05	2024-03-08 14:41:20.322136-05	\N	\N	2024-03-08	febrero-marzo	20000	0.00	20000.00	2024-03-08 16:05:10.861627-05	paid	2024-03-23 14:41:00.230729-05	invoice_valid	1	168
117	2024-03-08 14:41:18.596822-05	2024-03-08 14:41:18.596822-05	\N	\N	2024-03-08	febrero-marzo	20000	0.00	20000.00	2024-03-08 16:05:46.591148-05	paid	2024-03-23 14:41:00.230729-05	invoice_valid	1	144
141	2024-03-08 14:41:22.277879-05	2024-03-08 14:41:22.277879-05	\N	\N	2024-03-08	febrero-marzo	20000	0.00	20000.00	2024-03-08 16:06:04.549282-05	paid	2024-03-23 14:41:00.230729-05	invoice_valid	1	177
116	2024-03-08 14:41:18.594827-05	2024-03-08 14:41:18.594827-05	\N	\N	2024-03-08	febrero-marzo	20000	0.00	20000.00	2024-03-08 16:06:18.329691-05	paid	2024-03-23 14:41:00.230729-05	invoice_valid	1	143
138	2024-03-08 14:41:21.764683-05	2024-03-08 14:41:21.764683-05	\N	\N	2024-03-08	febrero-marzo	24000	0.00	24000.00	2024-03-08 16:06:32.361747-05	paid	2024-03-23 14:41:00.230729-05	invoice_valid	1	170
110	2024-03-08 14:41:17.838844-05	2024-03-08 14:41:17.838844-05	\N	\N	2024-03-08	febrero-marzo	46000	0.00	46000.00	2024-03-08 16:06:57.97069-05	paid	2024-03-23 14:41:00.230729-05	invoice_valid	1	103
126	2024-03-08 14:41:20.072904-05	2024-03-08 14:41:20.072904-05	\N	\N	2024-03-08	febrero-marzo	20000	0.00	20000.00	2024-03-08 16:07:23.578421-05	paid	2024-03-23 14:41:00.230729-05	invoice_valid	1	155
119	2024-03-08 14:41:18.848953-05	2024-03-08 14:41:18.848953-05	\N	\N	2024-03-08	febrero-marzo	24000	0.00	24000.00	2024-03-08 16:19:18.949711-05	paid	2024-03-23 14:41:00.230729-05	invoice_valid	1	146
29	2024-03-08 14:41:04.103396-05	2024-03-08 14:41:04.103396-05	\N	\N	2024-03-08	febrero-marzo	24000	0.00	24000.00	2024-03-08 16:19:48.851641-05	paid	2024-03-23 14:41:00.230729-05	invoice_valid	1	4
124	2024-03-08 14:41:19.841263-05	2024-03-08 14:41:19.841263-05	\N	\N	2024-03-08	febrero-marzo	20000	0.00	20000.00	2024-03-08 16:26:23.895723-05	paid	2024-03-23 14:41:00.230729-05	invoice_valid	1	162
153	2024-04-26 16:30:39.38447-05	2024-04-26 16:30:39.38447-05	\N	\N	2024-04-26	marzo-abril	20000	0.00	20000.00	2024-04-26 16:42:10.069018-05	paid	2024-05-11 16:30:38.370471-05	invoice_valid	1	100
145	2024-03-08 14:41:22.788513-05	2024-03-08 14:41:22.788513-05	\N	\N	2024-03-08	febrero-marzo	20000	0.00	20000.00	\N	expired	2024-03-23 14:41:00.230729-05	invoice_cancelled	1	161
152	2024-04-26 16:30:39.381473-05	2024-04-26 16:30:39.381473-05	\N	\N	2024-04-26	marzo-abril	24000	0.00	24000.00	2024-04-26 17:23:52.760204-05	paid	2024-05-11 16:30:38.370471-05	invoice_valid	1	116
149	2024-04-26 16:30:38.91364-05	2024-04-26 16:30:38.91364-05	\N	\N	2024-04-26	marzo-abril	24000	0.00	24000.00	2024-04-26 17:15:01.033674-05	paid	2024-05-11 16:30:38.370471-05	invoice_valid	1	40
151	2024-04-26 16:30:39.140269-05	2024-04-26 16:30:39.140269-05	\N	\N	2024-04-26	marzo-abril	20000	0.00	20000.00	2024-04-26 17:43:03.58222-05	paid	2024-05-11 16:30:38.370471-05	invoice_valid	1	67
146	2024-03-08 14:41:22.79051-05	2024-03-08 14:41:22.79051-05	\N	\N	2024-03-08	febrero-marzo	20000	0.00	20000.00	\N	expired	2024-03-23 14:41:00.230729-05	invoice_cancelled	1	179
132	2024-03-08 14:41:21.042343-05	2024-03-08 14:41:21.042343-05	\N	\N	2024-03-08	febrero-marzo	24000	0.00	24000.00	\N	expired	2024-03-23 14:41:00.230729-05	invoice_cancelled	1	164
148	2024-04-26 16:30:38.655974-05	2024-04-26 16:30:38.655974-05	\N	\N	2024-04-26	marzo-abril	10000	0.00	10000.00	2024-04-26 18:04:27.908797-05	paid	2024-05-11 16:30:38.370471-05	invoice_valid	1	23
114	2024-03-08 14:41:18.335643-05	2024-03-08 14:41:18.335643-05	\N	\N	2024-03-08	febrero-marzo	20000	0.00	20000.00	\N	expired	2024-03-23 14:41:00.230729-05	invoice_cancelled	1	136
154	2024-04-26 16:30:39.623599-05	2024-04-26 16:30:39.623599-05	\N	\N	2024-04-26	marzo-abril	30000	0.00	60000.00	\N	pending	2024-05-11 16:30:38.370471-05	invoice_cancelled	1	91
144	2024-03-08 14:41:22.537101-05	2024-03-08 14:41:22.537101-05	\N	\N	2024-03-08	febrero-marzo	24000	0.00	24000.00	\N	expired	2024-03-23 14:41:00.230729-05	invoice_cancelled	1	159
123	2024-03-08 14:41:19.58902-05	2024-03-08 14:41:19.58902-05	\N	\N	2024-03-08	febrero-marzo	20000	0.00	20000.00	\N	expired	2024-03-23 14:41:00.230729-05	invoice_cancelled	1	156
130	2024-03-08 14:41:20.794917-05	2024-03-08 14:41:20.794917-05	\N	\N	2024-03-08	febrero-marzo	24000	0.00	24000.00	\N	expired	2024-03-23 14:41:00.230729-05	invoice_cancelled	1	166
135	2024-03-08 14:41:21.523661-05	2024-03-08 14:41:21.523661-05	\N	\N	2024-03-08	febrero-marzo	30000	0.00	30000.00	\N	expired	2024-03-23 14:41:00.230729-05	invoice_cancelled	1	169
137	2024-03-08 14:41:21.764683-05	2024-03-08 14:41:21.764683-05	\N	\N	2024-03-08	febrero-marzo	20000	0.00	20000.00	\N	expired	2024-03-23 14:41:00.230729-05	invoice_cancelled	1	158
134	2024-03-08 14:41:21.275619-05	2024-03-08 14:41:21.275619-05	\N	\N	2024-03-08	febrero-marzo	20000	0.00	20000.00	\N	expired	2024-03-23 14:41:00.230729-05	invoice_cancelled	1	157
140	2024-03-08 14:41:22.029522-05	2024-03-08 14:41:22.029522-05	\N	\N	2024-03-08	febrero-marzo	30000	0.00	30000.00	\N	expired	2024-03-23 14:41:00.230729-05	invoice_cancelled	1	163
180	2024-04-26 16:30:44.01792-05	2024-04-26 16:30:44.01792-05	\N	\N	2024-04-26	marzo-abril	10000	0.00	20000.00	\N	pending	2024-05-11 16:30:38.370471-05	invoice_valid	1	26
182	2024-04-26 16:30:44.33422-05	2024-04-26 16:30:44.33422-05	\N	\N	2024-04-26	marzo-abril	24000	0.00	48000.00	2024-04-26 16:37:02.853498-05	paid	2024-05-11 16:30:38.370471-05	invoice_valid	1	43
169	2024-04-26 16:30:41.786585-05	2024-04-26 16:30:41.786585-05	\N	\N	2024-04-26	marzo-abril	20000	0.00	20000.00	2024-04-26 16:38:10.777967-05	paid	2024-05-11 16:30:38.370471-05	invoice_valid	1	35
207	2024-04-26 16:30:48.826569-05	2024-04-26 16:30:48.826569-05	\N	\N	2024-04-26	marzo-abril	24000	0.00	48000.00	2024-04-26 16:55:41.538342-05	paid	2024-05-11 16:30:38.370471-05	invoice_valid	1	52
188	2024-04-26 16:30:45.190626-05	2024-04-26 16:30:45.190626-05	\N	\N	2024-04-26	marzo-abril	20000	0.00	20000.00	2024-09-04 21:33:30.415538-05	paid	2024-05-11 16:30:38.370471-05	invoice_valid	1	47
211	2024-04-26 16:30:49.313069-05	2024-04-26 16:30:49.313069-05	\N	\N	2024-04-26	marzo-abril	20000	0.00	40000.00	2024-09-04 21:12:55.148566-05	paid	2024-05-11 16:30:38.370471-05	invoice_valid	1	60
181	2024-04-26 16:30:44.01792-05	2024-04-26 16:30:44.01792-05	\N	\N	2024-04-26	marzo-abril	20000	0.00	20000.00	2024-09-04 21:19:16.95644-05	paid	2024-05-11 16:30:38.370471-05	invoice_valid	1	37
192	2024-04-26 16:30:45.947522-05	2024-04-26 16:30:45.947522-05	\N	\N	2024-04-26	marzo-abril	24000	0.00	24000.00	2024-09-04 21:46:49.457873-05	paid	2024-05-11 16:30:38.370471-05	invoice_valid	1	6
190	2024-04-26 16:30:45.654954-05	2024-04-26 16:30:45.654954-05	\N	\N	2024-04-26	marzo-abril	20000	0.00	20000.00	2024-09-04 21:39:47.905691-05	paid	2024-05-11 16:30:38.370471-05	invoice_valid	1	41
162	2024-04-26 16:30:40.799831-05	2024-04-26 16:30:40.799831-05	\N	\N	2024-04-26	marzo-abril	20000	0.00	20000.00	2024-09-04 22:36:34.475117-05	paid	2024-05-11 16:30:38.370471-05	invoice_valid	1	186
166	2024-04-26 16:30:41.526698-05	2024-04-26 16:30:41.526698-05	\N	\N	2024-04-26	marzo-abril	26000	0.00	26000.00	\N	paid	2024-05-11 16:30:38.370471-05	invoice_valid	1	11
167	2024-04-26 16:30:41.526698-05	2024-04-26 16:30:41.526698-05	\N	\N	2024-04-26	marzo-abril	20000	0.00	20000.00	\N	paid	2024-05-11 16:30:38.370471-05	invoice_valid	1	12
139	2024-03-08 14:41:22.029522-05	2024-03-08 14:41:22.029522-05	\N	\N	2024-03-08	febrero-marzo	24000	0.00	24000.00	2024-04-26 18:14:42.739292-05	paid	2024-03-23 14:41:00.230729-05	invoice_valid	1	160
201	2024-04-26 16:30:47.861007-05	2024-04-26 16:30:47.861007-05	\N	\N	2024-04-26	marzo-abril	20000	0.00	40000.00	2024-04-26 16:56:25.688682-05	paid	2024-05-11 16:30:38.370471-05	invoice_valid	1	86
189	2024-04-26 16:30:45.402193-05	2024-04-26 16:30:45.402193-05	\N	\N	2024-04-26	marzo-abril	20000	0.00	40000.00	2024-04-26 16:58:31.74217-05	paid	2024-05-11 16:30:38.370471-05	invoice_valid	1	49
177	2024-04-26 16:30:42.848716-05	2024-04-26 16:30:42.848716-05	\N	\N	2024-04-26	marzo-abril	20000	0.00	20000.00	2024-04-26 16:58:56.906994-05	paid	2024-05-11 16:30:38.370471-05	invoice_valid	1	32
202	2024-04-26 16:30:47.865002-05	2024-04-26 16:30:47.865002-05	\N	\N	2024-04-26	marzo-abril	24000	0.00	24000.00	2024-11-05 17:38:00.450541-05	paid	2024-05-11 16:30:38.370471-05	invoice_valid	1	68
160	2024-04-26 16:30:40.324007-05	2024-04-26 16:30:40.324007-05	\N	\N	2024-04-26	marzo-abril	20000	0.00	20000.00	2024-04-26 17:00:24.481134-05	paid	2024-05-11 16:30:38.370471-05	invoice_valid	1	2
214	2024-04-26 16:30:49.811652-05	2024-04-26 16:30:49.81265-05	\N	\N	2024-04-26	marzo-abril	24000	0.00	24000.00	2024-04-26 17:00:44.073863-05	paid	2024-05-11 16:30:38.370471-05	invoice_valid	1	75
194	2024-04-26 16:30:46.170599-05	2024-04-26 16:30:46.170599-05	\N	\N	2024-04-26	marzo-abril	24000	0.00	24000.00	2024-04-26 17:04:31.322903-05	paid	2024-05-11 16:30:38.370471-05	invoice_valid	1	48
200	2024-04-26 16:30:47.592382-05	2024-04-26 16:30:47.592382-05	\N	\N	2024-04-26	marzo-abril	20000	0.00	40000.00	2024-04-26 17:18:36.83931-05	paid	2024-05-11 16:30:38.370471-05	invoice_valid	1	71
191	2024-04-26 16:30:45.654954-05	2024-04-26 16:30:45.654954-05	\N	\N	2024-04-26	marzo-abril	20000	0.00	20000.00	2024-04-26 17:18:54.429417-05	paid	2024-05-11 16:30:38.370471-05	invoice_valid	1	42
196	2024-04-26 16:30:46.857531-05	2024-04-26 16:30:46.857531-05	\N	\N	2024-04-26	marzo-abril	24000	0.00	48000.00	2024-04-26 17:20:39.37871-05	paid	2024-05-11 16:30:38.370471-05	invoice_valid	1	78
183	2024-04-26 16:30:44.33622-05	2024-04-26 16:30:44.33622-05	\N	\N	2024-04-26	marzo-abril	20000	0.00	40000.00	2024-04-26 17:22:51.353432-05	paid	2024-05-11 16:30:38.370471-05	invoice_valid	1	27
186	2024-04-26 16:30:44.934445-05	2024-04-26 16:30:44.934445-05	\N	\N	2024-04-26	marzo-abril	24000	0.00	24000.00	2024-04-26 17:23:31.658586-05	paid	2024-05-11 16:30:38.370471-05	invoice_valid	1	19
195	2024-04-26 16:30:46.425724-05	2024-04-26 16:30:46.425724-05	\N	\N	2024-04-26	marzo-abril	30000	0.00	30000.00	2024-04-26 17:36:32.802494-05	paid	2024-05-11 16:30:38.370471-05	invoice_valid	1	29
212	2024-04-26 16:30:49.556518-05	2024-04-26 16:30:49.556518-05	\N	\N	2024-04-26	marzo-abril	24000	0.00	24000.00	2024-04-26 17:42:46.627302-05	paid	2024-05-11 16:30:38.370471-05	invoice_valid	1	54
198	2024-04-26 16:30:47.32522-05	2024-04-26 16:30:47.32522-05	\N	\N	2024-04-26	marzo-abril	24000	0.00	24000.00	2024-04-26 17:43:20.352877-05	paid	2024-05-11 16:30:38.370471-05	invoice_valid	1	70
184	2024-04-26 16:30:44.566942-05	2024-04-26 16:30:44.566942-05	\N	\N	2024-04-26	marzo-abril	20000	0.00	20000.00	2024-04-26 17:44:03.342404-05	paid	2024-05-11 16:30:38.370471-05	invoice_valid	1	34
168	2024-04-26 16:30:41.783591-05	2024-04-26 16:30:41.783591-05	\N	\N	2024-04-26	marzo-abril	30000	0.00	30000.00	2024-04-26 17:45:08.498714-05	paid	2024-05-11 16:30:38.370471-05	invoice_valid	1	18
179	2024-04-26 16:30:43.771068-05	2024-04-26 16:30:43.771068-05	\N	\N	2024-04-26	marzo-abril	24000	0.00	24000.00	2024-04-26 17:45:26.923187-05	paid	2024-05-11 16:30:38.370471-05	invoice_valid	1	25
174	2024-04-26 16:30:42.619101-05	2024-04-26 16:30:42.619101-05	\N	\N	2024-04-26	marzo-abril	24000	0.00	24000.00	2024-04-26 17:46:34.375186-05	paid	2024-05-11 16:30:38.370471-05	invoice_valid	1	14
208	2024-04-26 16:30:48.826569-05	2024-04-26 16:30:48.826569-05	\N	\N	2024-04-26	marzo-abril	20000	0.00	20000.00	2024-04-26 17:46:53.384932-05	paid	2024-05-11 16:30:38.370471-05	invoice_valid	1	74
178	2024-04-26 16:30:43.182865-05	2024-04-26 16:30:43.182865-05	\N	\N	2024-04-26	marzo-abril	24000	0.00	24000.00	2024-04-26 17:47:13.649142-05	paid	2024-05-11 16:30:38.370471-05	invoice_valid	1	13
176	2024-04-26 16:30:42.848716-05	2024-04-26 16:30:42.848716-05	\N	\N	2024-04-26	marzo-abril	70000	0.00	70000.00	2024-04-26 17:47:32.690712-05	paid	2024-05-11 16:30:38.370471-05	invoice_valid	1	30
170	2024-04-26 16:30:42.111866-05	2024-04-26 16:30:42.111866-05	\N	\N	2024-04-26	marzo-abril	30000	0.00	30000.00	2024-04-26 17:53:05.227803-05	paid	2024-05-11 16:30:38.370471-05	invoice_valid	1	45
175	2024-04-26 16:30:42.623098-05	2024-04-26 16:30:42.623098-05	\N	\N	2024-04-26	marzo-abril	20000	0.00	20000.00	2024-04-26 18:05:14.547519-05	paid	2024-05-11 16:30:38.370471-05	invoice_valid	1	22
172	2024-04-26 16:30:42.361971-05	2024-04-26 16:30:42.361971-05	\N	\N	2024-04-26	marzo-abril	20000	50000.00	70000.00	2024-04-26 18:02:01.749488-05	paid	2024-05-11 16:30:38.370471-05	invoice_valid	1	15
173	2024-04-26 16:30:42.361971-05	2024-04-26 16:30:42.361971-05	\N	\N	2024-04-26	marzo-abril	24000	0.00	24000.00	2024-04-26 18:18:45.63597-05	paid	2024-05-11 16:30:38.370471-05	invoice_valid	1	4
199	2024-04-26 16:30:47.592382-05	2024-04-26 16:30:47.592382-05	\N	\N	2024-04-26	marzo-abril	20000	0.00	20000.00	2024-04-26 18:20:07.13803-05	paid	2024-05-11 16:30:38.370471-05	invoice_valid	1	59
165	2024-04-26 16:30:41.294093-05	2024-04-26 16:30:41.294093-05	\N	\N	2024-04-26	marzo-abril	40000	0.00	80000.00	2024-04-26 18:23:46.488333-05	paid	2024-05-11 16:30:38.370471-05	invoice_valid	1	10
163	2024-04-26 16:30:41.03674-05	2024-04-26 16:30:41.03674-05	\N	\N	2024-04-26	marzo-abril	20000	50000.00	70000.00	2024-04-26 18:22:25.518621-05	paid	2024-05-11 16:30:38.370471-05	invoice_valid	1	24
187	2024-04-26 16:30:45.18663-05	2024-04-26 16:30:45.18663-05	\N	\N	2024-04-26	marzo-abril	20000	0.00	20000.00	2024-04-26 18:23:58.83061-05	paid	2024-05-11 16:30:38.370471-05	invoice_valid	1	33
193	2024-04-26 16:30:45.950519-05	2024-04-26 16:30:45.950519-05	\N	\N	2024-04-26	marzo-abril	24000	0.00	24000.00	2024-04-26 18:28:50.625664-05	paid	2024-05-11 16:30:38.370471-05	invoice_valid	1	7
161	2024-04-26 16:30:40.560907-05	2024-04-26 16:30:40.560907-05	\N	\N	2024-04-26	marzo-abril	50000	0.00	100000.00	2024-04-26 18:32:27.699501-05	paid	2024-05-11 16:30:38.370471-05	invoice_valid	1	3
205	2024-04-26 16:30:48.352806-05	2024-04-26 16:30:48.35381-05	\N	\N	2024-04-26	marzo-abril	24000	0.00	24000.00	2024-04-26 18:33:08.894522-05	paid	2024-05-11 16:30:38.370471-05	invoice_valid	1	76
171	2024-04-26 16:30:42.114554-05	2024-04-26 16:30:42.114554-05	\N	\N	2024-04-26	marzo-abril	20000	0.00	20000.00	2024-04-26 18:33:32.613215-05	paid	2024-05-11 16:30:38.370471-05	invoice_valid	1	17
185	2024-04-26 16:30:44.934445-05	2024-04-26 16:30:44.934445-05	\N	\N	2024-04-26	marzo-abril	44000	0.00	44000.00	2024-04-26 18:35:13.346688-05	paid	2024-05-11 16:30:38.370471-05	invoice_valid	1	38
209	2024-04-26 16:30:49.072655-05	2024-04-26 16:30:49.072655-05	\N	\N	2024-04-26	marzo-abril	24000	0.00	48000.00	2024-04-26 18:59:14.206204-05	paid	2024-05-11 16:30:38.370471-05	invoice_valid	1	61
210	2024-04-26 16:30:49.077799-05	2024-04-26 16:30:49.077799-05	\N	\N	2024-04-26	marzo-abril	20000	0.00	40000.00	2024-04-26 19:00:04.005152-05	paid	2024-05-11 16:30:38.370471-05	invoice_valid	1	64
197	2024-04-26 16:30:47.106045-05	2024-04-26 16:30:47.106045-05	\N	\N	2024-04-26	marzo-abril	26000	0.00	52000.00	\N	expired	2024-05-11 16:30:38.370471-05	invoice_cancelled	1	81
217	2024-04-26 16:30:50.296574-05	2024-04-26 16:30:50.296574-05	\N	\N	2024-04-26	marzo-abril	24000	0.00	24000.00	\N	pending	2024-05-11 16:30:38.370471-05	invoice_valid	1	55
256	2024-04-26 16:30:57.039189-05	2024-04-26 16:30:57.039189-05	\N	\N	2024-04-26	marzo-abril	20000	0.00	20000.00	2024-04-26 16:41:03.835684-05	paid	2024-05-11 16:30:38.370471-05	invoice_valid	1	153
252	2024-04-26 16:30:56.529687-05	2024-04-26 16:30:56.529687-05	\N	\N	2024-04-26	marzo-abril	20000	0.00	20000.00	2024-04-26 16:41:39.329352-05	paid	2024-05-11 16:30:38.370471-05	invoice_valid	1	112
216	2024-04-26 16:30:50.078874-05	2024-04-26 16:30:50.078874-05	\N	\N	2024-04-26	marzo-abril	24000	0.00	48000.00	2024-04-26 16:46:04.214268-05	paid	2024-05-11 16:30:38.370471-05	invoice_valid	1	56
265	2024-04-26 16:30:58.514001-05	2024-04-26 16:30:58.514001-05	\N	\N	2024-04-26	marzo-abril	20000	0.00	20000.00	2024-04-26 16:57:28.865896-05	paid	2024-05-11 16:30:38.370471-05	invoice_valid	1	152
261	2024-04-26 16:30:57.798129-05	2024-04-26 16:30:57.798129-05	\N	\N	2024-04-26	marzo-abril	20000	0.00	20000.00	2024-04-26 16:59:21.203358-05	paid	2024-05-11 16:30:38.370471-05	invoice_valid	1	145
253	2024-04-26 16:30:56.778027-05	2024-04-26 16:30:56.778027-05	\N	\N	2024-04-26	marzo-abril	46000	0.00	46000.00	2024-04-26 16:59:46.243074-05	paid	2024-05-11 16:30:38.370471-05	invoice_valid	1	103
255	2024-04-26 16:30:57.034194-05	2024-04-26 16:30:57.034194-05	\N	\N	2024-04-26	marzo-abril	20000	0.00	20000.00	2024-09-04 21:42:31.793207-05	paid	2024-05-11 16:30:38.370471-05	invoice_valid	1	82
228	2024-04-26 16:30:51.969001-05	2024-04-26 16:30:51.969001-05	\N	\N	2024-04-26	marzo-abril	24000	0.00	24000.00	2024-05-20 16:32:44.5934-05	paid	2024-05-11 16:30:38.370471-05	invoice_valid	1	111
234	2024-04-26 16:30:53.036147-05	2024-04-26 16:30:53.036147-05	\N	\N	2024-04-26	marzo-abril	20000	0.00	20000.00	2024-09-04 22:03:25.216712-05	paid	2024-05-11 16:30:38.370471-05	invoice_valid	1	99
244	2024-04-26 16:30:54.840227-05	2024-04-26 16:30:54.840227-05	\N	\N	2024-04-26	marzo-abril	10000	0.00	10000.00	2024-09-04 22:13:22.119174-05	paid	2024-05-11 16:30:38.370471-05	invoice_valid	1	131
258	2024-04-26 16:30:57.307583-05	2024-04-26 16:30:57.307583-05	\N	\N	2024-04-26	marzo-abril	30000	0.00	30000.00	\N	pending	2024-05-11 16:30:38.370471-05	invoice_valid	1	148
269	2024-04-26 16:30:59.00175-05	2024-04-26 16:30:59.00175-05	\N	\N	2024-04-26	marzo-abril	20000	0.00	20000.00	2024-09-04 22:30:32.654425-05	paid	2024-05-11 16:30:38.370471-05	invoice_valid	1	155
164	2024-04-26 16:30:41.278305-05	2024-04-26 16:30:41.278305-05	\N	\N	2024-04-26	marzo-abril	20000	0.00	20000.00	\N	paid	2024-05-11 16:30:38.370471-05	invoice_valid	1	31
248	2024-04-26 16:30:55.504314-05	2024-04-26 16:30:55.504314-05	\N	\N	2024-04-26	marzo-abril	20000	0.00	20000.00	2024-04-26 17:00:04.034744-05	paid	2024-05-11 16:30:38.370471-05	invoice_valid	1	140
224	2024-04-26 16:30:51.232051-05	2024-04-26 16:30:51.232051-05	\N	\N	2024-04-26	marzo-abril	24000	0.00	24000.00	2024-04-26 17:01:46.969123-05	paid	2024-05-11 16:30:38.370471-05	invoice_valid	1	97
239	2024-04-26 16:30:54.057522-05	2024-04-26 16:30:54.057522-05	\N	\N	2024-04-26	marzo-abril	20000	0.00	20000.00	2024-04-26 17:02:03.137069-05	paid	2024-05-11 16:30:38.370471-05	invoice_valid	1	129
235	2024-04-26 16:30:53.301389-05	2024-04-26 16:30:53.301389-05	\N	\N	2024-04-26	marzo-abril	20000	0.00	40000.00	2024-04-26 17:05:03.246322-05	paid	2024-05-11 16:30:38.370471-05	invoice_valid	1	123
264	2024-04-26 16:30:58.267164-05	2024-04-26 16:30:58.267164-05	\N	\N	2024-04-26	marzo-abril	30000	0.00	60000.00	\N	paid	2024-05-11 16:30:38.370471-05	invoice_cancelled	1	151
158	2024-04-26 16:30:40.075754-05	2024-04-26 16:30:40.075754-05	\N	\N	2024-04-26	marzo-abril	15000	0.00	30000.00	2024-11-05 17:08:36.258022-05	paid	2024-05-11 16:30:38.370471-05	invoice_valid	1	98
242	2024-04-26 16:30:54.592137-05	2024-04-26 16:30:54.592137-05	\N	\N	2024-04-26	marzo-abril	24000	0.00	48000.00	2024-04-26 17:07:45.496359-05	paid	2024-05-11 16:30:38.370471-05	invoice_valid	1	108
222	2024-04-26 16:30:51.010402-05	2024-04-26 16:30:51.010402-05	\N	\N	2024-04-26	marzo-abril	24000	0.00	48000.00	2024-04-26 17:17:41.681815-05	paid	2024-05-11 16:30:38.370471-05	invoice_valid	1	94
243	2024-04-26 16:30:54.592137-05	2024-04-26 16:30:54.592137-05	\N	\N	2024-04-26	marzo-abril	20000	0.00	20000.00	2024-04-26 17:18:05.73562-05	paid	2024-05-11 16:30:38.370471-05	invoice_valid	1	110
232	2024-04-26 16:30:52.721249-05	2024-04-26 16:30:52.721249-05	\N	\N	2024-04-26	marzo-abril	24000	0.00	24000.00	2024-04-26 17:20:02.038277-05	paid	2024-05-11 16:30:38.370471-05	invoice_valid	1	117
262	2024-04-26 16:30:57.799092-05	2024-04-26 16:30:57.799092-05	\N	\N	2024-04-26	marzo-abril	24000	0.00	24000.00	2024-04-26 17:43:43.537853-05	paid	2024-05-11 16:30:38.370471-05	invoice_valid	1	146
250	2024-04-26 16:30:55.842491-05	2024-04-26 16:30:55.842491-05	\N	\N	2024-04-26	marzo-abril	70000	0.00	70000.00	2024-04-26 17:44:26.653363-05	paid	2024-05-11 16:30:38.370471-05	invoice_valid	1	142
238	2024-04-26 16:30:53.835992-05	2024-04-26 16:30:53.835992-05	\N	\N	2024-04-26	marzo-abril	10000	0.00	10000.00	2024-04-26 17:45:44.745589-05	paid	2024-05-11 16:30:38.370471-05	invoice_valid	1	127
236	2024-04-26 16:30:53.605247-05	2024-04-26 16:30:53.605247-05	\N	\N	2024-04-26	marzo-abril	30000	0.00	30000.00	2024-04-26 17:45:59.634707-05	paid	2024-05-11 16:30:38.370471-05	invoice_valid	1	124
229	2024-04-26 16:30:51.969001-05	2024-04-26 16:30:51.969001-05	\N	\N	2024-04-26	marzo-abril	20000	0.00	20000.00	2024-04-26 17:46:14.714018-05	paid	2024-05-11 16:30:38.370471-05	invoice_valid	1	109
268	2024-04-26 16:30:58.778327-05	2024-04-26 16:30:58.778327-05	\N	\N	2024-04-26	marzo-abril	24000	0.00	24000.00	2024-04-26 17:47:54.591237-05	paid	2024-05-11 16:30:38.370471-05	invoice_valid	1	165
270	2024-04-26 16:30:59.250236-05	2024-04-26 16:30:59.250236-05	\N	\N	2024-04-26	marzo-abril	20000	0.00	20000.00	2024-04-26 17:48:09.374422-05	paid	2024-05-11 16:30:38.370471-05	invoice_valid	1	168
271	2024-04-26 16:30:59.265861-05	2024-04-26 16:30:59.265861-05	\N	\N	2024-04-26	marzo-abril	24000	0.00	24000.00	2024-04-26 17:48:32.427443-05	paid	2024-05-11 16:30:38.370471-05	invoice_valid	1	176
230	2024-04-26 16:30:52.434819-05	2024-04-26 16:30:52.434819-05	\N	\N	2024-04-26	marzo-abril	20000	0.00	20000.00	2024-04-26 17:48:51.370029-05	paid	2024-05-11 16:30:38.370471-05	invoice_valid	1	115
260	2024-04-26 16:30:57.558561-05	2024-04-26 16:30:57.558561-05	\N	\N	2024-04-26	marzo-abril	20000	0.00	20000.00	2024-04-26 17:49:40.715248-05	paid	2024-05-11 16:30:38.370471-05	invoice_valid	1	144
263	2024-04-26 16:30:58.263595-05	2024-04-26 16:30:58.263595-05	\N	\N	2024-04-26	marzo-abril	20000	0.00	20000.00	2024-04-26 17:50:10.898706-05	paid	2024-05-11 16:30:38.370471-05	invoice_valid	1	150
218	2024-04-26 16:30:50.545635-05	2024-04-26 16:30:50.545635-05	\N	\N	2024-04-26	marzo-abril	20000	0.00	20000.00	2024-04-26 17:53:33.624467-05	paid	2024-05-11 16:30:38.370471-05	invoice_valid	1	63
223	2024-04-26 16:30:51.232051-05	2024-04-26 16:30:51.232051-05	\N	\N	2024-04-26	marzo-abril	24000	0.00	48000.00	2024-04-26 18:05:53.519542-05	paid	2024-05-11 16:30:38.370471-05	invoice_valid	1	92
245	2024-04-26 16:30:54.840227-05	2024-04-26 16:30:54.840227-05	\N	\N	2024-04-26	marzo-abril	20000	0.00	20000.00	2024-04-26 18:24:20.217254-05	paid	2024-05-11 16:30:38.370471-05	invoice_valid	1	132
257	2024-04-26 16:30:57.303585-05	2024-04-26 16:30:57.303585-05	\N	\N	2024-04-26	marzo-abril	20000	0.00	40000.00	2024-04-26 18:24:40.95802-05	paid	2024-05-11 16:30:38.370471-05	invoice_valid	1	136
227	2024-04-26 16:30:51.719274-05	2024-04-26 16:30:51.719274-05	\N	\N	2024-04-26	marzo-abril	30000	0.00	30000.00	2024-04-26 18:25:08.961675-05	paid	2024-05-11 16:30:38.370471-05	invoice_valid	1	105
272	2024-04-26 16:30:59.718005-05	2024-04-26 16:30:59.718005-05	\N	\N	2024-04-26	marzo-abril	20000	0.00	20000.00	2024-04-26 18:25:23.005291-05	paid	2024-05-11 16:30:38.370471-05	invoice_valid	1	180
233	2024-04-26 16:30:53.036147-05	2024-04-26 16:30:53.036147-05	\N	\N	2024-04-26	marzo-abril	10000	0.00	20000.00	2024-04-26 18:26:00.03726-05	paid	2024-05-11 16:30:38.370471-05	invoice_valid	1	122
237	2024-04-26 16:30:53.610242-05	2024-04-26 16:30:53.610242-05	\N	\N	2024-04-26	marzo-abril	20000	0.00	40000.00	2024-04-26 18:26:45.792254-05	paid	2024-05-11 16:30:38.370471-05	invoice_valid	1	125
254	2024-04-26 16:30:56.778027-05	2024-04-26 16:30:56.778027-05	\N	\N	2024-04-26	marzo-abril	20000	0.00	20000.00	2024-04-26 18:29:21.261543-05	paid	2024-05-11 16:30:38.370471-05	invoice_valid	1	80
240	2024-04-26 16:30:54.324705-05	2024-04-26 16:30:54.324705-05	\N	\N	2024-04-26	marzo-abril	24000	0.00	48000.00	2024-04-26 18:29:36.310926-05	paid	2024-05-11 16:30:38.370471-05	invoice_valid	1	130
249	2024-04-26 16:30:55.841476-05	2024-04-26 16:30:55.841476-05	\N	\N	2024-04-26	marzo-abril	20000	0.00	40000.00	2024-04-26 18:29:56.542343-05	paid	2024-05-11 16:30:38.370471-05	invoice_valid	1	141
246	2024-04-26 16:30:55.28691-05	2024-04-26 16:30:55.28691-05	\N	\N	2024-04-26	marzo-abril	24000	0.00	48000.00	2024-04-26 18:30:15.666744-05	paid	2024-05-11 16:30:38.370471-05	invoice_valid	1	135
259	2024-04-26 16:30:57.553562-05	2024-04-26 16:30:57.554561-05	\N	\N	2024-04-26	marzo-abril	20000	0.00	20000.00	2024-04-26 18:32:57.316515-05	paid	2024-05-11 16:30:38.370471-05	invoice_valid	1	143
231	2024-04-26 16:30:52.434819-05	2024-04-26 16:30:52.434819-05	\N	\N	2024-04-26	marzo-abril	20000	0.00	20000.00	2024-04-26 18:34:20.97422-05	paid	2024-05-11 16:30:38.370471-05	invoice_valid	1	120
225	2024-04-26 16:30:51.47503-05	2024-04-26 16:30:51.47503-05	\N	\N	2024-04-26	marzo-abril	20000	0.00	20000.00	2024-04-26 18:39:09.494011-05	paid	2024-05-11 16:30:38.370471-05	invoice_valid	1	87
221	2024-04-26 16:30:50.782246-05	2024-04-26 16:30:50.782246-05	\N	\N	2024-04-26	marzo-abril	24000	0.00	24000.00	2024-04-26 18:39:51.555603-05	paid	2024-05-11 16:30:38.370471-05	invoice_valid	1	96
267	2024-04-26 16:30:58.774332-05	2024-04-26 16:30:58.774332-05	\N	\N	2024-04-26	marzo-abril	20000	0.00	20000.00	2024-04-26 18:48:39.034548-05	paid	2024-05-11 16:30:38.370471-05	invoice_valid	1	162
266	2024-04-26 16:30:58.515238-05	2024-04-26 16:30:58.515238-05	\N	\N	2024-04-26	marzo-abril	20000	0.00	40000.00	2024-04-26 18:56:56.445325-05	paid	2024-05-11 16:30:38.370471-05	invoice_valid	1	156
159	2024-04-26 16:30:40.324007-05	2024-04-26 16:30:40.324007-05	\N	\N	2024-04-26	marzo-abril	26000	0.00	26000.00	2024-04-26 16:33:37.955327-05	paid	2024-05-11 16:30:38.370471-05	invoice_valid	1	20
220	2024-04-26 16:30:50.782246-05	2024-04-26 16:30:50.782246-05	\N	\N	2024-04-26	marzo-abril	30000	0.00	30000.00	2024-04-26 16:57:06.64935-05	paid	2024-05-11 16:30:38.370471-05	invoice_valid	1	88
206	2024-04-26 16:30:48.577253-05	2024-04-26 16:30:48.578255-05	\N	\N	2024-04-26	marzo-abril	10000	0.00	10000.00	2024-04-26 16:57:52.435444-05	paid	2024-05-11 16:30:38.370471-05	invoice_valid	1	57
290	2024-04-26 17:03:33.943631-05	2024-04-26 17:03:33.943631-05	\N	Pago Exedente	2024-04-26	Anual	10000	22000.00	22000.00	2024-04-26 17:03:54.407394-05	paid	2024-05-11 17:03:33.943631-05	invoice_valid	1	72
92	2024-03-08 14:41:14.275318-05	2024-03-08 14:41:14.275318-05	\N	\N	2024-03-08	febrero-marzo	20000	0.00	20000.00	\N	expired	2024-03-23 14:41:00.230729-05	invoice_cancelled	1	123
288	2024-04-26 16:31:02.612999-05	2024-04-26 16:31:02.612999-05	\N	\N	2024-04-26	marzo-abril	20000	0.00	40000.00	2024-04-26 17:05:50.777089-05	paid	2024-05-11 16:30:38.370471-05	invoice_valid	1	161
291	2024-04-26 17:26:14.660197-05	2024-04-26 17:26:14.660197-05	\N	Enero-Febrero	2024-04-26	Anual	0	5000.00	5000.00	2024-04-26 17:26:29.492388-05	paid	2024-05-11 17:26:14.660197-05	invoice_valid	1	28
292	2024-04-26 17:26:50.66685-05	2024-04-26 17:26:50.66685-05	\N	Marzo-Abril	2024-04-26	Anual	0	5000.00	5000.00	2024-04-26 17:27:00.307653-05	paid	2024-05-11 17:26:50.66685-05	invoice_valid	1	28
204	2024-04-26 16:30:48.348813-05	2024-04-26 16:30:48.348813-05	\N	\N	2024-04-26	marzo-abril	24000	0.00	48000.00	2024-04-26 17:41:57.281796-05	paid	2024-05-11 16:30:38.370471-05	invoice_valid	1	77
241	2024-04-26 16:30:54.324705-05	2024-04-26 16:30:54.324705-05	\N	\N	2024-04-26	marzo-abril	20000	0.00	20000.00	2024-04-26 17:42:26.630359-05	paid	2024-05-11 16:30:38.370471-05	invoice_valid	1	107
289	2024-04-26 16:31:02.617994-05	2024-04-26 16:31:02.617994-05	\N	\N	2024-04-26	marzo-abril	20000	0.00	40000.00	2024-04-26 17:44:52.646291-05	paid	2024-05-11 16:30:38.370471-05	invoice_valid	1	179
247	2024-04-26 16:30:55.288906-05	2024-04-26 16:30:55.288906-05	\N	\N	2024-04-26	marzo-abril	24000	0.00	48000.00	2024-04-26 17:52:37.180886-05	paid	2024-05-11 16:30:38.370471-05	invoice_valid	1	119
28	2024-03-08 14:41:04.101214-05	2024-03-08 14:41:04.101214-05	\N	\N	2024-03-08	febrero-marzo	20000	100000.00	60000.00	2024-04-26 17:58:07.380457-05	paid	2024-03-23 14:41:00.230729-05	invoice_valid	1	15
279	2024-04-26 16:31:00.511365-05	2024-04-26 16:31:00.511365-05	\N	\N	2024-04-26	marzo-abril	20000	0.00	20000.00	2024-04-26 18:02:18.030725-05	paid	2024-05-11 16:30:38.370471-05	invoice_valid	1	167
274	2024-04-26 16:30:59.978032-05	2024-04-26 16:30:59.978032-05	\N	\N	2024-04-26	marzo-abril	24000	0.00	24000.00	2024-09-04 22:32:02.14112-05	paid	2024-05-11 16:30:38.370471-05	invoice_valid	1	172
282	2024-04-26 16:31:01.211288-05	2024-04-26 16:31:01.211288-05	\N	\N	2024-04-26	marzo-abril	24000	0.00	24000.00	2024-09-05 19:05:00.99071-05	paid	2024-05-11 16:30:38.370471-05	invoice_valid	1	160
157	2024-04-26 16:30:39.8563-05	2024-04-26 16:30:39.8563-05	\N	\N	2024-04-26	marzo-abril	20000	0.00	40000.00	2024-04-26 18:02:40.131609-05	paid	2024-05-11 16:30:38.370471-05	invoice_valid	1	50
275	2024-04-26 16:30:59.98203-05	2024-04-26 16:30:59.98203-05	\N	\N	2024-04-26	marzo-abril	24000	0.00	48000.00	2024-04-26 18:03:55.052305-05	paid	2024-05-11 16:30:38.370471-05	invoice_valid	1	164
286	2024-04-26 16:31:02.247918-05	2024-04-26 16:31:02.247918-05	\N	\N	2024-04-26	marzo-abril	24000	0.00	24000.00	2024-04-26 18:04:52.582864-05	paid	2024-05-11 16:30:38.370471-05	invoice_valid	1	171
284	2024-04-26 16:31:01.488623-05	2024-04-26 16:31:01.488623-05	\N	\N	2024-04-26	marzo-abril	20000	0.00	20000.00	2024-04-26 18:23:25.23645-05	paid	2024-05-11 16:30:38.370471-05	invoice_valid	1	177
293	2024-04-26 18:27:49.21907-05	2024-04-26 18:27:49.21907-05	\N	Marzo-Abril	2024-04-26	Periodica	0	20000.00	20000.00	2024-04-26 18:28:04.006622-05	paid	2024-05-11 18:27:49.218503-05	invoice_valid	1	104
285	2024-04-26 16:31:01.488623-05	2024-04-26 16:31:01.488623-05	\N	\N	2024-04-26	marzo-abril	20000	0.00	20000.00	2024-04-26 18:30:34.826212-05	paid	2024-05-11 16:30:38.370471-05	invoice_valid	1	154
219	2024-04-26 16:30:50.548837-05	2024-04-26 16:30:50.548837-05	\N	\N	2024-04-26	marzo-abril	20000	0.00	20000.00	2024-04-26 18:32:45.3059-05	paid	2024-05-11 16:30:38.370471-05	invoice_valid	1	93
281	2024-04-26 16:31:00.770105-05	2024-04-26 16:31:00.770896-05	\N	\N	2024-04-26	marzo-abril	24000	0.00	24000.00	2024-04-26 18:33:51.239806-05	paid	2024-05-11 16:30:38.370471-05	invoice_valid	1	170
60	2024-03-08 14:41:09.360748-05	2024-03-08 14:41:09.360748-05	\N	\N	2024-03-08	febrero-marzo	24000	0.00	24000.00	\N	expired	2024-03-23 14:41:00.230729-05	invoice_cancelled	1	69
203	2024-04-26 16:30:48.090446-05	2024-04-26 16:30:48.090446-05	\N	\N	2024-04-26	marzo-abril	24000	0.00	48000.00	2024-04-26 18:39:34.943068-05	paid	2024-05-11 16:30:38.370471-05	invoice_valid	1	69
276	2024-04-26 16:31:00.24447-05	2024-04-26 16:31:00.24447-05	\N	\N	2024-04-26	marzo-abril	24000	0.00	24000.00	2024-04-26 18:40:52.24829-05	paid	2024-05-11 16:30:38.370471-05	invoice_valid	1	173
287	2024-04-26 16:31:02.252914-05	2024-04-26 16:31:02.252914-05	\N	\N	2024-04-26	marzo-abril	24000	0.00	48000.00	2024-04-26 18:41:09.360513-05	paid	2024-05-11 16:30:38.370471-05	invoice_valid	1	159
273	2024-04-26 16:30:59.718005-05	2024-04-26 16:30:59.718005-05	\N	\N	2024-04-26	marzo-abril	24000	0.00	48000.00	2024-04-26 18:57:35.901815-05	paid	2024-05-11 16:30:38.370471-05	invoice_valid	1	166
278	2024-04-26 16:31:00.508365-05	2024-04-26 16:31:00.508365-05	\N	\N	2024-04-26	marzo-abril	30000	0.00	60000.00	2024-04-26 18:57:59.673857-05	paid	2024-05-11 16:30:38.370471-05	invoice_valid	1	169
280	2024-04-26 16:31:00.766107-05	2024-04-26 16:31:00.766107-05	\N	\N	2024-04-26	marzo-abril	20000	0.00	40000.00	2024-04-26 18:58:21.471855-05	paid	2024-05-11 16:30:38.370471-05	invoice_valid	1	158
277	2024-04-26 16:31:00.249465-05	2024-04-26 16:31:00.249465-05	\N	\N	2024-04-26	marzo-abril	20000	0.00	40000.00	2024-04-26 18:58:49.819981-05	paid	2024-05-11 16:30:38.370471-05	invoice_valid	1	157
283	2024-04-26 16:31:01.215281-05	2024-04-26 16:31:01.215281-05	\N	\N	2024-04-26	marzo-abril	30000	0.00	60000.00	\N	pending	2024-05-11 16:30:38.370471-05	invoice_cancelled	1	163
328	2024-07-20 20:39:54.219302-05	2024-07-20 20:39:54.219302-05	\N	\N	2024-07-20	mayo-junio	10000	0.00	40000.00	\N	pending	2024-08-04 20:39:47.740997-05	invoice_valid	1	26
313	2024-07-20 20:39:51.230297-05	2024-07-20 20:39:51.230297-05	\N	\N	2024-07-20	mayo-junio	40000	0.00	40000.00	2024-09-04 20:36:40.589873-05	paid	2024-08-04 20:39:47.740997-05	invoice_valid	1	10
303	2024-07-20 20:39:49.531816-05	2024-07-20 20:39:49.531816-05	\N	\N	2024-07-20	mayo-junio	24000	0.00	48000.00	\N	expired	2024-08-04 20:39:47.740997-05	invoice_cancelled	1	79
314	2024-07-20 20:39:51.740492-05	2024-07-20 20:39:51.740492-05	\N	\N	2024-07-20	mayo-junio	26000	0.00	26000.00	2024-09-04 20:38:24.108263-05	paid	2024-08-04 20:39:47.740997-05	invoice_valid	1	11
315	2024-07-20 20:39:51.744489-05	2024-07-20 20:39:51.744489-05	\N	\N	2024-07-20	mayo-junio	20000	0.00	20000.00	2024-09-04 20:39:39.914355-05	paid	2024-08-04 20:39:47.740997-05	invoice_valid	1	12
316	2024-07-20 20:39:52.127579-05	2024-07-20 20:39:52.127579-05	\N	\N	2024-07-20	mayo-junio	30000	0.00	30000.00	2024-09-04 20:42:27.084995-05	paid	2024-08-04 20:39:47.740997-05	invoice_valid	1	18
307	2024-07-20 20:39:50.107377-05	2024-07-20 20:39:50.107377-05	\N	\N	2024-07-20	mayo-junio	26000	0.00	26000.00	2024-09-04 20:42:46.345775-05	paid	2024-08-04 20:39:47.740997-05	invoice_valid	1	20
317	2024-07-20 20:39:52.129577-05	2024-07-20 20:39:52.129577-05	\N	\N	2024-07-20	mayo-junio	20000	0.00	20000.00	2024-09-04 20:44:55.893215-05	paid	2024-08-04 20:39:47.740997-05	invoice_valid	1	35
319	2024-07-20 20:39:52.399863-05	2024-07-20 20:39:52.399863-05	\N	\N	2024-07-20	mayo-junio	20000	0.00	20000.00	2024-09-04 20:48:16.688521-05	paid	2024-08-04 20:39:47.740997-05	invoice_valid	1	17
320	2024-07-20 20:39:52.652343-05	2024-07-20 20:39:52.652343-05	\N	\N	2024-07-20	mayo-junio	20000	0.00	20000.00	2024-09-04 20:56:38.214898-05	paid	2024-08-04 20:39:47.740997-05	invoice_valid	1	15
321	2024-07-20 20:39:52.656345-05	2024-07-20 20:39:52.656345-05	\N	\N	2024-07-20	mayo-junio	24000	0.00	24000.00	2024-09-04 20:58:48.148192-05	paid	2024-08-04 20:39:47.740997-05	invoice_valid	1	4
322	2024-07-20 20:39:52.902058-05	2024-07-20 20:39:52.902058-05	\N	\N	2024-07-20	mayo-junio	24000	0.00	24000.00	2024-09-04 20:59:28.537713-05	paid	2024-08-04 20:39:47.740997-05	invoice_valid	1	14
323	2024-07-20 20:39:52.907048-05	2024-07-20 20:39:52.907048-05	\N	\N	2024-07-20	mayo-junio	20000	0.00	20000.00	2024-09-04 20:59:47.88397-05	paid	2024-08-04 20:39:47.740997-05	invoice_valid	1	22
325	2024-07-20 20:39:53.163931-05	2024-07-20 20:39:53.163931-05	\N	\N	2024-07-20	mayo-junio	20000	0.00	20000.00	2024-09-04 21:01:21.445612-05	paid	2024-08-04 20:39:47.740997-05	invoice_valid	1	32
299	2024-07-20 20:39:48.454846-05	2024-07-20 20:39:48.454846-05	\N	\N	2024-07-20	mayo-junio	24000	0.00	24000.00	2024-09-04 21:01:35.260224-05	paid	2024-08-04 20:39:47.740997-05	invoice_valid	1	40
326	2024-07-20 20:39:53.478784-05	2024-07-20 20:39:53.478784-05	\N	\N	2024-07-20	mayo-junio	24000	0.00	24000.00	2024-09-04 21:02:04.058838-05	paid	2024-08-04 20:39:47.740997-05	invoice_valid	1	13
301	2024-07-20 20:39:48.888764-05	2024-07-20 20:39:48.888764-05	\N	\N	2024-07-20	mayo-junio	24000	0.00	24000.00	2024-09-04 21:06:53.571189-05	paid	2024-08-04 20:39:47.740997-05	invoice_valid	1	116
327	2024-07-20 20:39:53.944882-05	2024-07-20 20:39:53.944882-05	\N	\N	2024-07-20	mayo-junio	24000	0.00	24000.00	2024-09-04 21:14:26.704436-05	paid	2024-08-04 20:39:47.740997-05	invoice_valid	1	25
330	2024-07-20 20:39:54.505498-05	2024-07-20 20:39:54.505498-05	\N	\N	2024-07-20	mayo-junio	24000	0.00	24000.00	2024-09-04 21:15:57.574189-05	paid	2024-08-04 20:39:47.740997-05	invoice_valid	1	43
331	2024-07-20 20:39:54.505498-05	2024-07-20 20:39:54.505498-05	\N	\N	2024-07-20	mayo-junio	20000	0.00	20000.00	2024-09-04 21:21:10.950615-05	paid	2024-08-04 20:39:47.740997-05	invoice_valid	1	27
329	2024-07-20 20:39:54.219302-05	2024-07-20 20:39:54.219302-05	\N	\N	2024-07-20	mayo-junio	20000	0.00	20000.00	2024-09-04 21:19:58.923948-05	paid	2024-08-04 20:39:47.740997-05	invoice_valid	1	37
332	2024-07-20 20:39:54.743697-05	2024-07-20 20:39:54.743697-05	\N	\N	2024-07-20	mayo-junio	20000	0.00	20000.00	2024-09-04 21:22:03.137592-05	paid	2024-08-04 20:39:47.740997-05	invoice_valid	1	34
333	2024-07-20 20:39:55.006769-05	2024-07-20 20:39:55.006769-05	\N	\N	2024-07-20	mayo-junio	44000	0.00	44000.00	2024-09-04 21:22:27.454744-05	paid	2024-08-04 20:39:47.740997-05	invoice_valid	1	38
308	2024-07-20 20:39:50.358853-05	2024-07-20 20:39:50.358853-05	\N	\N	2024-07-20	mayo-junio	20000	0.00	20000.00	2024-09-04 21:31:20.605641-05	paid	2024-08-04 20:39:47.740997-05	invoice_valid	1	2
335	2024-07-20 20:39:55.274407-05	2024-07-20 20:39:55.274407-05	\N	\N	2024-07-20	mayo-junio	20000	0.00	20000.00	2024-09-04 21:32:43.287844-05	paid	2024-08-04 20:39:47.740997-05	invoice_valid	1	33
337	2024-07-20 20:39:55.529529-05	2024-07-20 20:39:55.529529-05	\N	\N	2024-07-20	mayo-junio	20000	0.00	20000.00	2024-09-04 21:34:51.466851-05	paid	2024-08-04 20:39:47.740997-05	invoice_valid	1	49
336	2024-07-20 20:39:55.278334-05	2024-07-20 20:39:55.278334-05	\N	\N	2024-07-20	mayo-junio	20000	0.00	20000.00	2024-09-04 21:34:16.827905-05	paid	2024-08-04 20:39:47.740997-05	invoice_valid	1	47
305	2024-07-20 20:39:49.822299-05	2024-07-20 20:39:49.822299-05	\N	\N	2024-07-20	mayo-junio	20000	0.00	20000.00	2024-09-04 21:40:58.965989-05	paid	2024-08-04 20:39:47.740997-05	invoice_valid	1	50
309	2024-07-20 20:39:50.361853-05	2024-07-20 20:39:50.361853-05	\N	\N	2024-07-20	mayo-junio	50000	0.00	50000.00	2024-09-04 21:45:42.467391-05	paid	2024-08-04 20:39:47.740997-05	invoice_valid	1	3
302	2024-07-20 20:39:49.219109-05	2024-07-20 20:39:49.219109-05	\N	\N	2024-07-20	mayo-junio	20000	0.00	20000.00	2024-09-04 22:04:41.022365-05	paid	2024-08-04 20:39:47.740997-05	invoice_valid	1	100
300	2024-07-20 20:39:48.883767-05	2024-07-20 20:39:48.883767-05	\N	\N	2024-07-20	mayo-junio	20000	0.00	20000.00	2024-09-04 20:27:42.949939-05	paid	2024-08-04 20:39:47.740997-05	invoice_valid	1	67
344	2024-07-20 20:39:57.045096-05	2024-07-20 20:39:57.045096-05	\N	\N	2024-07-20	mayo-junio	24000	0.00	24000.00	\N	paid	2024-08-04 20:39:47.740997-05	invoice_cancelled	1	78
311	2024-07-20 20:39:50.870278-05	2024-07-20 20:39:50.870278-05	\N	\N	2024-07-20	mayo-junio	20000	0.00	20000.00	\N	paid	2024-08-04 20:39:47.740997-05	invoice_cancelled	1	24
306	2024-07-20 20:39:50.103377-05	2024-07-20 20:39:50.103377-05	\N	\N	2024-07-20	mayo-junio	30000	0.00	30000.00	2024-11-05 17:10:32.014939-05	paid	2024-08-04 20:39:47.740997-05	invoice_valid	1	98
346	2024-07-20 20:39:57.777727-05	2024-07-20 20:39:57.777727-05	\N	\N	2024-07-20	mayo-junio	20000	0.00	20000.00	2024-11-05 17:33:31.423295-05	paid	2024-08-04 20:39:47.740997-05	invoice_valid	1	59
318	2024-07-20 20:39:52.394857-05	2024-07-20 20:39:52.394857-05	\N	\N	2024-07-20	mayo-junio	30000	0.00	30000.00	2024-11-05 17:36:39.358756-05	paid	2024-08-04 20:39:47.740997-05	invoice_valid	1	45
350	2024-07-20 20:39:58.265182-05	2024-07-20 20:39:58.265182-05	\N	\N	2024-07-20	mayo-junio	24000	0.00	24000.00	\N	paid	2024-08-04 20:39:47.740997-05	invoice_cancelled	1	69
349	2024-07-20 20:39:58.028156-05	2024-07-20 20:39:58.028156-05	\N	\N	2024-07-20	mayo-junio	24000	0.00	24000.00	2024-11-05 17:40:22.318374-05	paid	2024-08-04 20:39:47.740997-05	invoice_valid	1	68
354	2024-07-20 20:39:59.086376-05	2024-07-20 20:39:59.086376-05	\N	\N	2024-07-20	mayo-junio	24000	0.00	24000.00	\N	paid	2024-08-04 20:39:47.740997-05	invoice_cancelled	1	52
334	2024-07-20 20:39:55.009044-05	2024-07-20 20:39:55.009044-05	\N	\N	2024-07-20	mayo-junio	24000	0.00	24000.00	\N	paid	2024-08-04 20:39:47.740997-05	invoice_cancelled	1	19
341	2024-07-20 20:39:56.023515-05	2024-07-20 20:39:56.023515-05	\N	\N	2024-07-20	mayo-junio	24000	0.00	24000.00	\N	paid	2024-08-04 20:39:47.740997-05	invoice_cancelled	1	7
364	2024-07-20 20:40:00.747666-05	2024-07-20 20:40:00.747666-05	\N	\N	2024-07-20	mayo-junio	24000	0.00	48000.00	\N	pending	2024-08-04 20:39:47.740997-05	invoice_valid	1	55
347	2024-07-20 20:39:57.779628-05	2024-07-20 20:39:57.779628-05	\N	\N	2024-07-20	mayo-junio	20000	0.00	20000.00	2024-09-04 20:41:17.841989-05	paid	2024-08-04 20:39:47.740997-05	invoice_valid	1	71
348	2024-07-20 20:39:58.026145-05	2024-07-20 20:39:58.026145-05	\N	\N	2024-07-20	mayo-junio	20000	0.00	20000.00	2024-09-04 20:46:13.072745-05	paid	2024-08-04 20:39:47.740997-05	invoice_valid	1	86
351	2024-07-20 20:39:58.495882-05	2024-07-20 20:39:58.495882-05	\N	\N	2024-07-20	mayo-junio	24000	0.00	24000.00	2024-09-04 20:47:10.055318-05	paid	2024-08-04 20:39:47.740997-05	invoice_valid	1	77
352	2024-07-20 20:39:58.514705-05	2024-07-20 20:39:58.514705-05	\N	\N	2024-07-20	mayo-junio	24000	0.00	24000.00	2024-09-04 20:56:56.127866-05	paid	2024-08-04 20:39:47.740997-05	invoice_valid	1	76
355	2024-07-20 20:39:59.089375-05	2024-07-20 20:39:59.089375-05	\N	\N	2024-07-20	mayo-junio	20000	0.00	20000.00	2024-09-04 21:01:04.674105-05	paid	2024-08-04 20:39:47.740997-05	invoice_valid	1	74
357	2024-07-20 20:39:59.362454-05	2024-07-20 20:39:59.362454-05	\N	\N	2024-07-20	mayo-junio	20000	0.00	20000.00	2024-09-04 21:04:22.763094-05	paid	2024-08-04 20:39:47.740997-05	invoice_valid	1	64
358	2024-07-20 20:39:59.623907-05	2024-07-20 20:39:59.623907-05	\N	\N	2024-07-20	mayo-junio	44000	0.00	176000.00	\N	paid	2024-08-04 20:39:47.740997-05	invoice_cancelled	1	60
359	2024-07-20 20:39:59.899162-05	2024-07-20 20:39:59.899162-05	\N	\N	2024-07-20	mayo-junio	24000	0.00	24000.00	2024-09-04 21:20:51.209024-05	paid	2024-08-04 20:39:47.740997-05	invoice_valid	1	54
339	2024-07-20 20:39:55.774887-05	2024-07-20 20:39:55.774887-05	\N	\N	2024-07-20	mayo-junio	20000	0.00	20000.00	2024-09-04 21:40:45.06865-05	paid	2024-08-04 20:39:47.740997-05	invoice_valid	1	42
362	2024-07-20 20:40:00.166528-05	2024-07-20 20:40:00.166528-05	\N	\N	2024-07-20	mayo-junio	20000	0.00	20000.00	2024-09-04 21:37:34.505705-05	paid	2024-08-04 20:39:47.740997-05	invoice_valid	1	53
338	2024-07-20 20:39:55.774887-05	2024-07-20 20:39:55.774887-05	\N	\N	2024-07-20	mayo-junio	20000	0.00	20000.00	2024-09-04 21:40:24.52155-05	paid	2024-08-04 20:39:47.740997-05	invoice_valid	1	41
342	2024-07-20 20:39:56.290827-05	2024-07-20 20:39:56.290827-05	\N	\N	2024-07-20	mayo-junio	24000	0.00	24000.00	2024-09-04 21:47:54.900186-05	paid	2024-08-04 20:39:47.740997-05	invoice_valid	1	48
340	2024-07-20 20:39:56.023515-05	2024-07-20 20:39:56.023515-05	\N	\N	2024-07-20	mayo-junio	24000	0.00	24000.00	2024-09-04 21:47:17.836124-05	paid	2024-08-04 20:39:47.740997-05	invoice_valid	1	6
365	2024-07-20 20:40:01.005932-05	2024-07-20 20:40:01.005932-05	\N	\N	2024-07-20	mayo-junio	20000	0.00	20000.00	2024-09-04 21:48:52.321813-05	paid	2024-08-04 20:39:47.740997-05	invoice_valid	1	63
366	2024-07-20 20:40:01.010926-05	2024-07-20 20:40:01.010926-05	\N	\N	2024-07-20	mayo-junio	20000	0.00	20000.00	2024-09-04 21:50:13.432383-05	paid	2024-08-04 20:39:47.740997-05	invoice_valid	1	93
367	2024-07-20 20:40:01.25508-05	2024-07-20 20:40:01.25508-05	\N	\N	2024-07-20	mayo-junio	30000	0.00	30000.00	2024-09-04 21:59:23.435486-05	paid	2024-08-04 20:39:47.740997-05	invoice_valid	1	88
378	2024-07-20 20:40:03.438-05	2024-07-20 20:40:03.438-05	\N	\N	2024-07-20	mayo-junio	20000	0.00	20000.00	2024-09-04 22:01:36.207316-05	paid	2024-08-04 20:39:47.740997-05	invoice_valid	1	120
375	2024-07-20 20:40:02.825304-05	2024-07-20 20:40:02.825304-05	\N	\N	2024-07-20	mayo-junio	24000	0.00	24000.00	2024-09-04 22:01:08.23821-05	paid	2024-08-04 20:39:47.740997-05	invoice_valid	1	111
377	2024-07-20 20:40:03.433007-05	2024-07-20 20:40:03.433007-05	\N	\N	2024-07-20	mayo-junio	20000	0.00	20000.00	2024-09-04 22:01:23.453767-05	paid	2024-08-04 20:39:47.740997-05	invoice_valid	1	115
368	2024-07-20 20:40:01.25508-05	2024-07-20 20:40:01.25508-05	\N	\N	2024-07-20	mayo-junio	24000	0.00	24000.00	2024-09-04 22:02:37.02504-05	paid	2024-08-04 20:39:47.740997-05	invoice_valid	1	96
382	2024-07-20 20:40:04.198909-05	2024-07-20 20:40:04.198909-05	\N	\N	2024-07-20	mayo-junio	20000	0.00	20000.00	2024-09-04 22:05:52.746078-05	paid	2024-08-04 20:39:47.740997-05	invoice_valid	1	104
381	2024-07-20 20:40:03.951764-05	2024-07-20 20:40:03.951764-05	\N	\N	2024-07-20	mayo-junio	20000	0.00	20000.00	2024-09-04 22:04:26.940176-05	paid	2024-08-04 20:39:47.740997-05	invoice_valid	1	99
383	2024-07-20 20:40:04.20372-05	2024-07-20 20:40:04.20372-05	\N	\N	2024-07-20	mayo-junio	20000	0.00	20000.00	2024-09-04 22:07:39.960557-05	paid	2024-08-04 20:39:47.740997-05	invoice_valid	1	123
384	2024-07-20 20:40:04.444993-05	2024-07-20 20:40:04.444993-05	\N	\N	2024-07-20	mayo-junio	30000	0.00	30000.00	2024-09-04 22:08:04.083055-05	paid	2024-08-04 20:39:47.740997-05	invoice_valid	1	124
386	2024-07-20 20:40:04.721618-05	2024-07-20 20:40:04.721618-05	\N	\N	2024-07-20	mayo-junio	10000	0.00	10000.00	2024-09-04 22:08:49.619506-05	paid	2024-08-04 20:39:47.740997-05	invoice_valid	1	127
387	2024-07-20 20:40:04.994318-05	2024-07-20 20:40:04.994318-05	\N	\N	2024-07-20	mayo-junio	20000	0.00	20000.00	2024-09-04 22:12:10.194949-05	paid	2024-08-04 20:39:47.740997-05	invoice_valid	1	129
390	2024-07-20 20:40:05.581215-05	2024-07-20 20:40:05.581215-05	\N	\N	2024-07-20	mayo-junio	24000	0.00	24000.00	2024-09-04 22:12:46.922159-05	paid	2024-08-04 20:39:47.740997-05	invoice_valid	1	108
391	2024-07-20 20:40:05.586211-05	2024-07-20 20:40:05.586211-05	\N	\N	2024-07-20	mayo-junio	20000	0.00	20000.00	2024-09-04 22:12:58.884152-05	paid	2024-08-04 20:39:47.740997-05	invoice_valid	1	110
393	2024-07-20 20:40:05.891891-05	2024-07-20 20:40:05.891891-05	\N	\N	2024-07-20	mayo-junio	20000	0.00	20000.00	2024-09-04 22:14:04.476094-05	paid	2024-08-04 20:39:47.740997-05	invoice_valid	1	132
392	2024-07-20 20:40:05.888892-05	2024-07-20 20:40:05.888892-05	\N	\N	2024-07-20	mayo-junio	10000	0.00	10000.00	2024-09-04 22:13:49.849869-05	paid	2024-08-04 20:39:47.740997-05	invoice_valid	1	131
394	2024-07-20 20:40:06.577836-05	2024-07-20 20:40:06.577836-05	\N	\N	2024-07-20	mayo-junio	24000	0.00	24000.00	2024-09-04 22:14:14.772796-05	paid	2024-08-04 20:39:47.740997-05	invoice_valid	1	135
395	2024-07-20 20:40:06.586776-05	2024-07-20 20:40:06.586776-05	\N	\N	2024-07-20	mayo-junio	24000	0.00	24000.00	2024-09-04 22:15:17.349452-05	paid	2024-08-04 20:39:47.740997-05	invoice_valid	1	119
372	2024-07-20 20:40:02.054373-05	2024-07-20 20:40:02.054373-05	\N	\N	2024-07-20	mayo-junio	20000	0.00	20000.00	2024-09-04 22:21:47.499408-05	paid	2024-08-04 20:39:47.740997-05	invoice_valid	1	87
419	2024-07-20 20:40:11.285763-05	2024-07-20 20:40:11.285763-05	\N	\N	2024-07-20	mayo-junio	24000	0.00	24000.00	\N	paid	2024-08-04 20:39:47.740997-05	invoice_cancelled	1	176
420	2024-07-20 20:40:11.795631-05	2024-07-20 20:40:11.795631-05	\N	\N	2024-07-20	mayo-junio	20000	0.00	20000.00	\N	paid	2024-08-04 20:39:47.740997-05	invoice_cancelled	1	180
421	2024-07-20 20:40:11.795631-05	2024-07-20 20:40:11.795631-05	\N	\N	2024-07-20	mayo-junio	24000	0.00	24000.00	\N	paid	2024-08-04 20:39:47.740997-05	invoice_cancelled	1	166
423	2024-07-20 20:40:12.087174-05	2024-07-20 20:40:12.087174-05	\N	\N	2024-07-20	mayo-junio	24000	0.00	24000.00	\N	paid	2024-08-04 20:39:47.740997-05	invoice_cancelled	1	164
425	2024-07-20 20:40:12.361424-05	2024-07-20 20:40:12.361424-05	\N	\N	2024-07-20	mayo-junio	20000	0.00	20000.00	\N	paid	2024-08-04 20:39:47.740997-05	invoice_cancelled	1	157
412	2024-07-20 20:40:10.156336-05	2024-07-20 20:40:10.156336-05	\N	\N	2024-07-20	mayo-junio	30000	0.00	120000.00	\N	paid	2024-08-04 20:39:47.740997-05	invoice_cancelled	1	151
361	2024-07-20 20:40:00.166528-05	2024-07-20 20:40:00.166528-05	\N	\N	2024-07-20	mayo-junio	24000	0.00	24000.00	\N	paid	2024-08-04 20:39:47.740997-05	invoice_cancelled	1	75
360	2024-07-20 20:39:59.899162-05	2024-07-20 20:39:59.899162-05	\N	\N	2024-07-20	mayo-junio	20000	0.00	20000.00	2024-11-05 16:41:01.901984-05	paid	2024-08-04 20:39:47.740997-05	invoice_valid	1	62
363	2024-07-20 20:40:00.401709-05	2024-07-20 20:40:00.401709-05	\N	\N	2024-07-20	mayo-junio	24000	0.00	24000.00	\N	paid	2024-08-04 20:39:47.740997-05	invoice_cancelled	1	56
376	2024-07-20 20:40:02.825304-05	2024-07-20 20:40:02.825304-05	\N	\N	2024-07-20	mayo-junio	20000	0.00	20000.00	\N	paid	2024-08-04 20:39:47.740997-05	invoice_cancelled	1	109
379	2024-07-20 20:40:03.683077-05	2024-07-20 20:40:03.683077-05	\N	\N	2024-07-20	mayo-junio	24000	0.00	24000.00	\N	paid	2024-08-04 20:39:47.740997-05	invoice_cancelled	1	117
380	2024-07-20 20:40:03.947792-05	2024-07-20 20:40:03.947792-05	\N	\N	2024-07-20	mayo-junio	10000	0.00	10000.00	2024-11-05 19:31:14.034449-05	paid	2024-08-04 20:39:47.740997-05	invoice_valid	1	122
388	2024-07-20 20:40:05.261659-05	2024-07-20 20:40:05.261659-05	\N	\N	2024-07-20	mayo-junio	24000	0.00	24000.00	\N	paid	2024-08-04 20:39:47.740997-05	invoice_cancelled	1	130
385	2024-07-20 20:40:04.444993-05	2024-07-20 20:40:04.444993-05	\N	\N	2024-07-20	mayo-junio	20000	0.00	0.00	2024-11-05 19:39:32.711338-05	paid	2024-08-04 20:39:47.740997-05	invoice_valid	1	125
389	2024-07-20 20:40:05.261659-05	2024-07-20 20:40:05.261659-05	\N	\N	2024-07-20	mayo-junio	20000	0.00	20000.00	\N	paid	2024-08-04 20:39:47.740997-05	invoice_cancelled	1	107
405	2024-07-20 20:40:08.931285-05	2024-07-20 20:40:08.931285-05	\N	\N	2024-07-20	mayo-junio	20000	0.00	20000.00	\N	paid	2024-08-04 20:39:47.740997-05	invoice_cancelled	1	136
371	2024-07-20 20:40:01.814759-05	2024-07-20 20:40:01.814759-05	\N	\N	2024-07-20	mayo-junio	24000	0.00	24000.00	\N	paid	2024-08-04 20:39:47.740997-05	invoice_cancelled	1	97
397	2024-07-20 20:40:07.239056-05	2024-07-20 20:40:07.239056-05	\N	\N	2024-07-20	mayo-junio	20000	0.00	20000.00	\N	paid	2024-08-04 20:39:47.740997-05	invoice_cancelled	1	141
356	2024-07-20 20:39:59.357457-05	2024-07-20 20:39:59.357457-05	\N	\N	2024-07-20	mayo-junio	24000	0.00	24000.00	2024-11-08 09:17:54.274902-05	paid	2024-08-04 20:39:47.740997-05	invoice_valid	1	61
402	2024-07-20 20:40:08.352197-05	2024-07-20 20:40:08.352197-05	\N	\N	2024-07-20	mayo-junio	20000	0.00	20000.00	2024-09-04 20:48:04.481343-05	paid	2024-08-04 20:39:47.740997-05	invoice_valid	1	80
409	2024-07-20 20:40:09.615498-05	2024-07-20 20:40:09.615498-05	\N	\N	2024-07-20	mayo-junio	20000	0.00	20000.00	2024-09-04 22:21:58.523928-05	paid	2024-08-04 20:39:47.740997-05	invoice_valid	1	145
403	2024-07-20 20:40:08.657602-05	2024-07-20 20:40:08.657602-05	\N	\N	2024-07-20	mayo-junio	20000	0.00	20000.00	2024-09-04 21:44:08.326283-05	paid	2024-08-04 20:39:47.740997-05	invoice_valid	1	82
404	2024-07-20 20:40:08.6616-05	2024-07-20 20:40:08.6616-05	\N	\N	2024-07-20	mayo-junio	20000	0.00	20000.00	2024-09-04 22:11:56.690626-05	paid	2024-08-04 20:39:47.740997-05	invoice_valid	1	153
406	2024-07-20 20:40:08.935281-05	2024-07-20 20:40:08.935281-05	\N	\N	2024-07-20	mayo-junio	30000	0.00	90000.00	\N	pending	2024-08-04 20:39:47.740997-05	invoice_valid	1	148
396	2024-07-20 20:40:06.941614-05	2024-07-20 20:40:06.941614-05	\N	\N	2024-07-20	mayo-junio	20000	0.00	20000.00	2024-09-04 22:18:25.487989-05	paid	2024-08-04 20:39:47.740997-05	invoice_valid	1	140
398	2024-07-20 20:40:07.243054-05	2024-07-20 20:40:07.243054-05	\N	\N	2024-07-20	mayo-junio	70000	0.00	70000.00	2024-09-04 22:18:41.886421-05	paid	2024-08-04 20:39:47.740997-05	invoice_valid	1	142
407	2024-07-20 20:40:09.321681-05	2024-07-20 20:40:09.321681-05	\N	\N	2024-07-20	mayo-junio	20000	0.00	20000.00	2024-09-04 22:19:07.937082-05	paid	2024-08-04 20:39:47.740997-05	invoice_valid	1	143
408	2024-07-20 20:40:09.334678-05	2024-07-20 20:40:09.334678-05	\N	\N	2024-07-20	mayo-junio	20000	0.00	20000.00	2024-09-04 22:19:31.836899-05	paid	2024-08-04 20:39:47.740997-05	invoice_valid	1	144
410	2024-07-20 20:40:09.619493-05	2024-07-20 20:40:09.619493-05	\N	\N	2024-07-20	mayo-junio	24000	0.00	24000.00	2024-09-04 22:22:15.194593-05	paid	2024-08-04 20:39:47.740997-05	invoice_valid	1	146
399	2024-07-20 20:40:07.815348-05	2024-07-20 20:40:07.815348-05	\N	\N	2024-07-20	mayo-junio	24000	0.00	24000.00	2024-09-04 22:21:17.296596-05	paid	2024-08-04 20:39:47.740997-05	invoice_valid	1	137
400	2024-07-20 20:40:08.079707-05	2024-07-20 20:40:08.079707-05	\N	\N	2024-07-20	mayo-junio	20000	0.00	20000.00	2024-09-04 22:21:35.820722-05	paid	2024-08-04 20:39:47.740997-05	invoice_valid	1	112
411	2024-07-20 20:40:10.156336-05	2024-07-20 20:40:10.156336-05	\N	\N	2024-07-20	mayo-junio	20000	0.00	20000.00	2024-09-04 22:24:46.320207-05	paid	2024-08-04 20:39:47.740997-05	invoice_valid	1	150
401	2024-07-20 20:40:08.352197-05	2024-07-20 20:40:08.352197-05	\N	\N	2024-07-20	mayo-junio	46000	0.00	46000.00	2024-09-04 22:28:51.658945-05	paid	2024-08-04 20:39:47.740997-05	invoice_valid	1	103
413	2024-07-20 20:40:10.463181-05	2024-07-20 20:40:10.463181-05	\N	\N	2024-07-20	mayo-junio	20000	0.00	20000.00	2024-09-04 22:29:09.684141-05	paid	2024-08-04 20:39:47.740997-05	invoice_valid	1	152
415	2024-07-20 20:40:10.738937-05	2024-07-20 20:40:10.738937-05	\N	\N	2024-07-20	mayo-junio	20000	0.00	20000.00	2024-09-04 22:29:52.798812-05	paid	2024-08-04 20:39:47.740997-05	invoice_valid	1	162
416	2024-07-20 20:40:10.743604-05	2024-07-20 20:40:10.743604-05	\N	\N	2024-07-20	mayo-junio	24000	0.00	24000.00	2024-09-04 22:30:10.888551-05	paid	2024-08-04 20:39:47.740997-05	invoice_valid	1	165
422	2024-07-20 20:40:12.082696-05	2024-07-20 20:40:12.082696-05	\N	\N	2024-07-20	mayo-junio	24000	0.00	24000.00	2024-09-04 22:32:37.404071-05	paid	2024-08-04 20:39:47.740997-05	invoice_valid	1	172
417	2024-07-20 20:40:10.998783-05	2024-07-20 20:40:10.998783-05	\N	\N	2024-07-20	mayo-junio	20000	0.00	20000.00	2024-09-04 22:31:07.082759-05	paid	2024-08-04 20:39:47.740997-05	invoice_valid	1	155
418	2024-07-20 20:40:11.281767-05	2024-07-20 20:40:11.281767-05	\N	\N	2024-07-20	mayo-junio	20000	0.00	20000.00	2024-09-04 22:31:24.371815-05	paid	2024-08-04 20:39:47.740997-05	invoice_valid	1	168
424	2024-07-20 20:40:12.356965-05	2024-07-20 20:40:12.356965-05	\N	\N	2024-07-20	mayo-junio	24000	0.00	24000.00	2024-09-04 22:32:47.259493-05	paid	2024-08-04 20:39:47.740997-05	invoice_valid	1	173
427	2024-07-20 20:40:12.625965-05	2024-07-20 20:40:12.625965-05	\N	\N	2024-07-20	mayo-junio	20000	0.00	20000.00	2024-09-04 22:33:04.215149-05	paid	2024-08-04 20:39:47.740997-05	invoice_valid	1	167
431	2024-07-20 20:40:13.446383-05	2024-07-20 20:40:13.446383-05	\N	\N	2024-07-20	mayo-junio	20000	0.00	20000.00	2024-09-04 22:34:54.030443-05	paid	2024-08-04 20:39:47.740997-05	invoice_valid	1	177
433	2024-07-20 20:40:13.714633-05	2024-07-20 20:40:13.714633-05	\N	\N	2024-07-20	mayo-junio	24000	0.00	24000.00	2024-09-04 22:35:05.957001-05	paid	2024-08-04 20:39:47.740997-05	invoice_valid	1	171
435	2024-07-20 20:40:13.977912-05	2024-07-20 20:40:13.977912-05	\N	\N	2024-07-20	mayo-junio	20000	0.00	20000.00	2024-09-04 22:35:23.196228-05	paid	2024-08-04 20:39:47.740997-05	invoice_valid	1	161
436	2024-07-20 20:40:13.981915-05	2024-07-20 20:40:13.981915-05	\N	\N	2024-07-20	mayo-junio	20000	0.00	20000.00	2024-09-04 22:36:10.871034-05	paid	2024-08-04 20:39:47.740997-05	invoice_valid	1	179
68	2024-03-08 14:41:10.536881-05	2024-03-08 14:41:10.536881-05	\N	\N	2024-03-08	febrero-marzo	40000	0.00	44000.00	2024-09-04 21:12:50.201693-05	paid	2024-03-23 14:41:00.230729-05	invoice_valid	1	60
112	2024-03-08 14:41:18.087218-05	2024-03-08 14:41:18.087218-05	\N	\N	2024-03-08	febrero-marzo	20000	0.00	20000.00	2024-09-04 21:41:54.994059-05	paid	2024-03-23 14:41:00.230729-05	invoice_valid	1	82
298	2024-07-20 20:39:48.212477-05	2024-07-20 20:39:48.212477-05	\N	\N	2024-07-20	mayo-junio	10000	0.00	10000.00	2024-09-04 20:25:41.997663-05	paid	2024-08-04 20:39:47.740997-05	invoice_valid	1	23
155	2024-04-26 16:30:39.625594-05	2024-04-26 16:30:39.625594-05	\N	\N	2024-04-26	marzo-abril	24000	0.00	24000.00	\N	expired	2024-05-11 16:30:38.370471-05	invoice_cancelled	1	79
437	2024-09-04 21:29:02.277361-05	2024-09-04 21:29:02.277361-05	\N	Pago de solo un mes	2024-09-04	Periodica	10000	10000.00	10000.00	2024-09-04 21:30:23.58994-05	paid	2024-09-19 21:29:02.277361-05	invoice_valid	1	187
374	2024-07-20 20:40:02.323903-05	2024-07-20 20:40:02.323903-05	\N	\N	2024-07-20	mayo-junio	30000	0.00	30000.00	2024-09-04 21:59:08.485053-05	paid	2024-08-04 20:39:47.740997-05	invoice_valid	1	105
156	2024-04-26 16:30:39.8563-05	2024-04-26 16:30:39.8563-05	\N	\N	2024-04-26	marzo-abril	24000	0.00	24000.00	2024-09-04 21:31:38.591423-05	paid	2024-05-11 16:30:38.370471-05	invoice_valid	1	5
438	2024-09-04 22:10:02.568972-05	2024-09-04 22:10:02.568972-05	\N	pago el año	2024-09-04	Anual	12000	132000.00	132000.00	2024-09-04 22:10:16.229651-05	paid	2024-09-19 22:10:02.568972-05	invoice_valid	1	128
345	2024-07-20 20:39:57.529199-05	2024-07-20 20:39:57.529199-05	\N	\N	2024-07-20	mayo-junio	24000	0.00	24000.00	2024-09-04 20:34:50.925454-05	paid	2024-08-04 20:39:47.740997-05	invoice_valid	1	70
304	2024-07-20 20:39:49.536812-05	2024-07-20 20:39:49.536812-05	\N	\N	2024-07-20	mayo-junio	24000	0.00	24000.00	2024-09-04 21:32:23.151719-05	paid	2024-08-04 20:39:47.740997-05	invoice_valid	1	5
369	2024-07-20 20:40:01.521463-05	2024-07-20 20:40:01.521463-05	\N	\N	2024-07-20	mayo-junio	24000	0.00	24000.00	2024-09-04 22:12:28.364452-05	paid	2024-08-04 20:39:47.740997-05	invoice_valid	1	94
312	2024-07-20 20:39:51.225302-05	2024-07-20 20:39:51.225302-05	\N	\N	2024-07-20	mayo-junio	20000	0.00	20000.00	2024-09-04 20:36:04.257068-05	paid	2024-08-04 20:39:47.740997-05	invoice_valid	1	31
353	2024-07-20 20:39:58.749095-05	2024-07-20 20:39:58.749095-05	\N	\N	2024-07-20	mayo-junio	10000	0.00	10000.00	2024-09-04 21:00:18.770786-05	paid	2024-08-04 20:39:47.740997-05	invoice_valid	1	57
215	2024-04-26 16:30:49.814874-05	2024-04-26 16:30:49.814874-05	\N	\N	2024-04-26	marzo-abril	20000	0.00	20000.00	2024-09-04 21:36:42.58523-05	paid	2024-05-11 16:30:38.370471-05	invoice_valid	1	53
251	2024-04-26 16:30:56.305168-05	2024-04-26 16:30:56.305168-05	\N	\N	2024-04-26	marzo-abril	24000	0.00	24000.00	2024-05-20 16:32:11.752669-05	paid	2024-05-11 16:30:38.370471-05	invoice_valid	1	137
324	2024-07-20 20:39:53.160931-05	2024-07-20 20:39:53.160931-05	\N	\N	2024-07-20	mayo-junio	70000	0.00	70000.00	2024-09-04 21:00:46.063803-05	paid	2024-08-04 20:39:47.740997-05	invoice_valid	1	30
47	2024-03-08 14:41:07.011194-05	2024-03-08 14:41:07.011194-05	\N	\N	2024-03-08	febrero-marzo	20000	0.00	20000.00	2024-09-04 21:37:59.557335-05	paid	2024-03-23 14:41:00.230729-05	invoice_valid	1	41
426	2024-07-20 20:40:12.623487-05	2024-07-20 20:40:12.623487-05	\N	\N	2024-07-20	mayo-junio	30000	0.00	30000.00	\N	paid	2024-08-04 20:39:47.740997-05	invoice_cancelled	1	169
428	2024-07-20 20:40:12.864687-05	2024-07-20 20:40:12.864687-05	\N	\N	2024-07-20	mayo-junio	20000	0.00	20000.00	\N	paid	2024-08-04 20:39:47.740997-05	invoice_cancelled	1	158
429	2024-07-20 20:40:12.864687-05	2024-07-20 20:40:12.864687-05	\N	\N	2024-07-20	mayo-junio	24000	0.00	24000.00	\N	paid	2024-08-04 20:39:47.740997-05	invoice_cancelled	1	170
430	2024-07-20 20:40:13.111086-05	2024-07-20 20:40:13.111086-05	\N	\N	2024-07-20	mayo-junio	24000	0.00	24000.00	\N	paid	2024-08-04 20:39:47.740997-05	invoice_cancelled	1	160
432	2024-07-20 20:40:13.447318-05	2024-07-20 20:40:13.447318-05	\N	\N	2024-07-20	mayo-junio	20000	0.00	20000.00	\N	paid	2024-08-04 20:39:47.740997-05	invoice_cancelled	1	154
434	2024-07-20 20:40:13.714633-05	2024-07-20 20:40:13.714633-05	\N	\N	2024-07-20	mayo-junio	24000	0.00	24000.00	\N	paid	2024-08-04 20:39:47.740997-05	invoice_cancelled	1	159
439	2024-09-04 22:24:14.7831-05	2024-09-04 22:24:14.7831-05	\N	recibo de cobro de junio	2024-09-04	Periodica	0	10000.00	10000.00	2024-11-05 17:17:19.908107-05	paid	2024-09-19 22:24:14.7831-05	invoice_valid	1	138
460	2024-09-05 15:18:16.447031-05	2024-09-05 15:18:16.447031-05	\N	\N	2024-09-05	julio agosto	20000	0.00	20000.00	\N	pending	2024-09-20 15:18:13.514567-05	invoice_valid	1	27
465	2024-09-05 15:18:16.971596-05	2024-09-05 15:18:16.971596-05	\N	\N	2024-09-05	julio agosto	20000	0.00	20000.00	\N	pending	2024-09-20 15:18:13.514567-05	invoice_valid	1	33
471	2024-09-05 15:18:17.814051-05	2024-09-05 15:18:17.814051-05	\N	\N	2024-09-05	julio agosto	20000	0.00	20000.00	\N	pending	2024-09-20 15:18:13.514567-05	invoice_valid	1	42
472	2024-09-05 15:18:18.058904-05	2024-09-05 15:18:18.058904-05	\N	\N	2024-09-05	julio agosto	24000	0.00	24000.00	\N	pending	2024-09-20 15:18:13.514567-05	invoice_valid	1	43
487	2024-09-05 15:18:19.860792-05	2024-09-05 15:18:19.860792-05	\N	\N	2024-09-05	julio agosto	20000	0.00	20000.00	2024-11-05 17:23:38.957103-05	paid	2024-09-20 15:18:13.514567-05	invoice_valid	1	67
458	2024-09-05 15:18:16.193191-05	2024-09-05 15:18:16.193191-05	\N	\N	2024-09-05	julio agosto	20000	0.00	40000.00	2024-11-05 17:24:03.652071-05	paid	2024-09-20 15:18:13.514567-05	invoice_valid	1	24
457	2024-09-05 15:18:15.939343-05	2024-09-05 15:18:15.939343-05	\N	\N	2024-09-05	julio agosto	10000	0.00	10000.00	2025-01-02 17:55:32.446965-05	paid	2024-09-20 15:18:13.514567-05	invoice_valid	1	23
448	2024-09-05 15:18:14.914705-05	2024-09-05 15:18:14.914705-05	\N	\N	2024-09-05	julio agosto	20000	0.00	20000.00	\N	paid	2024-09-20 15:18:13.514567-05	invoice_cancelled	1	12
491	2024-09-05 15:18:20.378475-05	2024-09-05 15:18:20.378475-05	\N	\N	2024-09-05	julio agosto	20000	0.00	20000.00	\N	paid	2024-09-20 15:18:13.514567-05	invoice_cancelled	1	71
495	2024-09-05 15:18:20.996089-05	2024-09-05 15:18:20.996089-05	\N	\N	2024-09-05	julio agosto	24000	0.00	24000.00	\N	paid	2024-09-20 15:18:13.514567-05	invoice_cancelled	1	77
486	2024-09-05 15:18:19.857791-05	2024-09-05 15:18:19.857791-05	\N	\N	2024-09-05	julio agosto	20000	0.00	20000.00	\N	paid	2024-09-20 15:18:13.514567-05	invoice_cancelled	1	64
490	2024-09-05 15:18:20.375472-05	2024-09-05 15:18:20.375472-05	\N	\N	2024-09-05	julio agosto	24000	0.00	24000.00	2024-11-05 17:26:13.738619-05	paid	2024-09-20 15:18:13.514567-05	invoice_valid	1	70
463	2024-09-05 15:18:16.70441-05	2024-09-05 15:18:16.70441-05	\N	\N	2024-09-05	julio agosto	20000	0.00	20000.00	2024-11-05 17:26:30.643463-05	paid	2024-09-20 15:18:13.514567-05	invoice_valid	1	31
446	2024-09-05 15:18:14.660864-05	2024-09-05 15:18:14.660864-05	\N	\N	2024-09-05	julio agosto	40000	0.00	40000.00	2024-11-05 17:26:46.273695-05	paid	2024-09-20 15:18:13.514567-05	invoice_valid	1	10
453	2024-09-05 15:18:15.429585-05	2024-09-05 15:18:15.429585-05	\N	\N	2024-09-05	julio agosto	30000	0.00	30000.00	2024-11-05 17:35:11.569846-05	paid	2024-09-20 15:18:13.514567-05	invoice_valid	1	18
455	2024-09-05 15:18:15.684505-05	2024-09-05 15:18:15.684505-05	\N	\N	2024-09-05	julio agosto	26000	0.00	26000.00	2024-11-05 17:35:26.151531-05	paid	2024-09-20 15:18:13.514567-05	invoice_valid	1	20
467	2024-09-05 15:18:17.241406-05	2024-09-05 15:18:17.241406-05	\N	\N	2024-09-05	julio agosto	20000	0.00	20000.00	2024-11-05 17:36:13.050125-05	paid	2024-09-20 15:18:13.514567-05	invoice_valid	1	35
452	2024-09-05 15:18:15.426592-05	2024-09-05 15:18:15.426592-05	\N	\N	2024-09-05	julio agosto	20000	0.00	20000.00	2024-11-05 17:41:54.0869-05	paid	2024-09-20 15:18:13.514567-05	invoice_valid	1	17
473	2024-09-05 15:18:18.062902-05	2024-09-05 15:18:18.062902-05	\N	\N	2024-09-05	julio agosto	30000	0.00	30000.00	2024-11-05 17:37:08.837547-05	paid	2024-09-20 15:18:13.514567-05	invoice_valid	1	45
488	2024-09-05 15:18:20.124631-05	2024-09-05 15:18:20.124631-05	\N	\N	2024-09-05	julio agosto	24000	0.00	24000.00	2024-11-05 17:40:53.936062-05	paid	2024-09-20 15:18:13.514567-05	invoice_valid	1	68
451	2024-09-05 15:18:15.169746-05	2024-09-05 15:18:15.169746-05	\N	\N	2024-09-05	julio agosto	20000	0.00	20000.00	2024-11-05 17:42:22.599655-05	paid	2024-09-20 15:18:13.514567-05	invoice_valid	1	15
494	2024-09-05 15:18:20.993094-05	2024-09-05 15:18:20.993094-05	\N	\N	2024-09-05	julio agosto	24000	0.00	24000.00	2024-11-05 17:42:38.76001-05	paid	2024-09-20 15:18:13.514567-05	invoice_valid	1	76
442	2024-09-05 15:18:14.131191-05	2024-09-05 15:18:14.131191-05	\N	\N	2024-09-05	julio agosto	24000	0.00	24000.00	2024-11-05 17:42:57.157784-05	paid	2024-09-20 15:18:13.514567-05	invoice_valid	1	4
450	2024-09-05 15:18:15.166752-05	2024-09-05 15:18:15.166752-05	\N	\N	2024-09-05	julio agosto	24000	0.00	24000.00	2024-11-05 17:43:26.702042-05	paid	2024-09-20 15:18:13.514567-05	invoice_valid	1	14
456	2024-09-05 15:18:15.934351-05	2024-09-05 15:18:15.934351-05	\N	\N	2024-09-05	julio agosto	20000	0.00	20000.00	2024-11-05 17:44:33.694574-05	paid	2024-09-20 15:18:13.514567-05	invoice_valid	1	22
482	2024-09-05 15:18:19.342108-05	2024-09-05 15:18:19.342108-05	\N	\N	2024-09-05	julio agosto	10000	0.00	10000.00	2024-11-05 17:47:15.161733-05	paid	2024-09-20 15:18:13.514567-05	invoice_valid	1	57
462	2024-09-05 15:18:16.700674-05	2024-09-05 15:18:16.700674-05	\N	\N	2024-09-05	julio agosto	70000	0.00	70000.00	2024-11-05 17:47:37.066343-05	paid	2024-09-20 15:18:13.514567-05	invoice_valid	1	30
478	2024-09-05 15:18:18.834422-05	2024-09-05 15:18:18.834422-05	\N	\N	2024-09-05	julio agosto	24000	0.00	48000.00	2024-11-05 17:48:11.986526-05	paid	2024-09-20 15:18:13.514567-05	invoice_valid	1	52
492	2024-09-05 15:18:20.641312-05	2024-09-05 15:18:20.641312-05	\N	\N	2024-09-05	julio agosto	20000	0.00	20000.00	2024-11-05 17:48:30.372985-05	paid	2024-09-20 15:18:13.514567-05	invoice_valid	1	74
464	2024-09-05 15:18:16.967068-05	2024-09-05 15:18:16.967068-05	\N	\N	2024-09-05	julio agosto	20000	0.00	20000.00	2024-11-05 17:48:45.084824-05	paid	2024-09-20 15:18:13.514567-05	invoice_valid	1	32
469	2024-09-05 15:18:17.569201-05	2024-09-05 15:18:17.569201-05	\N	\N	2024-09-05	julio agosto	24000	0.00	24000.00	2024-11-05 17:49:02.340642-05	paid	2024-09-20 15:18:13.514567-05	invoice_valid	1	40
449	2024-09-05 15:18:14.919701-05	2024-09-05 15:18:14.919701-05	\N	\N	2024-09-05	julio agosto	24000	0.00	24000.00	2024-11-05 17:49:56.683121-05	paid	2024-09-20 15:18:13.514567-05	invoice_valid	1	13
480	2024-09-05 15:18:19.088265-05	2024-09-05 15:18:19.088265-05	\N	\N	2024-09-05	julio agosto	24000	0.00	24000.00	2024-11-05 17:58:10.643785-05	paid	2024-09-20 15:18:13.514567-05	invoice_valid	1	54
466	2024-09-05 15:18:17.237406-05	2024-09-05 15:18:17.237406-05	\N	\N	2024-09-05	julio agosto	20000	0.00	20000.00	2024-11-05 18:08:03.868066-05	paid	2024-09-20 15:18:13.514567-05	invoice_valid	1	34
468	2024-09-05 15:18:17.564209-05	2024-09-05 15:18:17.564209-05	\N	\N	2024-09-05	julio agosto	44000	0.00	44000.00	2024-11-05 18:08:18.879056-05	paid	2024-09-20 15:18:13.514567-05	invoice_valid	1	38
454	2024-09-05 15:18:15.680503-05	2024-09-05 15:18:15.680503-05	\N	\N	2024-09-05	julio agosto	24000	0.00	48000.00	2024-11-05 19:12:56.315666-05	paid	2024-09-20 15:18:13.514567-05	invoice_valid	1	19
440	2024-09-05 15:18:13.864353-05	2024-09-05 15:18:13.864353-05	\N	\N	2024-09-05	julio agosto	20000	0.00	20000.00	2024-11-05 19:14:24.89601-05	paid	2024-09-20 15:18:13.514567-05	invoice_valid	1	2
443	2024-09-05 15:18:14.135183-05	2024-09-05 15:18:14.135183-05	\N	\N	2024-09-05	julio agosto	24000	0.00	24000.00	2024-11-05 19:14:40.907434-05	paid	2024-09-20 15:18:13.514567-05	invoice_valid	1	5
474	2024-09-05 15:18:18.307746-05	2024-09-05 15:18:18.307746-05	\N	\N	2024-09-05	julio agosto	20000	0.00	20000.00	2024-11-05 19:16:09.230339-05	paid	2024-09-20 15:18:13.514567-05	invoice_valid	1	47
476	2024-09-05 15:18:18.569587-05	2024-09-05 15:18:18.569587-05	\N	\N	2024-09-05	julio agosto	20000	0.00	20000.00	2024-11-05 19:16:26.868105-05	paid	2024-09-20 15:18:13.514567-05	invoice_valid	1	49
493	2024-09-05 15:18:20.644308-05	2024-09-05 15:18:20.644308-05	\N	\N	2024-09-05	julio agosto	24000	0.00	48000.00	2024-11-05 19:16:52.312064-05	paid	2024-09-20 15:18:13.514567-05	invoice_valid	1	75
479	2024-09-05 15:18:18.83842-05	2024-09-05 15:18:18.83842-05	\N	\N	2024-09-05	julio agosto	20000	0.00	20000.00	2024-11-05 19:17:05.043318-05	paid	2024-09-20 15:18:13.514567-05	invoice_valid	1	53
470	2024-09-05 15:18:17.811053-05	2024-09-05 15:18:17.811053-05	\N	\N	2024-09-05	julio agosto	20000	0.00	20000.00	2024-11-05 19:17:30.756151-05	paid	2024-09-20 15:18:13.514567-05	invoice_valid	1	41
477	2024-09-05 15:18:18.574583-05	2024-09-05 15:18:18.574583-05	\N	\N	2024-09-05	julio agosto	20000	0.00	20000.00	2024-11-05 19:17:52.406457-05	paid	2024-09-20 15:18:13.514567-05	invoice_valid	1	50
444	2024-09-05 15:18:14.401023-05	2024-09-05 15:18:14.401023-05	\N	\N	2024-09-05	julio agosto	24000	0.00	24000.00	2024-11-05 19:19:24.115474-05	paid	2024-09-20 15:18:13.514567-05	invoice_valid	1	6
445	2024-09-05 15:18:14.406019-05	2024-09-05 15:18:14.406019-05	\N	\N	2024-09-05	julio agosto	24000	0.00	48000.00	2024-11-05 19:20:33.172801-05	paid	2024-09-20 15:18:13.514567-05	invoice_valid	1	7
481	2024-09-05 15:18:19.092267-05	2024-09-05 15:18:19.092267-05	\N	\N	2024-09-05	julio agosto	24000	0.00	48000.00	2024-11-05 19:21:13.203858-05	paid	2024-09-20 15:18:13.514567-05	invoice_valid	1	56
485	2024-09-05 15:18:19.604947-05	2024-09-05 15:18:19.604947-05	\N	\N	2024-09-05	julio agosto	20000	0.00	20000.00	2024-11-05 19:22:15.18777-05	paid	2024-09-20 15:18:13.514567-05	invoice_valid	1	63
461	2024-09-05 15:18:16.449078-05	2024-09-05 15:18:16.449078-05	\N	\N	2024-09-05	julio agosto	30000	0.00	30000.00	2024-11-05 19:23:09.8781-05	paid	2024-09-20 15:18:13.514567-05	invoice_valid	1	29
484	2024-09-05 15:18:19.59995-05	2024-09-05 15:18:19.59995-05	\N	\N	2024-09-05	julio agosto	24000	0.00	24000.00	2024-11-08 09:21:36.311807-05	paid	2024-09-20 15:18:13.514567-05	invoice_valid	1	61
504	2024-09-05 15:18:23.563631-05	2024-09-05 15:18:23.563631-05	\N	\N	2024-09-05	julio agosto	24000	0.00	24000.00	\N	pending	2024-09-20 15:18:13.514567-05	invoice_valid	1	94
523	2024-09-05 15:18:30.920097-05	2024-09-05 15:18:30.920097-05	\N	\N	2024-09-05	julio agosto	24000	0.00	24000.00	\N	pending	2024-09-20 15:18:13.514567-05	invoice_valid	1	119
526	2024-09-05 15:18:32.15134-05	2024-09-05 15:18:32.15134-05	\N	\N	2024-09-05	julio agosto	20000	0.00	20000.00	\N	pending	2024-09-20 15:18:13.514567-05	invoice_valid	1	123
532	2024-09-05 15:18:33.444541-05	2024-09-05 15:18:33.444541-05	\N	\N	2024-09-05	julio agosto	10000	0.00	10000.00	\N	pending	2024-09-20 15:18:13.514567-05	invoice_valid	1	131
534	2024-09-05 15:18:34.211069-05	2024-09-05 15:18:34.211069-05	\N	\N	2024-09-05	julio agosto	24000	0.00	24000.00	\N	pending	2024-09-20 15:18:13.514567-05	invoice_valid	1	135
544	2024-09-05 15:18:35.965991-05	2024-09-05 15:18:35.965991-05	\N	\N	2024-09-05	julio agosto	30000	0.00	120000.00	\N	pending	2024-09-20 15:18:13.514567-05	invoice_valid	1	148
548	2024-09-05 15:18:36.532637-05	2024-09-05 15:18:36.532637-05	\N	\N	2024-09-05	julio agosto	20000	0.00	20000.00	\N	pending	2024-09-20 15:18:13.514567-05	invoice_valid	1	153
550	2024-09-05 15:18:36.803474-05	2024-09-05 15:18:36.803474-05	\N	\N	2024-09-05	julio agosto	20000	0.00	20000.00	2024-11-05 15:44:49.222462-05	paid	2024-09-20 15:18:13.514567-05	invoice_valid	1	155
552	2024-09-05 15:18:37.078301-05	2024-09-05 15:18:37.078301-05	\N	\N	2024-09-05	julio agosto	20000	0.00	40000.00	2024-11-05 15:55:41.740774-05	paid	2024-09-20 15:18:13.514567-05	invoice_valid	1	157
549	2024-09-05 15:18:36.536639-05	2024-09-05 15:18:36.536639-05	\N	\N	2024-09-05	julio agosto	20000	0.00	40000.00	2024-11-05 15:59:21.698817-05	paid	2024-09-20 15:18:13.514567-05	invoice_valid	1	154
510	2024-09-05 15:18:25.370517-05	2024-09-05 15:18:25.370517-05	\N	\N	2024-09-05	julio agosto	20000	0.00	40000.00	2024-11-05 16:22:19.685697-05	paid	2024-09-20 15:18:13.514567-05	invoice_valid	1	102
527	2024-09-05 15:18:32.155336-05	2024-09-05 15:18:32.155336-05	\N	\N	2024-09-05	julio agosto	30000	0.00	30000.00	2024-11-05 16:47:24.879735-05	paid	2024-09-20 15:18:13.514567-05	invoice_valid	1	124
497	2024-09-05 15:18:21.300901-05	2024-09-05 15:18:21.300901-05	\N	\N	2024-09-05	julio agosto	20000	0.00	20000.00	\N	paid	2024-09-20 15:18:13.514567-05	invoice_cancelled	1	80
483	2024-09-05 15:18:19.346106-05	2024-09-05 15:18:19.346106-05	\N	\N	2024-09-05	julio agosto	20000	0.00	20000.00	\N	paid	2024-09-20 15:18:13.514567-05	invoice_cancelled	1	59
507	2024-09-05 15:18:24.045334-05	2024-09-05 15:18:24.045334-05	\N	\N	2024-09-05	julio agosto	30000	0.00	30000.00	\N	pending	2024-09-20 15:18:13.514567-05	invoice_valid	1	98
521	2024-09-05 15:18:28.281722-05	2024-09-05 15:18:28.281722-05	\N	\N	2024-09-05	julio agosto	24000	0.00	24000.00	2024-11-05 17:52:24.267889-05	paid	2024-09-20 15:18:13.514567-05	invoice_valid	1	116
498	2024-09-05 15:18:21.602719-05	2024-09-05 15:18:21.602719-05	\N	\N	2024-09-05	julio agosto	10000	0.00	10000.00	2024-11-05 19:18:13.985112-05	paid	2024-09-20 15:18:13.514567-05	invoice_valid	1	82
503	2024-09-05 15:18:22.518272-05	2024-09-05 15:18:22.518272-05	\N	\N	2024-09-05	julio agosto	20000	0.00	20000.00	2024-11-05 19:24:00.647272-05	paid	2024-09-20 15:18:13.514567-05	invoice_valid	1	93
513	2024-09-05 15:18:26.742671-05	2024-09-05 15:18:26.742671-05	\N	\N	2024-09-05	julio agosto	30000	0.00	30000.00	2024-11-05 19:24:39.575538-05	paid	2024-09-20 15:18:13.514567-05	invoice_valid	1	105
501	2024-09-05 15:18:21.887665-05	2024-09-05 15:18:21.887665-05	\N	\N	2024-09-05	julio agosto	30000	0.00	30000.00	2024-11-05 19:25:12.864643-05	paid	2024-09-20 15:18:13.514567-05	invoice_valid	1	88
516	2024-09-05 15:18:27.642115-05	2024-09-05 15:18:27.642115-05	\N	\N	2024-09-05	julio agosto	20000	0.00	40000.00	2024-11-05 19:27:53.463725-05	paid	2024-09-20 15:18:13.514567-05	invoice_valid	1	109
518	2024-09-05 15:18:27.969917-05	2024-09-05 15:18:27.969917-05	\N	\N	2024-09-05	julio agosto	24000	0.00	48000.00	2024-11-05 19:27:00.637766-05	paid	2024-09-20 15:18:13.514567-05	invoice_valid	1	111
520	2024-09-05 15:18:28.275725-05	2024-09-05 15:18:28.275725-05	\N	\N	2024-09-05	julio agosto	20000	0.00	20000.00	2024-11-05 19:28:21.840605-05	paid	2024-09-20 15:18:13.514567-05	invoice_valid	1	115
524	2024-09-05 15:18:31.587685-05	2024-09-05 15:18:31.587685-05	\N	\N	2024-09-05	julio agosto	20000	0.00	20000.00	2024-11-05 19:28:44.722789-05	paid	2024-09-20 15:18:13.514567-05	invoice_valid	1	120
522	2024-09-05 15:18:30.917097-05	2024-09-05 15:18:30.917097-05	\N	\N	2024-09-05	julio agosto	24000	0.00	48000.00	2024-11-05 19:29:12.044098-05	paid	2024-09-20 15:18:13.514567-05	invoice_valid	1	117
508	2024-09-05 15:18:24.531032-05	2024-09-05 15:18:24.531032-05	\N	\N	2024-09-05	julio agosto	20000	0.00	20000.00	2024-11-05 19:32:54.834425-05	paid	2024-09-20 15:18:13.514567-05	invoice_valid	1	99
525	2024-09-05 15:18:31.594681-05	2024-09-05 15:18:31.594681-05	\N	\N	2024-09-05	julio agosto	10000	0.00	10000.00	2024-11-05 19:32:20.4122-05	paid	2024-09-20 15:18:13.514567-05	invoice_valid	1	122
509	2024-09-05 15:18:24.538029-05	2024-09-05 15:18:24.538029-05	\N	\N	2024-09-05	julio agosto	20000	0.00	20000.00	2024-11-05 19:33:06.972468-05	paid	2024-09-20 15:18:13.514567-05	invoice_valid	1	100
512	2024-09-05 15:18:26.731677-05	2024-09-05 15:18:26.731677-05	\N	\N	2024-09-05	julio agosto	20000	0.00	20000.00	2024-11-05 19:33:40.125765-05	paid	2024-09-20 15:18:13.514567-05	invoice_valid	1	104
528	2024-09-05 15:18:32.496124-05	2024-09-05 15:18:32.496124-05	\N	\N	2024-09-05	julio agosto	20000	0.00	20000.00	2024-11-05 19:42:14.277404-05	pending	2024-09-20 15:18:13.514567-05	invoice_valid	1	125
529	2024-09-05 15:18:32.500125-05	2024-09-05 15:18:32.500125-05	\N	\N	2024-09-05	julio agosto	10000	0.00	10000.00	2024-11-05 19:47:27.14832-05	paid	2024-09-20 15:18:13.514567-05	invoice_valid	1	127
530	2024-09-05 15:18:32.79794-05	2024-09-05 15:18:32.79794-05	\N	\N	2024-09-05	julio agosto	20000	0.00	20000.00	2024-11-05 19:48:00.056602-05	paid	2024-09-20 15:18:13.514567-05	invoice_valid	1	129
531	2024-09-05 15:18:32.802936-05	2024-09-05 15:18:32.802936-05	\N	\N	2024-09-05	julio agosto	24000	0.00	48000.00	2024-11-05 19:48:15.617425-05	paid	2024-09-20 15:18:13.514567-05	invoice_valid	1	130
514	2024-09-05 15:18:27.339302-05	2024-09-05 15:18:27.339302-05	\N	\N	2024-09-05	julio agosto	20000	0.00	40000.00	2024-11-05 19:48:59.972588-05	paid	2024-09-20 15:18:13.514567-05	invoice_valid	1	107
517	2024-09-05 15:18:27.644114-05	2024-09-05 15:18:27.644114-05	\N	\N	2024-09-05	julio agosto	20000	0.00	20000.00	2024-11-05 19:49:33.650439-05	paid	2024-09-20 15:18:13.514567-05	invoice_valid	1	110
515	2024-09-05 15:18:27.343299-05	2024-09-05 15:18:27.343299-05	\N	\N	2024-09-05	julio agosto	24000	0.00	24000.00	2024-11-05 19:49:19.582048-05	paid	2024-09-20 15:18:13.514567-05	invoice_valid	1	108
533	2024-09-05 15:18:33.451537-05	2024-09-05 15:18:33.451537-05	\N	\N	2024-09-05	julio agosto	20000	0.00	20000.00	2024-11-05 19:49:49.962503-05	paid	2024-09-20 15:18:13.514567-05	invoice_valid	1	132
535	2024-09-05 15:18:34.217065-05	2024-09-05 15:18:34.217065-05	\N	\N	2024-09-05	julio agosto	20000	0.00	40000.00	2024-11-05 19:55:35.407843-05	paid	2024-09-20 15:18:13.514567-05	invoice_valid	1	136
506	2024-09-05 15:18:24.040338-05	2024-09-05 15:18:24.040338-05	\N	\N	2024-09-05	julio agosto	24000	0.00	48000.00	2024-11-05 20:00:26.095977-05	paid	2024-09-20 15:18:13.514567-05	invoice_valid	1	97
537	2024-09-05 15:18:34.801705-05	2024-09-05 15:18:34.801705-05	\N	\N	2024-09-05	julio agosto	20000	0.00	20000.00	2024-11-05 20:00:41.415384-05	paid	2024-09-20 15:18:13.514567-05	invoice_valid	1	140
538	2024-09-05 15:18:35.082534-05	2024-09-05 15:18:35.082534-05	\N	\N	2024-09-05	julio agosto	20000	0.00	40000.00	2024-11-05 20:01:01.604861-05	paid	2024-09-20 15:18:13.514567-05	invoice_valid	1	141
539	2024-09-05 15:18:35.086533-05	2024-09-05 15:18:35.086533-05	\N	\N	2024-09-05	julio agosto	70000	0.00	70000.00	2024-11-05 20:02:05.64203-05	paid	2024-09-20 15:18:13.514567-05	invoice_valid	1	142
540	2024-09-05 15:18:35.380347-05	2024-09-05 15:18:35.380347-05	\N	\N	2024-09-05	julio agosto	20000	0.00	20000.00	2024-11-05 20:04:33.254624-05	paid	2024-09-20 15:18:13.514567-05	invoice_valid	1	143
541	2024-09-05 15:18:35.382347-05	2024-09-05 15:18:35.382347-05	\N	\N	2024-09-05	julio agosto	10000	0.00	10000.00	2024-11-05 20:04:56.883799-05	paid	2024-09-20 15:18:13.514567-05	invoice_valid	1	144
536	2024-09-05 15:18:34.795708-05	2024-09-05 15:18:34.795708-05	\N	\N	2024-09-05	julio agosto	24000	0.00	24000.00	2024-11-05 20:05:36.899828-05	paid	2024-09-20 15:18:13.514567-05	invoice_valid	1	137
519	2024-09-05 15:18:27.97391-05	2024-09-05 15:18:27.97391-05	\N	\N	2024-09-05	julio agosto	20000	0.00	20000.00	2024-11-05 20:06:15.155245-05	paid	2024-09-20 15:18:13.514567-05	invoice_valid	1	112
500	2024-09-05 15:18:21.883667-05	2024-09-05 15:18:21.883667-05	\N	\N	2024-09-05	julio agosto	20000	0.00	20000.00	2024-11-05 20:06:35.860244-05	paid	2024-09-20 15:18:13.514567-05	invoice_valid	1	87
542	2024-09-05 15:18:35.682161-05	2024-09-05 15:18:35.682161-05	\N	\N	2024-09-05	julio agosto	20000	0.00	20000.00	2024-11-05 20:06:54.924247-05	paid	2024-09-20 15:18:13.514567-05	invoice_valid	1	145
543	2024-09-05 15:18:35.686161-05	2024-09-05 15:18:35.686161-05	\N	\N	2024-09-05	julio agosto	24000	0.00	24000.00	2024-11-05 20:07:33.425888-05	paid	2024-09-20 15:18:13.514567-05	invoice_valid	1	146
545	2024-09-05 15:18:35.969989-05	2024-09-05 15:18:35.969989-05	\N	\N	2024-09-05	julio agosto	20000	0.00	20000.00	2024-11-05 20:12:55.394453-05	paid	2024-09-20 15:18:13.514567-05	invoice_valid	1	150
547	2024-09-05 15:18:36.260804-05	2024-09-05 15:18:36.260804-05	\N	\N	2024-09-05	julio agosto	20000	0.00	20000.00	2024-11-05 20:14:16.968284-05	paid	2024-09-20 15:18:13.514567-05	invoice_valid	1	152
546	2024-09-05 15:18:36.255811-05	2024-09-05 15:18:36.255811-05	\N	\N	2024-09-05	julio agosto	12000	0.00	24000.00	\N	pending	2024-09-20 15:18:13.514567-05	invoice_valid	1	151
557	2024-09-05 15:18:37.640957-05	2024-09-05 15:18:37.640957-05	\N	\N	2024-09-05	julio agosto	20000	0.00	20000.00	2024-11-05 15:43:29.316996-05	paid	2024-09-20 15:18:13.514567-05	invoice_valid	1	162
559	2024-09-05 15:18:37.931777-05	2024-09-05 15:18:37.931777-05	\N	\N	2024-09-05	julio agosto	24000	0.00	24000.00	2024-11-05 15:44:11.780919-05	paid	2024-09-20 15:18:13.514567-05	invoice_valid	1	165
562	2024-09-05 15:18:38.487433-05	2024-09-05 15:18:38.487433-05	\N	\N	2024-09-05	julio agosto	20000	0.00	20000.00	2024-11-05 15:45:53.143669-05	paid	2024-09-20 15:18:13.514567-05	invoice_valid	1	168
568	2024-09-05 15:18:39.501812-05	2024-09-05 15:18:39.501812-05	\N	\N	2024-09-05	julio agosto	24000	0.00	48000.00	2024-11-05 15:46:13.334962-05	paid	2024-09-20 15:18:13.514567-05	invoice_valid	1	176
571	2024-09-05 15:18:40.235356-05	2024-09-05 15:18:40.235356-05	\N	\N	2024-09-05	julio agosto	20000	0.00	40000.00	2024-11-05 15:46:40.404351-05	paid	2024-09-20 15:18:13.514567-05	invoice_valid	1	180
560	2024-09-05 15:18:38.190616-05	2024-09-05 15:18:38.190616-05	\N	\N	2024-09-05	julio agosto	24000	0.00	48000.00	2024-11-05 15:47:41.528222-05	paid	2024-09-20 15:18:13.514567-05	invoice_valid	1	166
566	2024-09-05 15:18:39.223979-05	2024-09-05 15:18:39.223979-05	\N	\N	2024-09-05	julio agosto	24000	0.00	24000.00	2024-11-05 15:48:08.029588-05	paid	2024-09-20 15:18:13.514567-05	invoice_valid	1	172
558	2024-09-05 15:18:37.926779-05	2024-09-05 15:18:37.926779-05	\N	\N	2024-09-05	julio agosto	24000	0.00	48000.00	2024-11-05 15:48:19.571007-05	paid	2024-09-20 15:18:13.514567-05	invoice_valid	1	164
567	2024-09-05 15:18:39.227977-05	2024-09-05 15:18:39.227977-05	\N	\N	2024-09-05	julio agosto	24000	0.00	24000.00	2024-11-05 15:48:43.087611-05	paid	2024-09-20 15:18:13.514567-05	invoice_valid	1	173
575	2024-11-05 15:54:48.286698-05	2024-11-05 15:54:48.286698-05	\N	pago anticipado	2024-11-05	Anual	12000	24000.00	24000.00	2024-11-05 15:54:59.818657-05	paid	2024-11-20 15:54:48.286698-05	invoice_valid	1	173
563	2024-09-05 15:18:38.491431-05	2024-09-05 15:18:38.491431-05	\N	\N	2024-09-05	julio agosto	30000	0.00	60000.00	2024-11-05 15:56:34.273348-05	paid	2024-09-20 15:18:13.514567-05	invoice_valid	1	169
561	2024-09-05 15:18:38.194618-05	2024-09-05 15:18:38.194618-05	\N	\N	2024-09-05	julio agosto	20000	0.00	20000.00	2024-11-05 15:57:23.358314-05	paid	2024-09-20 15:18:13.514567-05	invoice_valid	1	167
553	2024-09-05 15:18:37.080304-05	2024-09-05 15:18:37.080304-05	\N	\N	2024-09-05	julio agosto	20000	0.00	40000.00	2024-11-05 15:57:48.311542-05	paid	2024-09-20 15:18:13.514567-05	invoice_valid	1	158
564	2024-09-05 15:18:38.898183-05	2024-09-05 15:18:38.898183-05	\N	\N	2024-09-05	julio agosto	24000	0.00	48000.00	2024-11-05 15:58:09.495303-05	paid	2024-09-20 15:18:13.514567-05	invoice_valid	1	170
555	2024-09-05 15:18:37.35813-05	2024-09-05 15:18:37.35813-05	\N	\N	2024-09-05	julio agosto	24000	0.00	48000.00	2024-11-05 15:58:27.276782-05	paid	2024-09-20 15:18:13.514567-05	invoice_valid	1	160
569	2024-09-05 15:18:39.504809-05	2024-09-05 15:18:39.504809-05	\N	\N	2024-09-05	julio agosto	20000	0.00	20000.00	2024-11-05 15:59:07.34857-05	paid	2024-09-20 15:18:13.514567-05	invoice_valid	1	177
565	2024-09-05 15:18:38.903176-05	2024-09-05 15:18:38.903176-05	\N	\N	2024-09-05	julio agosto	24000	0.00	24000.00	2024-11-05 16:00:55.602056-05	paid	2024-09-20 15:18:13.514567-05	invoice_valid	1	171
554	2024-09-05 15:18:37.354133-05	2024-09-05 15:18:37.354133-05	\N	\N	2024-09-05	julio agosto	24000	0.00	48000.00	2024-11-05 16:03:06.676839-05	paid	2024-09-20 15:18:13.514567-05	invoice_valid	1	159
556	2024-09-05 15:18:37.63696-05	2024-09-05 15:18:37.63696-05	\N	\N	2024-09-05	julio agosto	20000	0.00	20000.00	2024-11-05 16:03:52.183972-05	paid	2024-09-20 15:18:13.514567-05	invoice_valid	1	161
570	2024-09-05 15:18:40.23036-05	2024-09-05 15:18:40.23036-05	\N	\N	2024-09-05	julio agosto	20000	0.00	20000.00	2024-11-05 16:04:18.897043-05	paid	2024-09-20 15:18:13.514567-05	invoice_valid	1	179
226	2024-04-26 16:30:51.719274-05	2024-04-26 16:30:51.719274-05	\N	\N	2024-04-26	marzo-abril	20000	0.00	20000.00	2024-11-05 16:20:21.861333-05	paid	2024-05-11 16:30:38.370471-05	invoice_valid	1	102
213	2024-04-26 16:30:49.560511-05	2024-04-26 16:30:49.560511-05	\N	\N	2024-04-26	marzo-abril	20000	0.00	20000.00	2024-11-05 16:40:14.105874-05	paid	2024-05-11 16:30:38.370471-05	invoice_valid	1	62
475	2024-09-05 15:18:18.310746-05	2024-09-05 15:18:18.310746-05	\N	\N	2024-09-05	julio agosto	24000	0.00	24000.00	2024-11-05 16:44:45.225466-05	paid	2024-09-20 15:18:13.514567-05	invoice_valid	1	48
489	2024-09-05 15:18:20.128624-05	2024-09-05 15:18:20.128624-05	\N	\N	2024-09-05	julio agosto	24000	0.00	48000.00	2024-11-05 17:41:12.091337-05	paid	2024-09-20 15:18:13.514567-05	invoice_valid	1	69
572	2024-09-05 15:18:40-05	2024-09-05 15:18:40-05	\N		2024-09-05	julio agosto	20000	0.00	20000.00	2024-11-05 16:11:09.274982-05	paid	2024-09-20 15:18:13-05	invoice_valid	1	186
573	2024-09-05 15:18:40.56915-05	2024-09-05 15:18:40.56915-05	\N	\N	2024-09-05	julio agosto	20000	100000.00	120000.00	2024-11-05 18:09:45.93806-05	paid	2024-09-20 15:18:13.514567-05	invoice_valid	1	187
582	2024-11-05 18:10:49.16373-05	2024-11-05 18:10:49.16373-05	\N	\N	2024-11-05	septiembre octubre	10000	0.00	100000.00	2024-11-05 18:17:41.000065-05	paid	2024-11-20 18:10:48.90189-05	invoice_valid	1	187
343	2024-07-20 20:39:56.552087-05	2024-07-20 20:39:56.552087-05	\N	\N	2024-07-20	mayo-junio	30000	0.00	30000.00	2024-11-05 19:22:39.720869-05	paid	2024-08-04 20:39:47.740997-05	invoice_valid	1	29
502	2024-09-05 15:18:22.514278-05	2024-09-05 15:18:22.514278-05	\N	\N	2024-09-05	julio agosto	24000	0.00	72000.00	2024-11-05 19:59:47.949424-05	paid	2024-09-20 15:18:13.514567-05	invoice_valid	1	92
676	2024-11-05 20:30:06.092988-05	2024-11-05 20:30:06.092988-05	\N	\N	2024-11-05	septiembre octubre	10000	0.00	20000.00	\N	pending	2024-11-20 20:29:49.346729-05	invoice_valid	1	131
679	2024-11-05 20:30:06.387808-05	2024-11-05 20:30:06.387808-05	\N	\N	2024-11-05	septiembre octubre	20000	0.00	20000.00	\N	pending	2024-11-20 20:29:49.346729-05	invoice_valid	1	136
681	2024-11-05 20:30:06.650653-05	2024-11-05 20:30:06.650653-05	\N	\N	2024-11-05	septiembre octubre	20000	0.00	20000.00	\N	pending	2024-11-20 20:29:49.346729-05	invoice_valid	1	138
687	2024-11-05 20:30:07.473234-05	2024-11-05 20:30:07.473234-05	\N	\N	2024-11-05	septiembre octubre	20000	0.00	20000.00	\N	pending	2024-11-20 20:29:49.346729-05	invoice_valid	1	145
689	2024-11-05 20:30:07.741074-05	2024-11-05 20:30:07.741074-05	\N	\N	2024-11-05	septiembre octubre	30000	0.00	150000.00	\N	pending	2024-11-20 20:29:49.346729-05	invoice_valid	1	148
414	2024-07-20 20:40:10.466177-05	2024-07-20 20:40:10.466177-05	\N	\N	2024-07-20	mayo-junio	20000	0.00	20000.00	\N	paid	2024-08-04 20:39:47.740997-05	invoice_cancelled	1	156
310	2024-07-20 20:39:50.622996-05	2024-07-20 20:39:50.622996-05	\N	\N	2024-07-20	mayo-junio	20000	0.00	20000.00	2024-11-05 16:05:37.615651-05	paid	2024-08-04 20:39:47.740997-05	invoice_valid	1	186
373	2024-07-20 20:40:02.304798-05	2024-07-20 20:40:02.304798-05	\N	\N	2024-07-20	mayo-junio	20000	0.00	20000.00	\N	paid	2024-08-04 20:39:47.740997-05	invoice_cancelled	1	102
577	2024-11-05 17:05:09.650966-05	2024-11-05 17:05:09.650966-05	\N	Cartera vencida del 2023	2024-11-05	Periodica	25000	42000.00	42000.00	2024-11-05 17:06:08.918061-05	paid	2024-11-20 17:05:09.650966-05	invoice_valid	1	98
580	2024-11-05 17:51:59.896967-05	2024-11-05 17:51:59.896967-05	\N	Servicio desde Mayo - Agosto	2024-11-05	Periodica	0	10000.00	10000.00	2024-11-05 17:52:04.812883-05	paid	2024-11-20 17:51:59.896967-05	invoice_valid	1	28
583	2024-11-05 18:29:13.542398-05	2024-11-05 18:29:13.542398-05	\N	Acciones del agua	2024-11-05	Periodica	10000	200000.00	200000.00	2024-11-05 18:29:26.299643-05	paid	2024-11-20 18:29:13.542398-05	invoice_valid	1	188
505	2024-09-05 15:18:23.568626-05	2024-09-05 15:18:23.568626-05	\N	\N	2024-09-05	julio agosto	24000	0.00	24000.00	2024-11-05 19:32:37.096032-05	paid	2024-09-20 15:18:13.514567-05	invoice_valid	1	96
511	2024-09-05 15:18:25.376512-05	2024-09-05 15:18:25.376512-05	\N	\N	2024-09-05	julio agosto	46000	0.00	46000.00	2024-11-05 20:13:54.385113-05	paid	2024-09-20 15:18:13.514567-05	invoice_valid	1	103
695	2024-11-05 20:30:08.557675-05	2024-11-05 20:30:08.557675-05	\N	\N	2024-11-05	septiembre octubre	20000	0.00	20000.00	\N	pending	2024-11-20 20:29:49.346729-05	invoice_valid	1	155
699	2024-11-05 20:30:09.081898-05	2024-11-05 20:30:09.081898-05	\N	\N	2024-11-05	septiembre octubre	24000	0.00	24000.00	\N	pending	2024-11-20 20:29:49.346729-05	invoice_valid	1	159
700	2024-11-05 20:30:09.337756-05	2024-11-05 20:30:09.337756-05	\N	\N	2024-11-05	septiembre octubre	24000	0.00	24000.00	\N	pending	2024-11-20 20:29:49.346729-05	invoice_valid	1	160
702	2024-11-05 20:30:09.605596-05	2024-11-05 20:30:09.605596-05	\N	\N	2024-11-05	septiembre octubre	20000	0.00	20000.00	\N	pending	2024-11-20 20:29:49.346729-05	invoice_valid	1	162
703	2024-11-05 20:30:09.609594-05	2024-11-05 20:30:09.609594-05	\N	\N	2024-11-05	septiembre octubre	24000	0.00	24000.00	\N	pending	2024-11-20 20:29:49.346729-05	invoice_valid	1	164
705	2024-11-05 20:30:09.871438-05	2024-11-05 20:30:09.871438-05	\N	\N	2024-11-05	septiembre octubre	24000	0.00	24000.00	\N	pending	2024-11-20 20:29:49.346729-05	invoice_valid	1	166
706	2024-11-05 20:30:10.138278-05	2024-11-05 20:30:10.138278-05	\N	\N	2024-11-05	septiembre octubre	20000	0.00	20000.00	\N	pending	2024-11-20 20:29:49.346729-05	invoice_valid	1	167
697	2024-11-05 20:30:08.821679-05	2024-11-05 20:30:08.821679-05	\N	\N	2024-11-05	septiembre octubre	20000	0.00	20000.00	2025-01-02 16:28:59.956641-05	paid	2024-11-20 20:29:49.346729-05	invoice_valid	1	157
707	2024-11-05 20:30:10.142273-05	2024-11-05 20:30:10.142273-05	\N	\N	2024-11-05	septiembre octubre	20000	0.00	20000.00	2025-01-02 16:21:05.851153-05	paid	2024-11-20 20:29:49.346729-05	invoice_valid	1	168
708	2024-11-05 20:30:10.395126-05	2024-11-05 20:30:10.395126-05	\N	\N	2024-11-05	septiembre octubre	30000	0.00	30000.00	2025-01-02 16:30:16.742001-05	paid	2024-11-20 20:29:49.346729-05	invoice_valid	1	169
698	2024-11-05 20:30:09.078359-05	2024-11-05 20:30:09.078359-05	\N	\N	2024-11-05	septiembre octubre	20000	0.00	20000.00	2025-01-02 16:31:35.282129-05	paid	2024-11-20 20:29:49.346729-05	invoice_valid	1	158
694	2024-11-05 20:30:08.553592-05	2024-11-05 20:30:08.553592-05	\N	\N	2024-11-05	septiembre octubre	20000	0.00	20000.00	2025-01-02 16:33:45.157837-05	paid	2024-11-20 20:29:49.346729-05	invoice_valid	1	154
701	2024-11-05 20:30:09.340751-05	2024-11-05 20:30:09.340751-05	\N	\N	2024-11-05	septiembre octubre	20000	0.00	20000.00	2025-01-02 16:37:04.101417-05	paid	2024-11-20 20:29:49.346729-05	invoice_valid	1	161
693	2024-11-05 20:30:08.278755-05	2024-11-05 20:30:08.278755-05	\N	\N	2024-11-05	septiembre octubre	20000	0.00	40000.00	2025-01-02 17:03:33.252177-05	paid	2024-11-20 20:29:49.346729-05	invoice_valid	1	153
677	2024-11-05 20:30:06.098984-05	2024-11-05 20:30:06.098984-05	\N	\N	2024-11-05	septiembre octubre	20000	0.00	20000.00	2025-01-02 17:20:35.194898-05	paid	2024-11-20 20:29:49.346729-05	invoice_valid	1	132
678	2024-11-05 20:30:06.382814-05	2024-11-05 20:30:06.383814-05	\N	\N	2024-11-05	septiembre octubre	24000	0.00	48000.00	2025-01-02 17:22:03.915608-05	paid	2024-11-20 20:29:49.346729-05	invoice_valid	1	135
682	2024-11-05 20:30:06.921566-05	2024-11-05 20:30:06.921566-05	\N	\N	2024-11-05	septiembre octubre	20000	0.00	20000.00	2025-01-02 17:38:33.668657-05	paid	2024-11-20 20:29:49.346729-05	invoice_valid	1	140
683	2024-11-05 20:30:06.926559-05	2024-11-05 20:30:06.926559-05	\N	\N	2024-11-05	septiembre octubre	20000	0.00	20000.00	2025-01-02 17:38:50.444683-05	paid	2024-11-20 20:29:49.346729-05	invoice_valid	1	141
684	2024-11-05 20:30:07.197398-05	2024-11-05 20:30:07.197398-05	\N	\N	2024-11-05	septiembre octubre	70000	0.00	70000.00	2025-01-02 17:39:37.462482-05	paid	2024-11-20 20:29:49.346729-05	invoice_valid	1	142
686	2024-11-05 20:30:07.468237-05	2024-11-05 20:30:07.468237-05	\N	\N	2024-11-05	septiembre octubre	10000	0.00	10000.00	2025-01-02 17:41:33.820744-05	paid	2024-11-20 20:29:49.346729-05	invoice_valid	1	144
680	2024-11-05 20:30:06.646656-05	2024-11-05 20:30:06.646656-05	\N	\N	2024-11-05	septiembre octubre	24000	0.00	24000.00	2025-01-02 17:42:10.078925-05	paid	2024-11-20 20:29:49.346729-05	invoice_valid	1	137
688	2024-11-05 20:30:07.737077-05	2024-11-05 20:30:07.737077-05	\N	\N	2024-11-05	septiembre octubre	24000	0.00	24000.00	2025-01-02 17:44:40.484278-05	paid	2024-11-20 20:29:49.346729-05	invoice_valid	1	146
690	2024-11-05 20:30:08.010918-05	2024-11-05 20:30:08.010918-05	\N	\N	2024-11-05	septiembre octubre	20000	0.00	20000.00	2025-01-02 17:45:54.910003-05	paid	2024-11-20 20:29:49.346729-05	invoice_valid	1	150
691	2024-11-05 20:30:08.012914-05	2024-11-05 20:30:08.012914-05	\N	\N	2024-11-05	septiembre octubre	12000	24000.00	48000.00	2025-01-02 17:49:03.082836-05	paid	2024-11-20 20:29:49.346729-05	invoice_valid	1	151
692	2024-11-05 20:30:08.274761-05	2024-11-05 20:30:08.274761-05	\N	\N	2024-11-05	septiembre octubre	20000	0.00	20000.00	2025-01-02 17:50:13.623981-05	paid	2024-11-20 20:29:49.346729-05	invoice_valid	1	152
709	2024-11-05 20:30:10.400124-05	2024-11-05 20:30:10.400124-05	\N	\N	2024-11-05	septiembre octubre	24000	0.00	24000.00	\N	pending	2024-11-20 20:29:49.346729-05	invoice_valid	1	170
712	2024-11-05 20:30:10.947797-05	2024-11-05 20:30:10.947797-05	\N	\N	2024-11-05	septiembre octubre	24000	0.00	24000.00	\N	pending	2024-11-20 20:29:49.346729-05	invoice_valid	1	176
714	2024-11-05 20:30:11.304208-05	2024-11-05 20:30:11.304208-05	\N	\N	2024-11-05	septiembre octubre	20000	0.00	20000.00	\N	pending	2024-11-20 20:29:49.346729-05	invoice_valid	1	179
551	2024-09-05 15:18:36.807472-05	2024-09-05 15:18:36.807472-05	\N	\N	2024-09-05	julio agosto	20000	0.00	40000.00	2024-11-05 15:37:48.316064-05	paid	2024-09-20 15:18:13.514567-05	invoice_valid	1	156
496	2024-09-05 15:18:21.295908-05	2024-09-05 15:18:21.295908-05	\N	\N	2024-09-05	julio agosto	24000	0.00	48000.00	2024-11-05 16:16:30.759392-05	paid	2024-09-20 15:18:13.514567-05	invoice_valid	1	78
121	2024-03-08 14:41:19.335901-05	2024-03-08 14:41:19.335901-05	\N	\N	2024-03-08	febrero-marzo	30000	0.00	30000.00	\N	paid	2024-03-23 14:41:00.230729-05	invoice_cancelled	1	151
578	2024-11-05 17:19:03.33498-05	2024-11-05 17:19:03.33498-05	\N	periodo	2024-11-05	Periodica	10000	20000.00	20000.00	2024-11-05 17:19:12.025077-05	paid	2024-11-20 17:19:03.33498-05	invoice_valid	1	138
459	2024-09-05 15:18:16.196185-05	2024-09-05 15:18:16.196185-05	\N	\N	2024-09-05	julio agosto	24000	0.00	24000.00	2024-11-05 17:57:23.833597-05	paid	2024-09-20 15:18:13.514567-05	invoice_valid	1	25
585	2024-11-05 19:52:33.986601-05	2024-11-05 19:52:33.986601-05	\N	Compra de acción	2024-11-05	Periodica	0	300000.00	300000.00	2024-11-05 19:53:10.126962-05	paid	2024-11-20 19:52:33.986601-05	invoice_valid	1	184
589	2024-11-05 20:29:50.067299-05	2024-11-05 20:29:50.067299-05	\N	\N	2024-11-05	septiembre octubre	24000	0.00	24000.00	\N	pending	2024-11-20 20:29:49.346729-05	invoice_valid	1	5
590	2024-11-05 20:29:50.380115-05	2024-11-05 20:29:50.380115-05	\N	\N	2024-11-05	septiembre octubre	24000	0.00	24000.00	\N	pending	2024-11-20 20:29:49.346729-05	invoice_valid	1	6
591	2024-11-05 20:29:50.385108-05	2024-11-05 20:29:50.385108-05	\N	\N	2024-11-05	septiembre octubre	24000	0.00	24000.00	\N	pending	2024-11-20 20:29:49.346729-05	invoice_valid	1	7
596	2024-11-05 20:29:51.530427-05	2024-11-05 20:29:51.530427-05	\N	\N	2024-11-05	septiembre octubre	24000	0.00	24000.00	\N	pending	2024-11-20 20:29:49.346729-05	invoice_valid	1	14
600	2024-11-05 20:29:52.141065-05	2024-11-05 20:29:52.141065-05	\N	\N	2024-11-05	septiembre octubre	24000	0.00	24000.00	\N	pending	2024-11-20 20:29:49.346729-05	invoice_valid	1	19
608	2024-11-05 20:29:53.838184-05	2024-11-05 20:29:53.838184-05	\N	\N	2024-11-05	septiembre octubre	70000	0.00	70000.00	\N	pending	2024-11-20 20:29:49.346729-05	invoice_valid	1	30
715	2024-11-05 20:30:11.307208-05	2024-11-05 20:30:11.307208-05	\N	\N	2024-11-05	septiembre octubre	20000	0.00	20000.00	2025-01-02 16:24:13.032466-05	paid	2024-11-20 20:29:49.346729-05	invoice_valid	1	180
711	2024-11-05 20:30:10.678958-05	2024-11-05 20:30:10.678958-05	\N	\N	2024-11-05	septiembre octubre	24000	0.00	24000.00	2025-01-02 16:26:44.820334-05	paid	2024-11-20 20:29:49.346729-05	invoice_valid	1	172
713	2024-11-05 20:30:10.950794-05	2024-11-05 20:30:10.950794-05	\N	\N	2024-11-05	septiembre octubre	20000	0.00	20000.00	2025-01-02 16:32:51.635386-05	paid	2024-11-20 20:29:49.346729-05	invoice_valid	1	177
710	2024-11-05 20:30:10.67496-05	2024-11-05 20:30:10.67496-05	\N	\N	2024-11-05	septiembre octubre	24000	0.00	24000.00	2025-01-02 16:34:57.6656-05	paid	2024-11-20 20:29:49.346729-05	invoice_valid	1	171
716	2024-11-05 20:30:11.562055-05	2024-11-05 20:30:11.562055-05	\N	\N	2024-11-05	septiembre octubre	20000	0.00	20000.00	2025-01-02 16:38:05.901005-05	paid	2024-11-20 20:29:49.346729-05	invoice_valid	1	186
584	2024-11-05 18:32:44.742974-05	2024-11-05 18:32:44.742974-05	\N	Valor de Octubre	2024-11-05	Anual	10000	10000.00	10000.00	2025-01-02 17:23:56.312511-05	paid	2024-11-20 18:32:44.742974-05	invoice_valid	1	188
603	2024-11-05 20:29:52.484877-05	2024-11-05 20:29:52.484877-05	\N	\N	2024-11-05	septiembre octubre	10000	0.00	20000.00	2025-01-02 17:55:42.656186-05	paid	2024-11-20 20:29:49.346729-05	invoice_valid	1	23
604	2024-11-05 20:29:52.754713-05	2024-11-05 20:29:52.754713-05	\N	\N	2024-11-05	septiembre octubre	20000	0.00	20000.00	2025-01-02 18:10:27.631828-05	paid	2024-11-20 20:29:49.346729-05	invoice_valid	1	24
609	2024-11-05 20:29:53.841184-05	2024-11-05 20:29:53.842183-05	\N	\N	2024-11-05	septiembre octubre	20000	0.00	20000.00	2025-01-02 18:11:42.453881-05	paid	2024-11-20 20:29:49.346729-05	invoice_valid	1	31
592	2024-11-05 20:29:50.68693-05	2024-11-05 20:29:50.68693-05	\N	\N	2024-11-05	septiembre octubre	40000	0.00	40000.00	2025-01-02 18:12:02.528017-05	paid	2024-11-20 20:29:49.346729-05	invoice_valid	1	10
594	2024-11-05 20:29:50.974757-05	2024-11-05 20:29:50.974757-05	\N	\N	2024-11-05	septiembre octubre	20000	0.00	40000.00	2025-01-02 18:14:26.658952-05	paid	2024-11-20 20:29:49.346729-05	invoice_valid	1	12
599	2024-11-05 20:29:51.856232-05	2024-11-05 20:29:51.856232-05	\N	\N	2024-11-05	septiembre octubre	30000	0.00	30000.00	2025-01-02 18:41:31.659022-05	paid	2024-11-20 20:29:49.346729-05	invoice_valid	1	18
601	2024-11-05 20:29:52.143352-05	2024-11-05 20:29:52.143352-05	\N	\N	2024-11-05	septiembre octubre	26000	0.00	26000.00	2025-01-02 18:43:17.412672-05	paid	2024-11-20 20:29:49.346729-05	invoice_valid	1	20
613	2024-11-05 20:29:54.63971-05	2024-11-05 20:29:54.63971-05	\N	\N	2024-11-05	septiembre octubre	20000	0.00	20000.00	2025-01-02 18:43:37.278363-05	paid	2024-11-20 20:29:49.346729-05	invoice_valid	1	35
598	2024-11-05 20:29:51.852235-05	2024-11-05 20:29:51.852235-05	\N	\N	2024-11-05	septiembre octubre	20000	0.00	20000.00	2025-01-02 18:55:23.296562-05	paid	2024-11-20 20:29:49.346729-05	invoice_valid	1	17
597	2024-11-05 20:29:51.533425-05	2024-11-05 20:29:51.533425-05	\N	\N	2024-11-05	septiembre octubre	20000	0.00	20000.00	2025-01-02 18:55:41.382192-05	paid	2024-11-20 20:29:49.346729-05	invoice_valid	1	15
588	2024-11-05 20:29:50.064301-05	2024-11-05 20:29:50.064301-05	\N	\N	2024-11-05	septiembre octubre	24000	0.00	24000.00	2025-01-02 18:56:30.25303-05	paid	2024-11-20 20:29:49.346729-05	invoice_valid	1	4
602	2024-11-05 20:29:52.481873-05	2024-11-05 20:29:52.481873-05	\N	\N	2024-11-05	septiembre octubre	20000	0.00	20000.00	2025-01-02 18:57:08.78416-05	paid	2024-11-20 20:29:49.346729-05	invoice_valid	1	22
610	2024-11-05 20:29:54.176985-05	2024-11-05 20:29:54.176985-05	\N	\N	2024-11-05	septiembre octubre	20000	0.00	20000.00	2025-01-02 19:00:20.106716-05	paid	2024-11-20 20:29:49.346729-05	invoice_valid	1	32
615	2024-11-05 20:29:55.941935-05	2024-11-05 20:29:55.941935-05	\N	\N	2024-11-05	septiembre octubre	24000	0.00	24000.00	2025-01-02 19:02:46.345067-05	paid	2024-11-20 20:29:49.346729-05	invoice_valid	1	40
595	2024-11-05 20:29:50.979755-05	2024-11-05 20:29:50.979755-05	\N	\N	2024-11-05	septiembre octubre	24000	0.00	24000.00	2025-01-02 19:05:37.105037-05	paid	2024-11-20 20:29:49.346729-05	invoice_valid	1	13
605	2024-11-05 20:29:52.757627-05	2024-11-05 20:29:52.757627-05	\N	\N	2024-11-05	septiembre octubre	24000	0.00	24000.00	2025-01-02 19:18:34.723758-05	paid	2024-11-20 20:29:49.346729-05	invoice_valid	1	25
606	2024-11-05 20:29:53.229548-05	2024-11-05 20:29:53.229548-05	\N	\N	2024-11-05	septiembre octubre	20000	0.00	40000.00	2025-01-02 19:54:30.942283-05	paid	2024-11-20 20:29:49.346729-05	invoice_valid	1	27
612	2024-11-05 20:29:54.634712-05	2024-11-05 20:29:54.634712-05	\N	\N	2024-11-05	septiembre octubre	20000	0.00	20000.00	2025-01-02 20:00:58.480853-05	paid	2024-11-20 20:29:49.346729-05	invoice_valid	1	34
614	2024-11-05 20:29:55.935936-05	2024-11-05 20:29:55.935936-05	\N	\N	2024-11-05	septiembre octubre	44000	0.00	44000.00	2025-01-02 20:02:51.353491-05	paid	2024-11-20 20:29:49.346729-05	invoice_valid	1	38
586	2024-11-05 20:29:49.753486-05	2024-11-05 20:29:49.753486-05	\N	\N	2024-11-05	septiembre octubre	20000	0.00	20000.00	2025-01-02 20:10:12.298656-05	paid	2024-11-20 20:29:49.346729-05	invoice_valid	1	2
611	2024-11-05 20:29:54.179984-05	2024-11-05 20:29:54.179984-05	\N	\N	2024-11-05	septiembre octubre	20000	0.00	40000.00	2025-01-02 20:11:29.597822-05	paid	2024-11-20 20:29:49.346729-05	invoice_valid	1	33
620	2024-11-05 20:29:58.014701-05	2024-11-05 20:29:58.014701-05	\N	\N	2024-11-05	septiembre octubre	20000	0.00	20000.00	2025-01-02 20:14:01.715462-05	paid	2024-11-20 20:29:49.346729-05	invoice_valid	1	47
622	2024-11-05 20:29:58.302531-05	2024-11-05 20:29:58.302531-05	\N	\N	2024-11-05	septiembre octubre	20000	0.00	20000.00	2025-01-02 20:15:36.959571-05	paid	2024-11-20 20:29:49.346729-05	invoice_valid	1	49
616	2024-11-05 20:29:56.791428-05	2024-11-05 20:29:56.791428-05	\N	\N	2024-11-05	septiembre octubre	20000	0.00	20000.00	2025-01-02 21:37:16.133796-05	paid	2024-11-20 20:29:49.346729-05	invoice_valid	1	41
617	2024-11-05 20:29:56.797425-05	2024-11-05 20:29:56.797425-05	\N	\N	2024-11-05	septiembre octubre	20000	0.00	40000.00	2025-01-02 21:40:36.59859-05	paid	2024-11-20 20:29:49.346729-05	invoice_valid	1	42
623	2024-11-05 20:29:58.304527-05	2024-11-05 20:29:58.304527-05	\N	\N	2024-11-05	septiembre octubre	20000	0.00	20000.00	2025-01-02 21:46:19.575219-05	paid	2024-11-20 20:29:49.346729-05	invoice_valid	1	50
587	2024-11-05 20:29:49.76248-05	2024-11-05 20:29:49.76248-05	\N	\N	2024-11-05	septiembre octubre	50000	0.00	50000.00	2025-01-02 21:53:23.954075-05	paid	2024-11-20 20:29:49.346729-05	invoice_valid	1	3
621	2024-11-05 20:29:58.020695-05	2024-11-05 20:29:58.020695-05	\N	\N	2024-11-05	septiembre octubre	24000	0.00	24000.00	2025-01-02 21:54:00.687984-05	paid	2024-11-20 20:29:49.346729-05	invoice_valid	1	48
717	2024-11-05 20:30:11.566056-05	2024-11-05 20:30:11.566056-05	\N	\N	2024-11-05	septiembre octubre	20000	0.00	20000.00	2025-01-04 13:05:43.346002-05	paid	2024-11-20 20:29:49.346729-05	invoice_valid	1	187
627	2024-11-05 20:29:58.916163-05	2024-11-05 20:29:58.916163-05	\N	\N	2024-11-05	septiembre octubre	24000	0.00	24000.00	\N	pending	2024-11-20 20:29:49.346729-05	invoice_valid	1	56
630	2024-11-05 20:29:59.583768-05	2024-11-05 20:29:59.584768-05	\N	\N	2024-11-05	septiembre octubre	24000	0.00	24000.00	\N	pending	2024-11-20 20:29:49.346729-05	invoice_valid	1	61
574	2024-11-05 15:53:14.401845-05	2024-11-05 15:53:14.401845-05	\N	pago anticipado	2024-11-05	Anual	12000	24000.00	24000.00	2024-11-05 15:53:34.216143-05	paid	2024-11-20 15:53:14.401845-05	invoice_valid	1	173
83	2024-03-08 14:41:12.893047-05	2024-03-08 14:41:12.893047-05	\N	\N	2024-03-08	febrero-marzo	24000	0.00	24000.00	2024-11-05 16:18:00.309655-05	paid	2024-03-23 14:41:00.230729-05	invoice_valid	1	102
576	2024-11-05 16:34:37.687115-05	2024-11-05 16:34:37.687115-05	\N	Valor excedente Tarifa Enero- Junio 2024	2024-11-05	Periodica	5000	42000.00	42000.00	\N	pending	2024-11-20 16:34:37.687115-05	invoice_valid	1	151
581	2024-09-05 18:01:31.982019-05	2024-09-05 18:01:31.982019-05	\N	\N	2024-09-05	julio agosto	10000	0.00	20000.00	2024-09-05 18:03:32.774406-05	paid	2024-09-20 18:01:31.77215-05	invoice_valid	1	62
441	2024-09-05 15:18:13.871348-05	2024-09-05 15:18:13.871348-05	\N	\N	2024-09-05	julio agosto	50000	0.00	50000.00	2024-11-05 19:18:43.216211-05	paid	2024-09-20 15:18:13.514567-05	invoice_valid	1	3
370	2024-07-20 20:40:01.809758-05	2024-07-20 20:40:01.809758-05	\N	\N	2024-07-20	mayo-junio	24000	0.00	24000.00	2024-11-05 19:56:55.654488-05	paid	2024-08-04 20:39:47.740997-05	invoice_valid	1	92
634	2024-11-05 20:30:00.388287-05	2024-11-05 20:30:00.388287-05	\N	\N	2024-11-05	septiembre octubre	24000	0.00	24000.00	\N	pending	2024-11-20 20:29:49.346729-05	invoice_valid	1	68
635	2024-11-05 20:30:00.391285-05	2024-11-05 20:30:00.391285-05	\N	\N	2024-11-05	septiembre octubre	24000	0.00	24000.00	\N	pending	2024-11-20 20:29:49.346729-05	invoice_valid	1	69
644	2024-11-05 20:30:01.84143-05	2024-11-05 20:30:01.84143-05	\N	\N	2024-11-05	septiembre octubre	10000	0.00	10000.00	\N	pending	2024-11-20 20:29:49.346729-05	invoice_valid	1	82
650	2024-11-05 20:30:02.65994-05	2024-11-05 20:30:02.65994-05	\N	\N	2024-11-05	septiembre octubre	24000	0.00	24000.00	\N	pending	2024-11-20 20:29:49.346729-05	invoice_valid	1	96
652	2024-11-05 20:30:02.927219-05	2024-11-05 20:30:02.927219-05	\N	\N	2024-11-05	septiembre octubre	30000	0.00	60000.00	\N	pending	2024-11-20 20:29:49.346729-05	invoice_valid	1	98
655	2024-11-05 20:30:03.187064-05	2024-11-05 20:30:03.187064-05	\N	\N	2024-11-05	septiembre octubre	20000	0.00	20000.00	\N	pending	2024-11-20 20:29:49.346729-05	invoice_valid	1	102
657	2024-11-05 20:30:03.444986-05	2024-11-05 20:30:03.444986-05	\N	\N	2024-11-05	septiembre octubre	20000	0.00	20000.00	\N	pending	2024-11-20 20:29:49.346729-05	invoice_valid	1	104
659	2024-11-05 20:30:03.709057-05	2024-11-05 20:30:03.709057-05	\N	\N	2024-11-05	septiembre octubre	20000	0.00	20000.00	\N	pending	2024-11-20 20:29:49.346729-05	invoice_valid	1	107
666	2024-11-05 20:30:04.772524-05	2024-11-05 20:30:04.772524-05	\N	\N	2024-11-05	septiembre octubre	24000	0.00	24000.00	\N	pending	2024-11-20 20:29:49.346729-05	invoice_valid	1	117
667	2024-11-05 20:30:04.777522-05	2024-11-05 20:30:04.777522-05	\N	\N	2024-11-05	septiembre octubre	24000	0.00	48000.00	\N	pending	2024-11-20 20:29:49.346729-05	invoice_valid	1	119
668	2024-11-05 20:30:05.033373-05	2024-11-05 20:30:05.033373-05	\N	\N	2024-11-05	septiembre octubre	20000	0.00	20000.00	\N	pending	2024-11-20 20:29:49.346729-05	invoice_valid	1	120
658	2024-11-05 20:30:03.70406-05	2024-11-05 20:30:03.70406-05	\N	\N	2024-11-05	septiembre octubre	30000	0.00	30000.00	2025-01-02 16:40:07.75912-05	paid	2024-11-20 20:29:49.346729-05	invoice_valid	1	105
647	2024-11-05 20:30:02.122258-05	2024-11-05 20:30:02.122258-05	\N	\N	2024-11-05	septiembre octubre	30000	0.00	30000.00	2025-01-02 16:41:32.678974-05	paid	2024-11-20 20:29:49.346729-05	invoice_valid	1	88
661	2024-11-05 20:30:03.974894-05	2024-11-05 20:30:03.974894-05	\N	\N	2024-11-05	septiembre octubre	20000	0.00	20000.00	2025-01-02 16:48:20.082684-05	paid	2024-11-20 20:29:49.346729-05	invoice_valid	1	109
664	2024-11-05 20:30:04.505683-05	2024-11-05 20:30:04.505683-05	\N	\N	2024-11-05	septiembre octubre	20000	0.00	20000.00	2025-01-02 16:50:27.019795-05	paid	2024-11-20 20:29:49.346729-05	invoice_valid	1	115
653	2024-11-05 20:30:02.929214-05	2024-11-05 20:30:02.929214-05	\N	\N	2024-11-05	septiembre octubre	20000	0.00	20000.00	2025-01-02 16:53:34.459729-05	paid	2024-11-20 20:29:49.346729-05	invoice_valid	1	99
654	2024-11-05 20:30:03.185061-05	2024-11-05 20:30:03.185061-05	\N	\N	2024-11-05	septiembre octubre	20000	0.00	20000.00	2025-01-02 16:54:20.499129-05	paid	2024-11-20 20:29:49.346729-05	invoice_valid	1	100
670	2024-11-05 20:30:05.299211-05	2024-11-05 20:30:05.299211-05	\N	\N	2024-11-05	septiembre octubre	20000	0.00	40000.00	2025-01-02 16:57:56.66313-05	paid	2024-11-20 20:29:49.346729-05	invoice_valid	1	123
649	2024-11-05 20:30:02.3891-05	2024-11-05 20:30:02.3891-05	\N	\N	2024-11-05	septiembre octubre	24000	0.00	48000.00	2025-01-02 17:13:08.383741-05	paid	2024-11-20 20:29:49.346729-05	invoice_valid	1	94
660	2024-11-05 20:30:03.9699-05	2024-11-05 20:30:03.9699-05	\N	\N	2024-11-05	septiembre octubre	24000	0.00	24000.00	2025-01-02 17:15:19.920374-05	paid	2024-11-20 20:29:49.346729-05	invoice_valid	1	108
662	2024-11-05 20:30:04.24284-05	2024-11-05 20:30:04.24284-05	\N	\N	2024-11-05	septiembre octubre	20000	0.00	20000.00	2025-01-02 17:16:48.122358-05	paid	2024-11-20 20:29:49.346729-05	invoice_valid	1	110
651	2024-11-05 20:30:02.662937-05	2024-11-05 20:30:02.662937-05	\N	\N	2024-11-05	septiembre octubre	24000	0.00	24000.00	2025-01-02 17:37:56.991558-05	paid	2024-11-20 20:29:49.346729-05	invoice_valid	1	97
663	2024-11-05 20:30:04.244842-05	2024-11-05 20:30:04.244842-05	\N	\N	2024-11-05	septiembre octubre	20000	0.00	20000.00	2025-01-02 17:42:55.16602-05	paid	2024-11-20 20:29:49.346729-05	invoice_valid	1	112
646	2024-11-05 20:30:02.117262-05	2024-11-05 20:30:02.117262-05	\N	\N	2024-11-05	septiembre octubre	20000	0.00	20000.00	2025-01-02 17:43:14.095763-05	paid	2024-11-20 20:29:49.346729-05	invoice_valid	1	87
656	2024-11-05 20:30:03.439991-05	2024-11-05 20:30:03.439991-05	\N	\N	2024-11-05	septiembre octubre	46000	0.00	46000.00	2025-01-02 17:49:56.237172-05	paid	2024-11-20 20:29:49.346729-05	invoice_valid	1	103
633	2024-11-05 20:29:59.87759-05	2024-11-05 20:29:59.87759-05	\N	\N	2024-11-05	septiembre octubre	20000	0.00	20000.00	2025-01-02 18:08:07.113157-05	paid	2024-11-20 20:29:49.346729-05	invoice_valid	1	67
642	2024-11-05 20:30:01.577253-05	2024-11-05 20:30:01.577253-05	\N	\N	2024-11-05	septiembre octubre	24000	0.00	24000.00	2025-01-02 18:10:56.830545-05	paid	2024-11-20 20:29:49.346729-05	invoice_valid	1	78
579	2024-11-05 17:31:30.359747-05	2024-11-05 17:31:30.359747-05	\N	Mano obra, accesorios para tubería 1 1/4" 6 Mtrs dañada por maquina	2024-11-05	Periodica	10000	50000.00	50000.00	2025-01-02 18:19:01.718568-05	paid	2024-11-20 17:31:30.359747-05	invoice_valid	1	59
637	2024-11-05 20:30:00.752071-05	2024-11-05 20:30:00.752071-05	\N	\N	2024-11-05	septiembre octubre	20000	0.00	40000.00	2025-01-02 18:41:11.599853-05	paid	2024-11-20 20:29:49.346729-05	invoice_valid	1	71
640	2024-11-05 20:30:01.309256-05	2024-11-05 20:30:01.309256-05	\N	\N	2024-11-05	septiembre octubre	24000	0.00	24000.00	2025-01-02 18:56:08.60734-05	paid	2024-11-20 20:29:49.346729-05	invoice_valid	1	76
645	2024-11-05 20:30:01.845423-05	2024-11-05 20:30:01.845423-05	\N	\N	2024-11-05	septiembre octubre	20000	0.00	40000.00	2025-01-02 18:45:42.654893-05	paid	2024-11-20 20:29:49.346729-05	invoice_valid	1	86
641	2024-11-05 20:30:01.311552-05	2024-11-05 20:30:01.311552-05	\N	\N	2024-11-05	septiembre octubre	24000	0.00	48000.00	2025-01-02 18:53:03.236301-05	paid	2024-11-20 20:29:49.346729-05	invoice_valid	1	77
643	2024-11-05 20:30:01.581574-05	2024-11-05 20:30:01.581574-05	\N	\N	2024-11-05	septiembre octubre	20000	0.00	40000.00	2025-01-02 18:54:15.454437-05	paid	2024-11-20 20:29:49.346729-05	invoice_valid	1	80
628	2024-11-05 20:29:59.223981-05	2024-11-05 20:29:59.223981-05	\N	\N	2024-11-05	septiembre octubre	10000	0.00	10000.00	2025-01-02 18:58:48.297378-05	paid	2024-11-20 20:29:49.346729-05	invoice_valid	1	57
624	2024-11-05 20:29:58.596355-05	2024-11-05 20:29:58.596355-05	\N	\N	2024-11-05	septiembre octubre	24000	0.00	24000.00	2025-01-02 18:59:30.135872-05	paid	2024-11-20 20:29:49.346729-05	invoice_valid	1	52
638	2024-11-05 20:30:01.050896-05	2024-11-05 20:30:01.050896-05	\N	\N	2024-11-05	septiembre octubre	20000	0.00	20000.00	2025-01-02 19:00:01.837567-05	paid	2024-11-20 20:29:49.346729-05	invoice_valid	1	74
632	2024-11-05 20:29:59.873595-05	2024-11-05 20:29:59.873595-05	\N	\N	2024-11-05	septiembre octubre	20000	0.00	40000.00	2025-01-02 19:08:52.768342-05	paid	2024-11-20 20:29:49.346729-05	invoice_valid	1	64
665	2024-11-05 20:30:04.510682-05	2024-11-05 20:30:04.510682-05	\N	\N	2024-11-05	septiembre octubre	24000	0.00	24000.00	2025-01-02 19:09:26.500925-05	paid	2024-11-20 20:29:49.346729-05	invoice_valid	1	116
626	2024-11-05 20:29:58.912167-05	2024-11-05 20:29:58.912167-05	\N	\N	2024-11-05	septiembre octubre	24000	0.00	24000.00	2025-01-02 19:53:33.580888-05	paid	2024-11-20 20:29:49.346729-05	invoice_valid	1	54
625	2024-11-05 20:29:58.599351-05	2024-11-05 20:29:58.599351-05	\N	\N	2024-11-05	septiembre octubre	20000	0.00	20000.00	2025-01-02 21:36:31.839187-05	paid	2024-11-20 20:29:49.346729-05	invoice_valid	1	53
631	2024-11-05 20:29:59.586766-05	2024-11-05 20:29:59.586766-05	\N	\N	2024-11-05	septiembre octubre	20000	0.00	20000.00	2025-01-02 21:54:20.623158-05	paid	2024-11-20 20:29:49.346729-05	invoice_valid	1	63
629	2024-11-05 20:29:59.228977-05	2024-11-05 20:29:59.228977-05	\N	\N	2024-11-05	septiembre octubre	20000	0.00	50000.00	\N	paid	2024-11-20 20:29:49.346729-05	invoice_cancelled	1	59
672	2024-11-05 20:30:05.562058-05	2024-11-05 20:30:05.562058-05	\N	\N	2024-11-05	septiembre octubre	20000	0.00	40000.00	\N	pending	2024-11-20 20:29:49.346729-05	invoice_valid	1	125
675	2024-11-05 20:30:05.83814-05	2024-11-05 20:30:05.83814-05	\N	\N	2024-11-05	septiembre octubre	24000	0.00	24000.00	\N	pending	2024-11-20 20:29:49.346729-05	invoice_valid	1	130
619	2024-11-05 20:29:57.371083-05	2024-11-05 20:29:57.371083-05	\N	\N	2024-11-05	septiembre octubre	30000	0.00	30000.00	2024-12-28 11:39:55.475545-05	paid	2024-11-20 20:29:49.346729-05	invoice_valid	1	45
696	2024-11-05 20:30:08.81918-05	2024-11-05 20:30:08.81918-05	\N	\N	2024-11-05	septiembre octubre	20000	0.00	20000.00	2025-01-02 16:15:49.628219-05	paid	2024-11-20 20:29:49.346729-05	invoice_valid	1	156
704	2024-11-05 20:30:09.866442-05	2024-11-05 20:30:09.866442-05	\N	\N	2024-11-05	septiembre octubre	24000	0.00	24000.00	2025-01-02 16:18:58.700458-05	paid	2024-11-20 20:29:49.346729-05	invoice_valid	1	165
648	2024-11-05 20:30:02.387102-05	2024-11-05 20:30:02.387102-05	\N	\N	2024-11-05	septiembre octubre	20000	0.00	20000.00	2025-01-02 16:39:09.941818-05	paid	2024-11-20 20:29:49.346729-05	invoice_valid	1	93
669	2024-11-05 20:30:05.038369-05	2024-11-05 20:30:05.038369-05	\N	\N	2024-11-05	septiembre octubre	10000	0.00	10000.00	2025-01-02 16:52:18.131589-05	paid	2024-11-20 20:29:49.346729-05	invoice_valid	1	122
671	2024-11-05 20:30:05.303212-05	2024-11-05 20:30:05.303212-05	\N	\N	2024-11-05	septiembre octubre	20000	0.00	20000.00	2025-01-02 17:00:07.235268-05	paid	2024-11-20 20:29:49.346729-05	invoice_valid	1	124
673	2024-11-05 20:30:05.567053-05	2024-11-05 20:30:05.567053-05	\N	\N	2024-11-05	septiembre octubre	10000	0.00	10000.00	2025-01-02 17:01:48.008153-05	paid	2024-11-20 20:29:49.346729-05	invoice_valid	1	127
674	2024-11-05 20:30:05.834139-05	2024-11-05 20:30:05.834139-05	\N	\N	2024-11-05	septiembre octubre	20000	0.00	20000.00	2025-01-02 17:09:28.370841-05	paid	2024-11-20 20:29:49.346729-05	invoice_valid	1	129
685	2024-11-05 20:30:07.201396-05	2024-11-05 20:30:07.201396-05	\N	\N	2024-11-05	septiembre octubre	20000	0.00	20000.00	2025-01-02 17:40:03.312426-05	paid	2024-11-20 20:29:49.346729-05	invoice_valid	1	143
636	2024-11-05 20:30:00.747073-05	2024-11-05 20:30:00.747073-05	\N	\N	2024-11-05	septiembre octubre	24000	0.00	24000.00	2025-01-02 18:11:21.419114-05	paid	2024-11-20 20:29:49.346729-05	invoice_valid	1	70
593	2024-11-05 20:29:50.689927-05	2024-11-05 20:29:50.689927-05	\N	\N	2024-11-05	septiembre octubre	26000	0.00	52000.00	2025-01-02 18:13:09.267692-05	paid	2024-11-20 20:29:49.346729-05	invoice_valid	1	11
447	2024-09-05 15:18:14.664857-05	2024-09-05 15:18:14.664857-05	\N	\N	2024-09-05	julio agosto	26000	0.00	26000.00	\N	paid	2024-09-20 15:18:13.514567-05	invoice_cancelled	1	11
499	2024-09-05 15:18:21.608712-05	2024-09-05 15:18:21.608712-05	\N	\N	2024-09-05	julio agosto	20000	0.00	20000.00	\N	paid	2024-09-20 15:18:13.514567-05	invoice_cancelled	1	86
618	2024-11-05 20:29:57.369085-05	2024-11-05 20:29:57.369085-05	\N	\N	2024-11-05	septiembre octubre	24000	0.00	48000.00	2025-01-02 19:52:35.693656-05	paid	2024-11-20 20:29:49.346729-05	invoice_valid	1	43
639	2024-11-05 20:30:01.053559-05	2024-11-05 20:30:01.053559-05	\N	\N	2024-11-05	septiembre octubre	24000	0.00	24000.00	2025-01-02 21:33:53.805016-05	paid	2024-11-20 20:29:49.346729-05	invoice_valid	1	75
607	2024-11-05 20:29:53.233546-05	2024-11-05 20:29:53.233546-05	\N	\N	2024-11-05	septiembre octubre	30000	0.00	30000.00	2025-01-02 21:54:36.27021-05	paid	2024-11-20 20:29:49.346729-05	invoice_valid	1	29
737	2025-01-04 12:59:41.336823-05	2025-01-04 12:59:41.336828-05	\N	septiembre octubre	2025-01-04	Periodica	10000	40000.00	40000.00	\N	pending	2025-01-19 12:59:41.336784-05	invoice_cancelled	1	59
738	2025-01-04 13:02:20.882539-05	2025-01-04 13:02:20.882543-05	\N	Prestación de servicios	2025-01-04	Periodica	10000	40000.00	40000.00	\N	pending	2025-01-19 13:02:20.882506-05	invoice_valid	1	59
\.


--
-- TOC entry 5215 (class 0 OID 76222)
-- Dependencies: 270
-- Data for Name: payments_payment; Type: TABLE DATA; Schema: public; Owner: postgres
--

COPY public.payments_payment (id, created_date, modified_date, user_modified, payment_date, amount_paid, company_id, invoice_id) FROM stdin;
\.


--
-- TOC entry 5217 (class 0 OID 76226)
-- Dependencies: 272
-- Data for Name: payments_paymentitem; Type: TABLE DATA; Schema: public; Owner: postgres
--

COPY public.payments_paymentitem (id, created_date, modified_date, user_modified, description, amount, company_id, payment_id) FROM stdin;
\.


--
-- TOC entry 5219 (class 0 OID 76230)
-- Dependencies: 274
-- Data for Name: payments_periodmounth; Type: TABLE DATA; Schema: public; Owner: postgres
--

COPY public.payments_periodmounth (id, created_date, modified_date, user_modified, name_period, facturation_type, company_id) FROM stdin;
\.


--
-- TOC entry 5221 (class 0 OID 76234)
-- Dependencies: 276
-- Data for Name: users_actions; Type: TABLE DATA; Schema: public; Owner: postgres
--

COPY public.users_actions (id, created_date, modified_date, user_modified, value_action, property_type, company_id) FROM stdin;
1	2024-07-20 09:40:47-05	2024-07-20 09:40:47-05	\N	0	not use	1
2	2024-07-20 09:40:59-05	2024-07-20 09:40:59-05	\N	5000	house Alone	1
3	2024-07-20 09:41:48-05	2024-07-20 09:41:48-05	\N	10000	house	1
4	2024-07-20 09:42:00-05	2024-07-20 09:42:00-05	\N	10000	Country Farm	1
5	2024-07-20 09:43:09-05	2024-07-20 09:43:09-05	\N	12000	Farming Farm	1
6	2024-07-20 09:43:22-05	2024-07-20 09:43:22-05	\N	12000	Pork Farm	1
7	2024-07-20 09:43:50-05	2024-07-20 09:43:50-05	\N	13000	Other	1
8	2024-07-20 09:44:21-05	2024-07-20 09:44:21-05	\N	15000	Cattle Farm	1
\.


--
-- TOC entry 5223 (class 0 OID 76238)
-- Dependencies: 278
-- Data for Name: users_costactions; Type: TABLE DATA; Schema: public; Owner: postgres
--

COPY public.users_costactions (id, created_date, modified_date, user_modified, costo_uniqued_for_action, company_id) FROM stdin;
1	2024-07-20 09:39:38-05	2024-07-20 09:39:38-05	\N	150000	1
2	2024-07-20 09:39:46-05	2024-07-20 09:39:46-05	\N	200000	1
3	2024-07-20 09:40:31-05	2024-07-20 09:40:31-05	\N	300000	1
\.


--
-- TOC entry 5225 (class 0 OID 76242)
-- Dependencies: 280
-- Data for Name: users_sector; Type: TABLE DATA; Schema: public; Owner: postgres
--

COPY public.users_sector (id, created_date, modified_date, user_modified, name_sector, company_id) FROM stdin;
1	2024-07-20 09:38:50-05	2024-07-20 09:38:50-05	\N	Vereda la Bohemia	1
2	2024-07-20 09:39:06-05	2024-07-20 09:39:06-05	\N	Vereda el Tablazo	1
3	2024-07-20 09:39:21-05	2024-07-20 09:39:21-05	\N	Vereda el Paraiso	1
\.


--
-- TOC entry 5227 (class 0 OID 76246)
-- Dependencies: 282
-- Data for Name: users_suscriber; Type: TABLE DATA; Schema: public; Owner: postgres
--

COPY public.users_suscriber (id, created_date, modified_date, user_modified, document_type, identification_number, name_suscriber, last_name_suscribe, telephone, name_farm, stratum, count_adult_inhabitants, count_children_inhabitants, value_paid_for_action, number_cuotes_for_payment, monthly_value_to_pay, pending_balance, last_payment_date, status, mode_billing, company_id, sector_suscriber_id) FROM stdin;
1	2024-07-20 10:06:19.41296-05	2024-07-20 11:29:48.852523-05	beatriz	CC	0	Finca	El Diamante	3209480109	Finca El Diamante	0	0	0	150000	1	0	0.00	2024-07-20 10:46:33-05	active	frequently	1	3
185	2024-07-20 13:42:43.415482-05	2024-07-20 13:42:43.238429-05	beatriz	CC	9992873	Herasmo	Romero (tienda)	3209302837	Sin registro	0	0	0	0	0	12000	150000.00	\N	active	annual	1	2
67	2024-07-20 10:46:34.239949-05	2024-07-20 10:52:20.020692-05	beatriz	CC	9994377	Jose Maria	Alvarez	3216923879	Null	0	0	0	150000	1	10000	0.00	2024-07-20 10:46:34-05	active	frequently	1	3
100	2024-07-20 10:46:34.569106-05	2024-07-20 13:02:21.492981-05	beatriz	CC	9695086	Gonzalo	Castañeda	3212541703	Finca El Vergel	0	0	0	150000	1	10000	0.00	2024-07-20 10:46:34-05	active	frequently	1	3
91	2024-07-20 10:46:34.47389-05	2024-04-26 18:36:38.517112-05	beatriz	CC	9920505	Rogel	Romero	3128028423	Si registro	0	0	0	150000	1	15000	0.00	2024-07-20 10:46:34-05	active	annual	1	2
5	2024-07-20 10:46:33.583898-05	2024-07-20 12:06:01.076685-05	beatriz	CC	4346294	Abraham	Romero	3203006728	Sin registro	0	0	0	150000	1	12000	0.00	2024-07-20 10:46:33-05	active	frequently	1	3
50	2024-07-20 10:46:34.051664-05	2024-07-20 12:09:53.434878-05	beatriz	CC	0	Esteban	Sanchez	3245465076	Sin registro	0	0	0	150000	1	10000	0.00	2024-07-20 10:46:34-05	active	frequently	1	3
183	2024-07-20 13:11:48.826922-05	2024-07-20 13:11:48.680993-05	beatriz	CC	25247622	Beatriz Elena	Perez	3146188027	Sin registro	\N	0	0	0	0	0	150000.00	\N	active	frequently	1	2
2	2024-07-20 10:46:33.561896-05	2024-07-20 12:05:41.981199-05	beatriz	CC	24383266	Olga	Rodriguez	3225669489	Sin registro	0	0	0	150000	1	10000	0.00	2024-07-20 10:46:33-05	active	frequently	1	3
3	2024-07-20 10:46:33.573863-05	2024-07-20 12:13:13.572915-05	beatriz	CC	0	Eliberto	Velasquez	3218164370	Sin registro	0	0	0	150000	1	25000	0.00	2024-07-20 10:46:33-05	active	frequently	1	3
184	2024-07-20 13:23:15.149578-05	2024-07-20 13:23:14.99132-05	beatriz	CC	18520642	Juan Pablo	Aguilar Suarez	3246849370	Sin registro	0	0	0	300000	1	0	0.00	\N	active	frequently	1	2
186	2024-07-20 14:37:11.354998-05	2024-03-08 16:12:01.325639-05	beatriz	CC	1061368098	Alejandro	Zapata Cañaveral (Centro Salud)	3143607069	Sin registro	\N	0	0	150000	0	10000	0.00	\N	active	frequently	1	1
16	2024-07-20 10:46:33-05	2024-04-26 18:40:30.847049-05	beatriz	CC	0	Hector Fabio	Bermudez	3116361418	Sin Registro	0	0	0	150000	1	12000	0.00	2024-07-20 10:46:33-05	active	annual	1	3
24	2024-07-20 10:46:33.784375-05	2024-07-20 10:54:03.422967-05	beatriz	CC	991490	Ancizar	Alvarez	3225930789	Sin Registro	\N	0	0	150000	1	10000	0.00	2024-07-20 10:46:33-05	active	frequently	1	3
31	2024-07-20 10:46:33.851148-05	2024-07-20 11:08:11.443304-05	beatriz	CC	\N	Maria Enoe	Betancurt	3206748785	Null	0	0	0	150000	1	10000	0.00	2024-07-20 10:46:33-05	active	frequently	1	3
10	2024-07-20 10:46:33.645628-05	2024-07-20 11:10:26.177403-05	beatriz	CC	10009523	Henry	Cañas	3005754256	Sin Registro	0	0	0	150000	1	20000	0.00	2024-07-20 10:46:33-05	active	frequently	1	3
11	2024-07-20 10:46:33.650702-05	2024-07-20 11:11:27.253939-05	beatriz	CC	9992649	Luis David	Cañas	3156773279	Sin Registro	0	0	0	150000	1	13000	0.00	2024-07-20 10:46:33-05	active	frequently	1	3
12	2024-07-20 10:46:33.650702-05	2024-07-20 11:12:02.550917-05	beatriz	CC	\N	Julia	Cañas	3122519112	Sin Registro	0	0	0	150000	1	10000	0.00	2024-07-20 10:46:33-05	active	frequently	1	3
18	2024-07-20 10:46:33.717586-05	2024-07-20 11:15:03.560881-05	beatriz	CC	\N	Samuel	Corrales	0	Sin registro	0	0	0	150000	1	15000	0.00	2024-07-20 10:46:33-05	active	frequently	1	3
45	2024-07-20 10:46:34.003436-05	2024-07-20 11:17:31.913704-05	beatriz	CC	\N	Inversiones	Sideral	0	Sin registro	0	0	0	150000	1	15000	0.00	2024-07-20 10:46:34-05	active	frequently	1	3
17	2024-07-20 10:46:33.716433-05	2024-07-20 11:26:19.527097-05	beatriz	CC	9698052	Samuel	Castañeda	3145405867f	Sin registro	0	0	0	150000	1	10000	0.00	2024-07-20 10:46:33-05	active	frequently	1	3
14	2024-07-20 10:46:33.687267-05	2024-07-20 11:39:16.454194-05	beatriz	CC	9992696	Raul	Grajales	3225561370	Sin registro	0	0	0	150000	1	12000	0.00	2024-07-20 10:46:33-05	active	frequently	1	3
22	2024-07-20 10:46:33.769303-05	2024-07-20 11:39:58.365841-05	beatriz	CC	4993482	Wilson	Grajales	3115374318	Sin registro	0	0	0	150000	1	10000	0.00	2024-07-20 10:46:33-05	active	frequently	1	3
30	2024-07-20 10:46:33.851148-05	2024-07-20 11:46:38.607-05	beatriz	CC	1193383432	Cristian Sambony	Grajales	3104261268	Sin registro	0	0	0	150000	1	35000	0.00	2024-07-20 10:46:33-05	active	frequently	1	3
32	2024-07-20 10:46:33.869895-05	2024-07-20 11:50:07.18047-05	beatriz	CC	\N	Hector	Hernandez	3133171444	Sin registro	0	0	0	150000	1	10000	0.00	2024-07-20 10:46:33-05	active	frequently	1	3
36	2024-07-20 10:46:33.916936-05	2024-07-20 11:52:24.523717-05	beatriz	CC	52420088	Claudia	Isaza	3022447720	Finca las Lunas	0	0	0	150000	1	10000	0.00	2024-07-20 10:46:33-05	active	annual	1	3
13	2024-07-20 10:46:33.669342-05	2024-07-20 11:52:58.834944-05	beatriz	CC	9696338	Wilson	Jaramillo	3185249415	Sin registro	0	0	0	150000	1	12000	0.00	2024-07-20 10:46:33-05	active	frequently	1	3
9	2024-07-20 10:46:33.635637-05	2024-07-20 11:53:22.12104-05	beatriz	CC	0	Oscar	Leon	0	Sin registro	0	0	0	150000	1	10000	0.00	2024-07-20 10:46:33-05	active	annual	1	3
44	2024-07-20 10:46:34.000481-05	2024-07-20 11:54:58.892141-05	beatriz	CC	4512770	Julian	Londoño	3194794834	Sin registro	0	0	0	150000	1	15000	0.00	2024-07-20 10:46:34-05	active	annual	1	3
25	2024-07-20 10:46:33.800005-05	2024-07-20 11:56:13.576057-05	beatriz	CC	0	Katerine	Munera	3209861011	Sin registro	0	0	0	150000	1	12000	0.00	2024-07-20 10:46:33-05	active	frequently	1	3
43	2024-07-20 10:46:33.984853-05	2024-07-20 12:01:02.566428-05	beatriz	CC	4602623	Jose Maria	Munera	3148239088	Sin registro	0	0	0	150000	1	12000	0.00	2024-07-20 10:46:33-05	active	frequently	1	3
35	2024-07-20 10:46:33.907939-05	2024-09-04 20:44:27.423019-05	beatriz	CC	42006383	Maria Del Socorro	Duque Valencia	3124081665	Sin registro	0	0	0	150000	1	10000	0.00	2024-07-20 10:46:33-05	active	frequently	1	3
15	2024-07-20 10:46:33.697265-05	2024-09-04 20:54:00.276968-05	beatriz	CC	965792	Raul	Castañeda	3234551017	Sin registro	0	0	0	150000	1	10000	0.00	2024-07-20 10:46:33-05	active	frequently	1	3
4	2024-07-20 10:46:33.582859-05	2024-09-04 20:58:27.585282-05	beatriz	CC	0	Jose Alexander	Echeverry	0	San José	0	0	0	150000	1	12000	0.00	2024-07-20 10:46:33-05	active	frequently	1	3
28	2024-07-20 10:46:33.835094-05	2024-09-04 21:04:04.137964-05	beatriz	CC	24389860	Dorey	Leon	3122149058	Sin registro	0	0	0	150000	1	0	0.00	2024-07-20 10:46:33-05	active	frequently	1	3
26	2024-07-20 10:46:33.80291-05	2024-09-04 21:15:43.402835-05	beatriz	CC	10001205	Marcos	Munera	3128219607	Sin registro	0	0	0	150000	1	0	0.00	2024-07-20 10:46:33-05	suspended	frequently	1	3
37	2024-07-20 10:46:33.918018-05	2024-09-05 18:54:24.767359-05	beatriz	CC	10265572	Martiniano	Munera	3142725003	Sin registro	0	0	0	150000	1	10000	0.00	2024-07-20 10:46:33-05	active	annual	1	3
20	2024-07-20 10:46:33.736227-05	2024-09-05 18:57:36.268416-05	beatriz	CC	25248222	Otilia	Cardona	3136981962	Sin registro	0	0	0	150000	1	13000	0.00	2024-07-20 10:46:33-05	active	frequently	1	3
27	2024-07-20 10:46:33.824913-05	2024-07-20 12:02:28.777062-05	beatriz	CC	1054916652	Carlos Emilio	Sanchez	3113695067	Sin registro	0	0	0	150000	1	10000	0.00	2024-07-20 10:46:33-05	active	frequently	1	3
98	2024-07-20 10:46:34.548119-05	2024-11-05 17:20:59.800111-05	beatriz	CC	72227363	Mauricio	Vargas	3118563550	Sin registro	0	0	0	150000	1	15000	0.00	2024-07-20 10:46:34-05	active	frequently	1	3
34	2024-07-20 10:46:33.896726-05	2024-07-20 12:03:47.494575-05	beatriz	CC	14549707	Hector	Ortiz	3122830943	Sin registro	0	0	0	150000	1	10000	0.00	2024-07-20 10:46:33-05	active	frequently	1	3
40	2024-07-20 10:46:33.959595-05	2025-01-02 19:02:32.478151-05	beatriz	CC	42084078	Adriana Patricia	Sierra	3154956428	Azulita	0	0	0	150000	1	12000	0.00	2024-07-20 10:46:33-05	active	frequently	1	3
46	2024-07-20 10:46:34.0224-05	2024-03-08 15:02:36.084543-05	beatriz	CC	\N	William	Ortiz	3217435973	Sin registro	0	0	0	150000	1	10000	0.00	2024-07-20 10:46:34-05	active	annual	1	3
38	2024-07-20 10:46:33.936607-05	2024-07-20 12:04:35.781265-05	beatriz	CC	0	Antonio	Orozco	0	Sin registro	0	0	0	150000	1	22000	0.00	2024-07-20 10:46:33-05	active	frequently	1	3
19	2024-07-20 10:46:33.736227-05	2024-07-20 12:05:25.176549-05	beatriz	CC	0	Jesus	Patiño	3207515054	Sin registro	0	0	0	150000	1	12000	0.00	2024-07-20 10:46:33-05	active	frequently	1	3
33	2024-07-20 10:46:33.887728-05	2024-07-20 12:06:19.683441-05	beatriz	CC	0	Marina	Rivera	3147126155	Sin registro	0	0	0	150000	1	10000	0.00	2024-07-20 10:46:33-05	active	frequently	1	3
47	2024-07-20 10:46:34.031393-05	2024-07-20 12:06:37.189734-05	beatriz	CC	9993265	Duvan	Rios	3107973385	Sin registro	0	0	0	150000	1	10000	0.00	2024-07-20 10:46:34-05	active	frequently	1	3
49	2024-07-20 10:46:34.051664-05	2024-07-20 12:06:55.882033-05	beatriz	CC	9992138	Edelberto	Rios	32045096232	Sin registro	0	0	0	150000	1	10000	0.00	2024-07-20 10:46:34-05	active	frequently	1	3
8	2024-07-20 10:46:33.625446-05	2024-07-20 12:08:29.929073-05	beatriz	CC	0	Anuar	Sanchez	3116293810	Sin registro	0	0	0	150000	1	0	0.00	2024-07-20 10:46:33-05	suspended	frequently	1	3
41	2024-07-20 10:46:33.969749-05	2024-07-20 12:08:58.409897-05	beatriz	CC	0	David	Sanchez	3122437089	Sin registro	0	0	0	150000	1	10000	0.00	2024-07-20 10:46:33-05	active	frequently	1	3
42	2024-07-20 10:46:33.979742-05	2024-07-20 12:09:27.989449-05	beatriz	CC	75035729	Carlos	Sanchez	3127737349	Sin registro	0	0	0	150000	1	10000	0.00	2024-07-20 10:46:33-05	active	frequently	1	3
6	2024-07-20 10:46:33.602495-05	2024-07-20 12:13:33.650267-05	beatriz	CC	4453584	Ricardo	Velasquez	3216462736	Sin registro	0	0	0	150000	1	12000	0.00	2024-07-20 10:46:33-05	active	frequently	1	3
7	2024-07-20 10:46:33.602495-05	2024-07-20 12:13:55.953127-05	beatriz	CC	\N	Luis Alberto	Velasquez	3206568747	Sin registro	0	0	0	150000	1	12000	0.00	2024-07-20 10:46:33-05	active	frequently	1	3
48	2024-07-20 10:46:34.042486-05	2024-07-20 12:14:50.648592-05	beatriz	CC	9921236	Absalon	Valencia	3016794259	Sin registro	0	0	0	150000	1	12000	0.00	2024-07-20 10:46:34-05	active	frequently	1	3
21	2024-07-20 10:46:33.759087-05	2024-07-20 12:15:42.342514-05	beatriz	CC	0	Andrea	Zapata	3138964155	Sin registro	0	0	0	150000	1	0	0.00	2024-07-20 10:46:33-05	active	frequently	1	3
29	2024-07-20 10:46:33.846087-05	2024-07-20 12:25:06.238449-05	beatriz	CC	0	Jose Ignacio	Chavez	0	Sin registro	0	0	0	150000	1	15000	0.00	2024-07-20 10:46:33-05	active	frequently	1	3
39	2024-07-20 10:46:33.936607-05	2024-07-20 12:28:13.260886-05	beatriz	CC	\N	Juan Carlos	Alvarez	3117892884	Sin registro	0	0	0	150000	1	12000	0.00	2024-07-20 10:46:33-05	active	annual	1	2
51	2024-07-20 10:46:34.070418-05	2024-07-20 10:46:34.070418-05	\N	CC		Guillermo	Cifuentes		Null	0	0	0	150000	1	0	0.00	2024-07-20 10:46:34.070418-05	active	frequently	1	3
65	2024-07-20 10:46:34.221869-05	2024-07-20 10:46:34.221869-05	\N	CC	4561368	Pedro	Carvajal	3127576684	Null	0	0	0	150000	1	0	0.00	2024-07-20 10:46:34.224868-05	active	frequently	1	3
83	2024-07-20 10:46:34.395852-05	2024-07-20 10:46:34.395852-05	\N	CC		Nelson	Orozco		Null	0	0	0	150000	1	0	0.00	2024-07-20 10:46:34.39885-05	active	frequently	1	3
78	2024-07-20 10:46:34.348181-05	2024-07-20 10:55:17.405358-05	beatriz	CC	25249112	Berenice	Alvarez	3122830943	Sin Registro	0	0	0	150000	1	12000	0.00	2024-07-20 10:46:34-05	active	frequently	1	3
81	2024-07-20 10:46:34.371063-05	2024-07-20 19:42:00.98889-05	beatriz	CC	71993020	Kevin Alberto	Alvarez	3123285866	Sin Registro	0	0	0	150000	1	13000	0.00	2024-07-20 10:46:34-05	active	annual	1	3
84	2024-07-20 10:46:34.404978-05	2024-07-20 11:03:06.604403-05	beatriz	CC	\N	Maria Liliana	Arias	0	Sin Registro	0	0	0	150000	1	0	0.00	2024-07-20 10:46:34-05	active	frequently	1	3
70	2024-07-20 10:46:34.252147-05	2024-07-20 11:04:07.092136-05	beatriz	CC	0	Alirio	Agudelo	3193542537	Sin Registro	0	0	0	150000	1	12000	0.00	2024-07-20 10:46:34-05	active	frequently	1	3
58	2024-07-20 10:46:34.136994-05	2024-07-20 11:12:45.685872-05	beatriz	CC	\N	Cesar	Cañas	3127286770	Sin Registro	0	0	0	150000	1	12000	0.00	2024-07-20 10:46:34-05	active	annual	1	3
59	2024-07-20 10:46:34.158138-05	2024-07-20 11:13:44.316708-05	beatriz	CC	9992158	Heriberto	Cañas	3217489116	Sin Registro	0	0	0	150000	1	10000	0.00	2024-07-20 10:46:34-05	active	frequently	1	3
71	2024-07-20 10:46:34.270875-05	2024-07-20 11:14:20.362827-05	beatriz	CC	75038959	Carlos	Cañas	3225122660	Sin registro	0	0	0	150000	1	10000	0.00	2024-07-20 10:46:34-05	active	frequently	1	3
86	2024-07-20 10:46:34.419139-05	2024-07-20 11:19:21.344363-05	beatriz	CC	\N	Maria Edilia	Florez	0	Sin registro	0	0	0	150000	1	10000	0.00	2024-07-20 10:46:34-05	active	frequently	1	3
68	2024-07-20 10:46:34.247945-05	2024-07-20 11:22:25.289832-05	beatriz	CC	0	Eliecer	Castañeda	0	Sin registro	0	0	0	150000	1	12000	0.00	2024-07-20 10:46:34-05	active	frequently	1	3
69	2024-07-20 10:46:34.252147-05	2024-07-20 11:23:15.512071-05	beatriz	CC	75036440	Eliberto	Castañeda	3113355072	Sin registro	0	0	0	150000	1	12000	0.00	2024-07-20 10:46:34-05	active	frequently	1	3
72	2024-07-20 10:46:34.288013-05	2024-07-20 11:23:54.448903-05	beatriz	CC	0	Gloria	Cortez Mina	0	Sin registro	0	0	0	150000	1	10000	0.00	2024-07-20 10:46:34-05	active	annual	1	3
77	2024-07-20 10:46:34.339187-05	2024-07-20 11:24:21.463269-05	beatriz	CC	0	Alirio	Castañeda	0	Sin registro	0	0	0	150000	1	12000	0.00	2024-07-20 10:46:34-05	active	frequently	1	3
76	2024-07-20 10:46:34.32977-05	2024-07-20 11:28:07.053562-05	beatriz	CC	9990973	Rodrigo	Bedoya	3105996814	Sin registro	0	0	0	150000	1	12000	0.00	2024-07-20 10:46:34-05	active	frequently	1	3
57	2024-07-20 10:46:34.136994-05	2024-07-20 11:40:19.934109-05	beatriz	CC	\N	Wilmer	Grajales	3206954031	Sin registro	0	0	0	150000	1	5000	0.00	2024-07-20 10:46:34-05	active	frequently	1	3
95	2024-07-20 10:46:34.514231-05	2024-07-20 11:41:10.145427-05	beatriz	CC	0	Emilse	Grajales	0	Sin registro	0	0	0	150000	1	0	0.00	2024-07-20 10:46:34-05	active	frequently	1	2
52	2024-07-20 10:46:34.070418-05	2024-07-20 11:48:30.060277-05	beatriz	CC	0	Yolanda	Gutierrez	3148667118	Sin registro	0	0	0	150000	1	12000	0.00	2024-07-20 10:46:34-05	active	frequently	1	3
74	2024-07-20 10:46:34.309784-05	2024-07-20 11:49:33.85494-05	beatriz	CC	0	Pablo Emilio	Gallego	3206153161	Sin registro	0	0	0	150000	1	10000	0.00	2024-07-20 10:46:34-05	active	frequently	1	3
61	2024-07-20 10:46:34.178158-05	2024-07-20 11:51:44.601778-05	beatriz	CC	0	Nely	Herrera	3117117876	Sin registro	0	0	0	150000	1	12000	0.00	2024-07-20 10:46:34-05	active	frequently	1	3
64	2024-07-20 10:46:34.204137-05	2024-07-20 11:54:11.767212-05	beatriz	CC	0	Marcela	Leon	0	Sin registro	0	0	0	150000	1	10000	0.00	2024-07-20 10:46:34-05	active	frequently	1	3
73	2024-07-20 10:46:34.297004-05	2024-07-20 12:01:26.402789-05	beatriz	CC	0	Alirio	Maldonado	3146457791	Sin registro	0	0	0	150000	1	25000	0.00	2024-07-20 10:46:34-05	active	annual	1	3
54	2024-07-20 10:46:34.105341-05	2024-07-20 12:01:52.076029-05	beatriz	CC	105775216	Orlando	Naranjo	0	Sin registro	0	0	0	150000	1	12000	0.00	2024-07-20 10:46:34-05	active	frequently	1	3
62	2024-07-20 10:46:34.185255-05	2024-07-20 12:03:16.787848-05	beatriz	CC	0	Arbey	Osorio	3113114177	Sin registro	0	0	0	150000	1	10000	0.00	2024-07-20 10:46:34-05	suspended	frequently	1	3
75	2024-07-20 10:46:34.319776-05	2024-07-20 12:07:10.084762-05	beatriz	CC	29328134	Nelly	Rios	3127069933	Sin registro	0	0	0	150000	1	12000	0.00	2024-07-20 10:46:34-05	active	frequently	1	3
53	2024-07-20 10:46:34.095195-05	2024-07-20 12:07:27.78217-05	beatriz	CC	0	Edilberto	Restrepo	0	Sin registro	0	0	0	150000	1	10000	0.00	2024-07-20 10:46:34-05	active	frequently	1	3
85	2024-07-20 10:46:34.413971-05	2024-07-20 12:08:08.815026-05	beatriz	CC	13889920	Mario	Raigoza	3204065148	Sin registro	0	0	0	150000	1	15000	0.00	2024-07-20 10:46:34-05	active	annual	1	3
56	2024-07-20 10:46:34.118432-05	2024-07-20 12:14:20.473437-05	beatriz	CC	4451989	Ariel	Velasquez	3216164566	Sin registro	0	0	0	150000	1	12000	0.00	2024-07-20 10:46:34-05	active	frequently	1	3
55	2024-07-20 10:46:34.115338-05	2024-07-20 12:15:09.424338-05	beatriz	CC	9870993	Jairo	Valencia	3006658671	Sin registro	0	0	0	150000	1	12000	0.00	2024-07-20 10:46:34-05	suspended	frequently	1	3
66	2024-07-20 10:46:34.230866-05	2024-07-20 12:17:21.567797-05	beatriz	CC	0	Diego	Zapata	3104695814	Sin registro	0	0	0	150000	1	15000	0.00	2024-07-20 10:46:34-05	active	annual	1	3
63	2024-07-20 10:46:34.185255-05	2024-07-20 12:17:57.232477-05	beatriz	CC	0	Luz	Grajales	0	Sin registro	0	0	0	150000	1	10000	0.00	2024-07-20 10:46:34-05	active	frequently	1	3
93	2024-07-20 10:46:34.494251-05	2024-07-20 12:50:02.167376-05	beatriz	CC	0	Elias	Arango	3217907410	Sin registro	0	0	0	150000	1	10000	0.00	2024-07-20 10:46:34-05	active	frequently	1	2
88	2024-07-20 10:46:34.43774-05	2024-07-20 12:54:25.863265-05	beatriz	CC	4547969	Nolberto	Alvarez	3148677770	Sin registro	0	0	0	150000	1	15000	0.00	2024-07-20 10:46:34-05	active	frequently	1	2
96	2024-07-20 10:46:34.526131-05	2024-07-20 13:01:05.745409-05	beatriz	CC	9920287	Faber	Cifuentes	3128468449	Sin registro	0	0	0	150000	1	12000	0.00	2024-07-20 10:46:34-05	active	frequently	1	2
90	2024-07-20 10:46:34.461724-05	2024-07-20 13:27:27.722223-05	beatriz	CC	0	Carmen	Lopez	0	Sin registro	0	0	0	150000	1	10000	0.00	2024-07-20 10:46:34-05	active	annual	1	2
97	2024-07-20 10:46:34.537102-05	2024-07-20 13:28:47.270419-05	beatriz	CC	9924117	Silvio	Lopez	3103512435	Sin registro	0	0	0	150000	1	12000	0.00	2024-07-20 10:46:34-05	active	frequently	1	2
87	2024-07-20 10:46:34.419139-05	2024-07-20 13:40:26.503943-05	beatriz	CC	0	Edith	Osorio	3233014054	Sin registro	0	0	0	150000	1	10000	0.00	2024-07-20 10:46:34-05	active	frequently	1	2
89	2024-07-20 10:46:34.43774-05	2024-07-20 13:41:32.40594-05	beatriz	CC	9992873	Herasmo	Romero (casa)	3209302837	Sin registro	0	0	0	150000	1	10000	0.00	2024-07-20 10:46:34-05	active	annual	1	2
105	2024-07-20 10:46:34.62337-05	2024-07-20 12:53:18.691418-05	beatriz	CC	15927451	Augusto	Acevedo	3116547364	Sin registro	0	0	0	150000	1	15000	0.00	2024-07-20 10:46:34-05	active	frequently	1	2
109	2024-07-20 10:46:34.672097-05	2024-07-20 12:55:36.959155-05	beatriz	CC	9993151	Ibaner	Bermudez	3148611760	Sin registro	0	0	0	150000	1	10000	0.00	2024-07-20 10:46:34-05	active	frequently	1	2
113	2024-07-20 10:46:34.721807-05	2024-07-20 12:56:03.450731-05	beatriz	CC	25249580	Adriana	Bermudez	3117442265	Sin registro	0	0	0	150000	1	10000	0.00	2024-07-20 10:46:34-05	active	annual	1	2
114	2024-07-20 10:46:34.721807-05	2024-07-20 12:56:32.366533-05	beatriz	CC	9921457	Juan Angel	Bermudez	3104068880	Sin registro	0	0	0	150000	1	10000	0.00	2024-07-20 10:46:34-05	active	annual	1	2
115	2024-07-20 10:46:34.746037-05	2024-07-20 12:57:00.88247-05	beatriz	CC	4547817	James	Bermudez	3123809053	Sin registro	0	0	0	150000	1	10000	0.00	2024-07-20 10:46:34-05	active	frequently	1	2
120	2024-07-20 10:46:34.786656-05	2024-07-20 12:57:22.164447-05	beatriz	CC	1061371798	Alejandro	Bermudez	3127941780	Sin registro	0	0	0	150000	1	10000	0.00	2024-07-20 10:46:34-05	active	frequently	1	2
117	2024-07-20 10:46:34.768278-05	2024-07-20 12:57:51.963646-05	beatriz	CC	9990938	Jose Luis	Bermudez	3148074000	Sin registro	0	0	0	150000	1	12000	0.00	2024-07-20 10:46:34-05	active	frequently	1	2
121	2024-07-20 10:46:34.805981-05	2024-07-20 12:59:48.561332-05	beatriz	CC	\N	Heriberto	Bermudez	consultar	Sin registro	0	0	0	150000	1	10000	0.00	2024-07-20 10:46:34-05	active	annual	1	2
122	2024-07-20 10:46:34.823167-05	2024-07-20 13:00:17.393242-05	beatriz	CC	0	Jorge	Betancurt	consultar	Sin registro	0	0	0	150000	1	5000	0.00	2024-07-20 10:46:34-05	active	frequently	1	2
99	2024-07-20 10:46:34.559114-05	2024-07-20 13:01:38.594237-05	beatriz	CC	75038848	Alvaro	Castañeda	3122129417	Sin registro	0	0	0	150000	1	10000	0.00	2024-07-20 10:46:34-05	active	frequently	1	3
104	2024-07-20 10:46:34.612377-05	2024-04-26 18:28:22.594734-05	beatriz	CC	9920844	Edilia	Cañas	3216854720	Sin registro	0	0	0	150000	1	10000	0.00	2024-07-20 10:46:34-05	active	frequently	1	3
123	2024-07-20 10:46:34.832158-05	2024-07-20 13:06:02.608992-05	beatriz	CC	25076843	Nelly	Cañas	3044453747	Sin registro	0	0	0	150000	1	10000	0.00	2024-07-20 10:46:34-05	active	frequently	1	3
125	2024-07-20 10:46:34.852373-05	2024-07-20 13:07:37.678165-05	beatriz	CC	9920844	Oscar	Cañas	3128071385	Sin registro	0	0	0	150000	1	10000	0.00	2024-07-20 10:46:34-05	active	frequently	1	3
126	2024-07-20 10:46:34.853425-05	2024-07-20 13:08:07.876302-05	beatriz	CC	24385700	Erminia	Cardenas	3148074000	Sin registro	0	0	0	150000	1	10000	0.00	2024-07-20 10:46:34-05	active	annual	1	2
127	2024-07-20 10:46:34.872295-05	2024-07-20 13:08:31.631521-05	beatriz	CC	0	Wilmar	Cañas	3136610989	Sin registro	0	0	0	150000	1	5000	0.00	2024-07-20 10:46:34-05	active	frequently	1	2
128	2024-07-20 10:46:34.890344-05	2024-07-20 13:08:54.21461-05	beatriz	CC	4588126	Fernando	Cardona	3136719055	Sin registro	0	0	0	150000	1	12000	0.00	2024-07-20 10:46:34-05	active	annual	1	2
129	2024-07-20 10:46:34.899338-05	2024-07-20 13:10:13.503944-05	beatriz	CC	42162550	Irma	Duque	3225626883	Sin registro	0	0	0	150000	1	10000	0.00	2024-07-20 10:46:34-05	active	frequently	1	2
130	2024-07-20 10:46:34.909307-05	2024-07-20 13:10:31.401725-05	beatriz	CC	9993487	Abelardo	Duque	3127232379	Sin registro	0	0	0	150000	1	12000	0.00	2024-07-20 10:46:34-05	active	frequently	1	2
107	2024-07-20 10:46:34.643361-05	2024-07-20 13:12:43.584739-05	beatriz	CC	25248028	Luz Enit	Galviz	3137215364	Sin registro	0	0	0	150000	1	10000	0.00	2024-07-20 10:46:34-05	active	frequently	1	2
108	2024-07-20 10:46:34.653725-05	2024-07-20 13:13:05.283805-05	beatriz	CC	9923604	Evelio	Gaviria	3103784832	Sin	0	0	0	150000	1	12000	0.00	2024-07-20 10:46:34-05	active	frequently	1	2
110	2024-07-20 10:46:34.673063-05	2024-07-20 13:13:39.595165-05	beatriz	CC	4550980	Napoleon	Gomez	3117832841	Sin Registro	0	0	0	150000	1	10000	0.00	2024-07-20 10:46:34-05	active	frequently	1	2
132	2024-07-20 10:46:34.920418-05	2024-07-20 13:14:45.694966-05	beatriz	CC	0	Fabio	Grajales	0	Sin registro	0	0	0	150000	1	10000	0.00	2024-07-20 10:46:34-05	active	frequently	1	2
133	2024-07-20 10:46:34.938986-05	2024-07-20 13:15:18.804644-05	beatriz	CC	24398650	Diana Lucia	Grajales	3115486421	Sin registro	0	0	0	150000	1	0	0.00	2024-07-20 10:46:34-05	active	frequently	1	2
134	2024-07-20 10:46:34.938986-05	2024-07-20 13:16:04.526165-05	beatriz	CC	4551508	Hernando	Grajales	3127432833	Sin registro	0	0	0	150000	1	10000	0.00	2024-07-20 10:46:34-05	active	annual	1	2
135	2024-07-20 10:46:34.958836-05	2024-07-20 13:20:12.602196-05	beatriz	CC	0	Omar	Giraldo	3207995885	Sin registro	0	0	0	150000	1	12000	0.00	2024-07-20 10:46:34-05	active	frequently	1	2
119	2024-07-20 10:46:34.786656-05	2024-07-20 13:26:19.333722-05	beatriz	CC	4601506	Alirio	Jaramillo	3207555756	Null	0	0	0	150000	1	12000	0.00	2024-07-20 10:46:34-05	active	frequently	1	2
139	2024-07-20 10:46:34.988342-05	2024-07-20 13:29:06.829529-05	beatriz	CC	4551522	Angel	Lopez	0	Sin registro	0	0	0	150000	1	0	0.00	2024-07-20 10:46:34-05	active	frequently	1	2
140	2024-07-20 10:46:35.005928-05	2024-07-20 13:29:27.794167-05	beatriz	CC	4550469	Carlos	Lopez	3145431717	Sin registro	0	0	0	150000	1	10000	0.00	2024-07-20 10:46:35-05	active	frequently	1	2
131	2024-07-20 10:46:34.917303-05	2024-11-05 17:22:32.47856-05	beatriz	CC	0	Eliecer	Garcia	0	Sin Registro	0	0	0	150000	1	5000	0.00	2024-07-20 10:46:34-05	active	frequently	1	2
111	2024-07-20 10:46:34.698336-05	2024-11-05 19:27:18.998169-05	beatriz	CC	7503772	Salomon	Bermudez	31920337116	Sin registro	0	0	0	150000	1	12000	0.00	2024-07-20 10:46:34-05	active	annual	1	2
92	2024-07-20 10:46:34.484255-05	2024-11-05 20:00:05.327891-05	beatriz	CC	9924310	Dario	Lopez	3002352411	Sin registro	0	0	0	150000	1	12000	0.00	2024-07-20 10:46:34-05	active	annual	1	3
141	2024-07-20 10:46:35.005928-05	2024-07-20 13:30:49.462425-05	beatriz	CC	0	Manuel Salvador	Londoño	3022760481	Sin registro	0	0	0	150000	1	10000	0.00	2024-07-20 10:46:35-05	active	frequently	1	2
142	2024-07-20 10:46:35.0266-05	2024-07-20 13:33:09.565787-05	beatriz	CC	42116988	Martha	Murillo	3216414727	Finca el Balcón	0	0	0	150000	1	35000	0.00	2024-07-20 10:46:35-05	active	frequently	1	2
101	2024-07-20 10:46:34.5791-05	2024-07-20 13:34:36.109634-05	beatriz	CC	10130917	Rosalba	Buriticá	3108496884	Sin registro	0	0	0	150000	1	12000	0.00	2024-07-20 10:46:34-05	active	annual	1	3
118	2024-07-20 10:46:34.778624-05	2024-07-20 13:36:40.257988-05	beatriz	CC	94280167	Jorge Alonso	Murillo	3137752397	Finca Limonar	0	0	0	150000	1	12000	0.00	2024-07-20 10:46:34-05	active	annual	1	3
137	2024-07-20 10:46:34.978143-05	2024-07-20 13:37:45.490866-05	beatriz	CC	4551056	Gustavo	Obando	3128884171	Sin registro	0	0	0	150000	1	12000	0.00	2024-07-20 10:46:34-05	active	frequently	1	2
106	2024-07-20 10:46:34.632365-05	2024-07-20 13:38:14.60733-05	beatriz	CC	70726817	Luis Alberto	Orozco	3104460604	Sin registro	0	0	0	150000	1	15000	0.00	2024-07-20 10:46:34-05	active	annual	1	3
112	2024-07-20 10:46:34.710211-05	2024-07-20 13:38:58.77163-05	beatriz	CC	4343329	Oscar	Orozco	3137677623	Sin registro	0	0	0	150000	1	10000	0.00	2024-07-20 10:46:34-05	active	frequently	1	2
103	2024-07-20 10:46:34.600311-05	2024-07-20 14:12:57.711203-05	beatriz	CC	9922429	Ivan	Yepez	3115780660	Sin registro	0	0	0	150000	1	23000	0.00	2024-07-20 10:46:34-05	active	frequently	1	3
80	2024-07-20 10:46:34.366663-05	2024-07-20 11:24:49.073373-05	beatriz	CC	0	Ramiro	Castañeda	3122127249	Sin registro	0	0	0	150000	1	10000	0.00	2024-07-20 10:46:34-05	active	frequently	1	3
153	2024-07-20 10:46:35.12069-05	2024-07-20 13:09:43.303486-05	beatriz	CC	0	Manuel Salvador	Osorio	0	Sin registro	0	0	0	150000	1	10000	0.00	2024-07-20 10:46:35-05	active	frequently	1	2
136	2024-07-20 10:46:34.96783-05	2024-07-20 13:25:49.935603-05	beatriz	CC	11252703	Obernez	Hernandez	3015035168	Sin registro	0	0	0	150000	1	10000	0.00	2024-07-20 10:46:34-05	active	frequently	1	2
143	2024-07-20 10:46:35.034594-05	2024-07-20 13:34:09.833668-05	beatriz	CC	4390806	Jesus	Monsalve	3113890485	Sin registro	0	0	0	150000	1	10000	0.00	2024-07-20 10:46:35-05	active	frequently	1	2
145	2024-07-20 10:46:35.053893-05	2024-07-20 13:40:46.150081-05	beatriz	CC	24392808	Luzdary	Perez	3104345703	Sin registro	0	0	0	150000	1	10000	0.00	2024-07-20 10:46:35-05	active	frequently	1	3
146	2024-07-20 10:46:35.053893-05	2024-07-20 13:44:40.863436-05	beatriz	CC	1087486658	Maria	Ramirez	3215664994	Sin registro	0	0	0	150000	1	12000	0.00	2024-07-20 10:46:35-05	active	frequently	1	2
147	2024-07-20 10:46:35.072656-05	2024-07-20 13:45:22.456122-05	beatriz	CC	9764208	Juan Carlos	Restrepo	3117555285	Si registro	0	0	0	150000	1	12000	0.00	2024-07-20 10:46:35-05	active	annual	1	3
149	2024-07-20 10:46:35.093432-05	2024-07-20 13:47:54.185299-05	beatriz	CC	4385065	Gonzalo	Tuberqui	3117338893	Sin registro	0	0	0	150000	1	12000	50000.00	2024-07-20 10:46:35-05	active	annual	1	3
152	2024-07-20 10:46:35.12069-05	2024-07-20 14:15:20.46688-05	beatriz	CC	25248461	Cenaida	Zapata	3205127857	Sin registro	0	0	0	150000	1	10000	0.00	2024-07-20 10:46:35-05	active	frequently	1	2
156	2024-07-20 10:46:35.161304-05	2024-07-20 14:16:58.903474-05	beatriz	CC	0	Gerardo	Agudelo	3128444923	Sin registro	0	0	0	150000	1	10000	0.00	2024-07-20 10:46:35-05	active	frequently	1	1
162	2024-07-20 10:46:35.222084-05	2024-07-20 14:17:24.380572-05	beatriz	CC	25076238	Lilia	Bedoya	3008357196	Sin registro	0	0	0	150000	1	10000	0.00	2024-07-20 10:46:35-05	active	frequently	1	1
165	2024-07-20 10:46:35.252203-05	2024-07-20 14:17:45.440805-05	beatriz	CC	0	Luis Angel	Bedoya	3002881263	Sin registro	0	0	0	150000	1	12000	0.00	2024-07-20 10:46:35-05	active	frequently	1	1
175	2024-07-20 10:46:35.358705-05	2024-07-20 14:18:05.424309-05	beatriz	CC	25078637	Marta Lucia	Bermudez	3127974717	Null	0	0	0	150000	1	0	0.00	2024-07-20 10:46:35-05	active	frequently	1	1
155	2024-07-20 10:46:35.139448-05	2024-07-20 14:18:24.751038-05	beatriz	CC	25077991	Aracely	Cañaveral	3143607069	Null	0	0	0	150000	1	10000	0.00	2024-07-20 10:46:35-05	active	frequently	1	1
168	2024-07-20 10:46:35.273016-05	2024-07-20 14:18:48.571693-05	beatriz	CC	0	Lucila	Cañaveral	0	Sin registro	0	0	0	150000	1	10000	0.00	2024-07-20 10:46:35-05	active	frequently	1	1
176	2024-07-20 10:46:35.3687-05	2024-07-20 14:19:11.010921-05	beatriz	CC	4550743	Albeiro	Cañaveral	3117105293	Sin registro	0	0	0	150000	1	12000	0.00	2024-07-20 10:46:35-05	active	frequently	1	1
174	2024-07-20 10:46:35.339805-05	2024-07-20 14:20:14.40503-05	beatriz	CC	0	Daniel	Cano	3208015169	Sin registro	0	0	0	150000	1	12000	0.00	2024-07-20 10:46:35-05	active	annual	1	1
178	2024-07-20 10:46:35.387971-05	2024-07-20 14:20:35.478309-05	beatriz	CC	0	Juan Manuel	Cardona	3244571514	Sin registro	0	0	0	150000	1	5000	0.00	2024-07-20 10:46:35-05	active	annual	1	1
180	2024-07-20 10:46:35.406795-05	2024-07-20 14:21:03.750094-05	beatriz	CC	71314550	Javier Alexander	Espinoza	3006180718	Sin registro	0	0	0	150000	1	10000	0.00	2024-07-20 10:46:35-05	active	frequently	1	1
166	2024-07-20 10:46:35.254394-05	2024-07-20 14:21:38.659494-05	beatriz	CC	0	Alirio	Florez	0	Sin registro	0	0	0	150000	1	12000	0.00	2024-07-20 10:46:35-05	active	frequently	1	1
172	2024-07-20 10:46:35.321152-05	2024-07-20 14:22:04.559715-05	beatriz	CC	0	Albeiro	Florez	3145447887	Sini registro	0	0	0	150000	1	12000	0.00	2024-07-20 10:46:35-05	active	frequently	1	1
164	2024-07-20 10:46:35.24221-05	2024-07-20 14:22:54.699766-05	beatriz	CC	9923323	Aldemar	Garcia	3187373677	Sin registro	0	0	0	150000	1	12000	0.00	2024-07-20 10:46:35-05	active	frequently	1	1
157	2024-07-20 10:46:35.1693-05	2024-07-20 14:25:59.416766-05	beatriz	CC	1383170	Dario	Hincapie	3128501231	Sin registro	0	0	0	150000	1	10000	0.00	2024-07-20 10:46:35-05	active	frequently	1	1
169	2024-07-20 10:46:35.295875-05	2024-07-20 14:26:32.99135-05	beatriz	CC	10122897	Carlos Hector	Hincapie	3128501231	Sin registro	0	0	0	150000	1	15000	0.00	2024-07-20 10:46:35-05	active	frequently	1	1
167	2024-07-20 10:46:35.273016-05	2024-07-20 14:27:21.051763-05	beatriz	CC	0	Doly	Martinez	0	Sin registro	0	0	0	150000	1	10000	0.00	2024-07-20 10:46:35-05	active	frequently	1	1
158	2024-07-20 10:46:35.179385-05	2024-07-20 14:28:01.709112-05	beatriz	CC	0	Lilia	Ospina	3128501231	Sin registro	0	0	0	150000	1	10000	0.00	2024-07-20 10:46:35-05	active	frequently	1	1
144	2024-07-20 10:46:35.044724-05	2024-09-04 22:19:57.741393-05	beatriz	CC	10021922	Miguel Angel	Muñoz	3127381737	Sin registro	0	0	0	150000	1	5000	0.00	2024-07-20 10:46:35-05	active	frequently	1	2
170	2024-07-20 10:46:35.305997-05	2024-07-20 14:28:40.63058-05	beatriz	CC	0	Miguel Angel	Quintero	3223423329	Sin Registro	0	0	0	150000	1	12000	0.00	2024-07-20 10:46:35-05	active	frequently	1	1
160	2024-07-20 10:46:35.195557-05	2024-07-20 14:29:08.259975-05	beatriz	CC	0	Juan David	Reyes	31381103852	Sin Registro	0	0	0	150000	1	12000	0.00	2024-07-20 10:46:35-05	active	frequently	1	1
163	2024-07-20 10:46:35.232076-05	2024-04-26 19:01:33.802438-05	beatriz	CC	0	Danober	Rodas	3122884930	Sin registro	0	0	0	150000	1	15000	0.00	2024-07-20 10:46:35-05	active	annual	1	1
177	2024-07-20 10:46:35.37887-05	2024-07-20 14:32:02.105349-05	beatriz	CC	9923090	Fredy Jhovany	Rodriguez	3116046347	Sin registro	0	0	0	150000	1	10000	0.00	2024-07-20 10:46:35-05	active	frequently	1	1
138	2024-07-20 10:46:34.987138-05	2024-11-05 17:16:07.136184-05	beatriz	CC	0	Claudia	lopez	3023097548	Si registro	0	0	0	150000	1	10000	0.00	2024-07-20 10:46:34-05	active	frequently	1	2
150	2024-07-20 10:46:35.102425-05	2024-11-05 17:21:50.467581-05	beatriz	CC	25077430	Elvia	Velez	3137887986	Sin registro	0	0	0	150000	1	10000	0.00	2024-07-20 10:46:35-05	active	frequently	1	3
148	2024-07-20 10:46:35.072656-05	2024-11-08 09:45:33.214136-05	beatriz	CC	75098165	Andres	Jaramillo	3136516332	Sin registro	0	0	0	150000	1	15000	0.00	2024-07-20 10:46:35-05	active	annual	1	2
154	2024-07-20 10:46:35.139448-05	2024-07-20 14:32:21.260326-05	beatriz	CC	8100368	Nelson	Soto	3133187927	Sin registro	0	0	0	150000	1	10000	0.00	2024-07-20 10:46:35-05	active	frequently	1	1
171	2024-07-20 10:46:35.315987-05	2024-07-20 14:32:50.613707-05	beatriz	CC	0	Jose	Santa	0	Sin registro	0	0	0	150000	1	12000	0.00	2024-07-20 10:46:35-05	active	frequently	1	1
159	2024-07-20 10:46:35.187551-05	2024-07-20 14:34:06.284849-05	beatriz	CC	0	Edison	Barreiro	0	Sin registro	0	0	0	150000	1	12000	0.00	2024-07-20 10:46:35-05	active	frequently	1	1
161	2024-07-20 10:46:35.206533-05	2024-07-20 14:34:46.695249-05	beatriz	CC	0	Raul	Zapata	3105940932	Sin registro	0	0	0	150000	1	10000	0.00	2024-07-20 10:46:35-05	active	frequently	1	1
179	2024-07-20 10:46:35.387971-05	2024-07-20 14:35:29.686191-05	beatriz	CC	9923855	Gustavo	Zapata	3138571852	Sin registro	0	0	0	150000	1	10000	0.00	2024-07-20 10:46:35-05	active	frequently	1	1
79	2024-07-20 10:46:34.357669-05	2024-09-04 20:30:46.337478-05	beatriz	CC	\N	Roberto	Alvarez	3127777197	Sin Registro	0	0	0	150000	1	0	0.00	2024-07-20 10:46:34-05	active	frequently	1	3
60	2024-07-20 10:46:34.168136-05	2024-09-04 21:13:44.291161-05	beatriz	CC	4343483	Jhon Fredy	Lopez Castro	3157660959	Sin registro	0	0	0	150000	1	0	0.00	2024-07-20 10:46:34-05	active	frequently	1	3
82	2024-07-20 10:46:34.386858-05	2024-09-04 21:45:03.363601-05	beatriz	CC	1061368405	Sergio	Sanchez	3134523160	Sin registro	0	0	0	150000	1	5000	0.00	2024-07-20 10:46:34-05	active	frequently	1	3
102	2024-07-20 10:46:34.590962-05	2024-09-04 21:55:42.596027-05	beatriz	CC	0	Luis Eduardo	Alvarez	3165538108	Sin registro	0	0	0	150000	1	10000	0.00	2024-07-20 10:46:34-05	active	frequently	1	3
173	2024-07-20 10:46:35.321152-05	2024-11-05 15:50:47.292116-05	beatriz	CC	4551712	Diogenes	Galeano	3208662018	Sin registro	0	0	0	150000	1	12000	0.00	2024-07-20 10:46:35-05	active	annual	1	1
116	2024-07-20 10:46:34.758285-05	2024-11-05 16:37:25.189523-05	beatriz	CC	0	Manuel	Salvador Leon	3218732252	Sin registro	0	0	0	150000	1	12000	0.00	2024-07-20 10:46:34-05	active	frequently	1	3
124	2024-07-20 10:46:34.842375-05	2024-11-05 16:47:51.883606-05	beatriz	CC	consultar	Alberto	Calderon	0	Sin registro	0	0	0	150000	1	10000	0.00	2024-07-20 10:46:34-05	active	frequently	1	3
187	2024-09-04 21:26:31.486353-05	2024-11-05 18:18:47.524125-05	beatriz	CC	\N	Margarita	Leon	0	Sin registro	\N	0	0	200000	0	10000	0.00	\N	active	frequently	1	3
188	2024-11-05 18:28:05.45981-05	2024-11-05 18:30:38.561869-05	beatriz	CC	1061369074	ADRIANA	TORO	3122931270	Sin registro	\N	0	0	200000	0	10000	0.00	\N	active	annual	1	2
151	2024-07-20 10:46:35.112707-05	2024-11-08 09:29:59.552196-05	beatriz	CC	1116277793	Orlando	Velez	3104031292	Sin registro	0	0	0	150000	1	12000	0.00	2024-07-20 10:46:35-05	active	frequently	1	3
94	2024-07-20 10:46:34.505235-05	2025-01-02 17:54:01.223991-05	beatriz	CC	42992039	Maria Ruth	Velasquez	3116159706	Sin registro	0	0	0	150000	1	12000	0.00	2024-07-20 10:46:34-05	active	frequently	1	2
23	2024-07-20 10:46:33.779296-05	2025-01-02 18:05:11.778637-05	beatriz	CC	\N	Luz Mery	Alvarez	3229403991	Null	0	0	0	150000	1	10000	0.00	2024-07-20 10:46:33-05	active	frequently	1	3
\.


--
-- TOC entry 5228 (class 0 OID 76251)
-- Dependencies: 283
-- Data for Name: users_suscriber_affiliated_shares; Type: TABLE DATA; Schema: public; Owner: postgres
--

COPY public.users_suscriber_affiliated_shares (id, suscriber_id, actions_id) FROM stdin;
3	67	3
4	24	3
5	78	5
7	81	7
8	84	1
9	70	5
10	16	5
11	31	3
12	10	3
13	10	4
14	11	7
15	12	3
16	58	5
17	59	3
18	71	3
19	18	8
20	20	7
21	35	3
22	45	8
23	86	3
24	68	5
25	69	5
26	72	3
27	77	5
28	80	3
29	17	3
30	15	3
31	76	5
32	4	5
33	1	1
34	14	5
35	22	3
36	57	2
37	95	1
40	30	8
41	30	4
43	30	3
44	52	5
45	74	3
46	32	3
47	40	5
48	61	5
49	36	3
50	13	5
51	9	4
52	28	1
53	64	3
54	116	5
55	44	8
58	25	5
60	37	4
61	43	5
62	73	8
63	73	4
64	54	5
65	27	4
66	62	4
67	34	4
68	46	3
69	38	4
70	38	5
71	19	5
72	2	3
73	5	5
74	33	3
75	47	3
76	49	3
77	75	5
78	53	4
79	85	8
80	8	1
81	41	4
82	42	4
83	50	3
86	3	8
87	3	3
88	6	5
89	7	5
90	56	5
91	48	5
92	55	5
93	21	1
94	66	8
95	63	4
98	29	8
100	39	5
101	93	3
102	105	8
103	88	8
104	111	5
105	109	3
106	113	4
107	114	4
108	115	4
109	120	4
110	117	5
111	121	4
112	122	2
113	96	5
114	99	4
115	100	4
118	123	4
120	125	4
121	126	4
122	127	2
123	128	5
124	153	4
125	129	3
126	130	5
127	183	1
128	94	5
129	107	3
130	108	5
131	110	3
132	131	2
133	132	4
134	133	1
135	134	4
136	135	5
137	184	1
138	136	3
139	119	5
140	148	8
141	90	3
142	92	5
143	97	5
144	139	1
145	140	4
146	141	3
147	142	8
150	142	3
151	142	4
152	143	3
153	101	5
154	118	5
156	137	5
157	106	8
158	112	3
159	87	3
160	145	4
161	89	3
162	185	5
163	91	8
164	146	5
165	147	5
167	149	5
168	150	3
169	98	8
172	103	4
173	103	7
174	152	3
175	156	4
176	162	4
177	165	5
178	175	1
179	155	3
180	168	3
181	176	5
182	174	5
183	178	2
184	180	3
185	166	5
186	172	5
187	164	5
188	173	5
189	157	3
190	169	8
191	167	4
192	158	3
193	170	5
194	160	5
195	163	8
196	177	3
197	154	3
198	171	5
199	159	5
200	161	3
201	179	3
202	186	3
203	104	3
204	79	1
206	60	1
207	26	1
208	187	3
209	82	2
210	102	3
211	144	2
213	124	3
214	138	3
215	188	3
216	151	5
245	23	3
\.


--
-- TOC entry 5230 (class 0 OID 76255)
-- Dependencies: 285
-- Data for Name: users_suscriber_cost_action; Type: TABLE DATA; Schema: public; Owner: postgres
--

COPY public.users_suscriber_cost_action (id, suscriber_id, costactions_id) FROM stdin;
1	1	1
2	23	1
3	67	1
4	24	1
5	78	1
6	79	1
7	81	1
8	84	1
9	70	1
10	16	1
11	31	1
12	10	1
13	11	1
14	12	1
15	58	1
16	59	1
17	71	1
18	18	1
19	20	1
20	35	1
21	45	1
22	86	1
23	68	1
24	69	1
25	72	1
26	77	1
27	80	1
28	17	1
29	15	1
30	76	1
31	4	1
32	14	1
33	22	1
34	57	1
35	95	1
36	30	1
37	52	1
38	74	1
39	32	1
40	40	1
41	61	1
42	36	1
43	13	1
44	9	1
45	28	1
46	64	1
47	116	1
48	44	1
49	60	1
50	25	1
51	26	1
52	37	1
53	43	1
54	73	1
55	54	1
56	27	1
57	62	1
58	34	1
59	46	1
60	38	1
61	19	1
62	2	1
63	5	1
64	33	1
65	47	1
66	49	1
67	75	1
68	53	1
69	85	1
70	8	1
71	41	1
72	42	1
73	50	1
75	82	1
76	3	1
77	6	1
78	7	1
79	56	1
80	48	1
81	55	1
82	21	1
83	66	1
84	63	1
85	29	1
87	102	1
88	39	1
89	93	1
90	105	1
91	88	1
92	111	1
93	109	1
94	113	1
95	114	1
96	115	1
97	120	1
98	117	1
99	121	1
100	122	1
101	96	1
102	99	1
103	100	1
104	104	1
105	123	1
106	124	1
107	125	1
108	126	1
109	127	1
110	128	1
111	153	1
112	129	1
113	130	1
114	183	1
115	94	1
116	107	1
117	108	1
118	110	1
119	131	1
120	132	1
121	133	1
122	134	1
123	135	1
124	184	3
125	136	1
126	119	1
127	148	1
128	90	1
129	92	1
130	97	1
131	139	1
132	140	1
133	141	1
134	142	1
135	143	1
136	101	1
137	118	1
138	144	1
139	137	1
140	106	1
141	112	1
142	87	1
143	145	1
144	89	1
145	185	1
146	91	1
147	146	1
148	147	1
149	138	1
150	149	2
151	150	1
152	98	1
153	151	1
154	103	1
155	152	1
156	156	1
157	162	1
158	165	1
159	175	1
160	155	1
161	168	1
162	176	1
163	174	1
164	178	1
165	180	1
166	166	1
167	172	1
168	164	1
169	173	1
170	157	1
171	169	1
172	167	1
173	158	1
174	170	1
175	160	1
176	163	1
177	177	1
178	154	1
179	171	1
180	159	1
181	161	1
182	179	1
183	186	1
184	187	2
185	188	2
\.


--
-- TOC entry 5239 (class 0 OID 0)
-- Dependencies: 216
-- Name: auth_group_id_seq; Type: SEQUENCE SET; Schema: public; Owner: postgres
--

SELECT pg_catalog.setval('public.auth_group_id_seq', 1, true);


--
-- TOC entry 5240 (class 0 OID 0)
-- Dependencies: 218
-- Name: auth_group_permissions_id_seq; Type: SEQUENCE SET; Schema: public; Owner: postgres
--

SELECT pg_catalog.setval('public.auth_group_permissions_id_seq', 1, false);


--
-- TOC entry 5241 (class 0 OID 0)
-- Dependencies: 220
-- Name: auth_permission_id_seq; Type: SEQUENCE SET; Schema: public; Owner: postgres
--

SELECT pg_catalog.setval('public.auth_permission_id_seq', 120, true);


--
-- TOC entry 5242 (class 0 OID 0)
-- Dependencies: 223
-- Name: auth_user_groups_id_seq; Type: SEQUENCE SET; Schema: public; Owner: postgres
--

SELECT pg_catalog.setval('public.auth_user_groups_id_seq', 1, true);


--
-- TOC entry 5243 (class 0 OID 0)
-- Dependencies: 224
-- Name: auth_user_id_seq; Type: SEQUENCE SET; Schema: public; Owner: postgres
--

SELECT pg_catalog.setval('public.auth_user_id_seq', 34, true);


--
-- TOC entry 5244 (class 0 OID 0)
-- Dependencies: 226
-- Name: auth_user_user_permissions_id_seq; Type: SEQUENCE SET; Schema: public; Owner: postgres
--

SELECT pg_catalog.setval('public.auth_user_user_permissions_id_seq', 1, false);


--
-- TOC entry 5245 (class 0 OID 0)
-- Dependencies: 228
-- Name: common_blockfeatures_id_seq; Type: SEQUENCE SET; Schema: public; Owner: postgres
--

SELECT pg_catalog.setval('public.common_blockfeatures_id_seq', 1, false);


--
-- TOC entry 5246 (class 0 OID 0)
-- Dependencies: 230
-- Name: common_blockposition_id_seq; Type: SEQUENCE SET; Schema: public; Owner: postgres
--

SELECT pg_catalog.setval('public.common_blockposition_id_seq', 3, true);


--
-- TOC entry 5247 (class 0 OID 0)
-- Dependencies: 232
-- Name: common_company_id_seq; Type: SEQUENCE SET; Schema: public; Owner: postgres
--

SELECT pg_catalog.setval('public.common_company_id_seq', 1, true);


--
-- TOC entry 5248 (class 0 OID 0)
-- Dependencies: 234
-- Name: common_homepage_id_seq; Type: SEQUENCE SET; Schema: public; Owner: postgres
--

SELECT pg_catalog.setval('public.common_homepage_id_seq', 1, true);


--
-- TOC entry 5249 (class 0 OID 0)
-- Dependencies: 236
-- Name: common_prehome_id_seq; Type: SEQUENCE SET; Schema: public; Owner: postgres
--

SELECT pg_catalog.setval('public.common_prehome_id_seq', 1, true);


--
-- TOC entry 5250 (class 0 OID 0)
-- Dependencies: 238
-- Name: common_projects_id_seq; Type: SEQUENCE SET; Schema: public; Owner: postgres
--

SELECT pg_catalog.setval('public.common_projects_id_seq', 3, true);


--
-- TOC entry 5251 (class 0 OID 0)
-- Dependencies: 240
-- Name: common_reports_id_seq; Type: SEQUENCE SET; Schema: public; Owner: postgres
--

SELECT pg_catalog.setval('public.common_reports_id_seq', 1, false);


--
-- TOC entry 5252 (class 0 OID 0)
-- Dependencies: 242
-- Name: common_userprofile_id_seq; Type: SEQUENCE SET; Schema: public; Owner: postgres
--

SELECT pg_catalog.setval('public.common_userprofile_id_seq', 1, true);


--
-- TOC entry 5253 (class 0 OID 0)
-- Dependencies: 244
-- Name: django_admin_log_id_seq; Type: SEQUENCE SET; Schema: public; Owner: postgres
--

SELECT pg_catalog.setval('public.django_admin_log_id_seq', 255, true);


--
-- TOC entry 5254 (class 0 OID 0)
-- Dependencies: 246
-- Name: django_content_type_id_seq; Type: SEQUENCE SET; Schema: public; Owner: postgres
--

SELECT pg_catalog.setval('public.django_content_type_id_seq', 30, true);


--
-- TOC entry 5255 (class 0 OID 0)
-- Dependencies: 248
-- Name: django_migrations_id_seq; Type: SEQUENCE SET; Schema: public; Owner: postgres
--

SELECT pg_catalog.setval('public.django_migrations_id_seq', 33, true);


--
-- TOC entry 5256 (class 0 OID 0)
-- Dependencies: 251
-- Name: inventory_category_id_seq; Type: SEQUENCE SET; Schema: public; Owner: postgres
--

SELECT pg_catalog.setval('public.inventory_category_id_seq', 6, true);


--
-- TOC entry 5257 (class 0 OID 0)
-- Dependencies: 253
-- Name: inventory_inventory_id_seq; Type: SEQUENCE SET; Schema: public; Owner: postgres
--

SELECT pg_catalog.setval('public.inventory_inventory_id_seq', 26, true);


--
-- TOC entry 5258 (class 0 OID 0)
-- Dependencies: 255
-- Name: inventory_ordenservicio_id_seq; Type: SEQUENCE SET; Schema: public; Owner: postgres
--

SELECT pg_catalog.setval('public.inventory_ordenservicio_id_seq', 1, false);


--
-- TOC entry 5259 (class 0 OID 0)
-- Dependencies: 257
-- Name: inventory_ordenservicio_product_used_id_seq; Type: SEQUENCE SET; Schema: public; Owner: postgres
--

SELECT pg_catalog.setval('public.inventory_ordenservicio_product_used_id_seq', 1, false);


--
-- TOC entry 5260 (class 0 OID 0)
-- Dependencies: 259
-- Name: inventory_product_id_seq; Type: SEQUENCE SET; Schema: public; Owner: postgres
--

SELECT pg_catalog.setval('public.inventory_product_id_seq', 33, true);


--
-- TOC entry 5261 (class 0 OID 0)
-- Dependencies: 261
-- Name: inventory_provider_id_seq; Type: SEQUENCE SET; Schema: public; Owner: postgres
--

SELECT pg_catalog.setval('public.inventory_provider_id_seq', 29, true);


--
-- TOC entry 5262 (class 0 OID 0)
-- Dependencies: 263
-- Name: inventory_shopping_id_seq; Type: SEQUENCE SET; Schema: public; Owner: postgres
--

SELECT pg_catalog.setval('public.inventory_shopping_id_seq', 24, true);


--
-- TOC entry 5263 (class 0 OID 0)
-- Dependencies: 265
-- Name: inventory_shoppingdetail_id_seq; Type: SEQUENCE SET; Schema: public; Owner: postgres
--

SELECT pg_catalog.setval('public.inventory_shoppingdetail_id_seq', 49, true);


--
-- TOC entry 5264 (class 0 OID 0)
-- Dependencies: 267
-- Name: payments_cashbalance_id_seq; Type: SEQUENCE SET; Schema: public; Owner: postgres
--

SELECT pg_catalog.setval('public.payments_cashbalance_id_seq', 644, true);


--
-- TOC entry 5265 (class 0 OID 0)
-- Dependencies: 269
-- Name: payments_invoice_id_seq; Type: SEQUENCE SET; Schema: public; Owner: postgres
--

SELECT pg_catalog.setval('public.payments_invoice_id_seq', 738, true);


--
-- TOC entry 5266 (class 0 OID 0)
-- Dependencies: 271
-- Name: payments_payment_id_seq; Type: SEQUENCE SET; Schema: public; Owner: postgres
--

SELECT pg_catalog.setval('public.payments_payment_id_seq', 1, false);


--
-- TOC entry 5267 (class 0 OID 0)
-- Dependencies: 273
-- Name: payments_paymentitem_id_seq; Type: SEQUENCE SET; Schema: public; Owner: postgres
--

SELECT pg_catalog.setval('public.payments_paymentitem_id_seq', 1, false);


--
-- TOC entry 5268 (class 0 OID 0)
-- Dependencies: 275
-- Name: payments_periodmounth_id_seq; Type: SEQUENCE SET; Schema: public; Owner: postgres
--

SELECT pg_catalog.setval('public.payments_periodmounth_id_seq', 1, false);


--
-- TOC entry 5269 (class 0 OID 0)
-- Dependencies: 277
-- Name: users_actions_id_seq; Type: SEQUENCE SET; Schema: public; Owner: postgres
--

SELECT pg_catalog.setval('public.users_actions_id_seq', 8, true);


--
-- TOC entry 5270 (class 0 OID 0)
-- Dependencies: 279
-- Name: users_costactions_id_seq; Type: SEQUENCE SET; Schema: public; Owner: postgres
--

SELECT pg_catalog.setval('public.users_costactions_id_seq', 3, true);


--
-- TOC entry 5271 (class 0 OID 0)
-- Dependencies: 281
-- Name: users_sector_id_seq; Type: SEQUENCE SET; Schema: public; Owner: postgres
--

SELECT pg_catalog.setval('public.users_sector_id_seq', 3, true);


--
-- TOC entry 5272 (class 0 OID 0)
-- Dependencies: 284
-- Name: users_suscriber_affiliated_shares_id_seq; Type: SEQUENCE SET; Schema: public; Owner: postgres
--

SELECT pg_catalog.setval('public.users_suscriber_affiliated_shares_id_seq', 245, true);


--
-- TOC entry 5273 (class 0 OID 0)
-- Dependencies: 286
-- Name: users_suscriber_cost_action_id_seq; Type: SEQUENCE SET; Schema: public; Owner: postgres
--

SELECT pg_catalog.setval('public.users_suscriber_cost_action_id_seq', 217, true);


--
-- TOC entry 5274 (class 0 OID 0)
-- Dependencies: 287
-- Name: users_suscriber_id_seq; Type: SEQUENCE SET; Schema: public; Owner: postgres
--

SELECT pg_catalog.setval('public.users_suscriber_id_seq', 220, true);


--
-- TOC entry 4816 (class 2606 OID 76261)
-- Name: auth_group auth_group_name_key; Type: CONSTRAINT; Schema: public; Owner: postgres
--

ALTER TABLE ONLY public.auth_group
    ADD CONSTRAINT auth_group_name_key UNIQUE (name);


--
-- TOC entry 4821 (class 2606 OID 76263)
-- Name: auth_group_permissions auth_group_permissions_group_id_permission_id_0cd325b0_uniq; Type: CONSTRAINT; Schema: public; Owner: postgres
--

ALTER TABLE ONLY public.auth_group_permissions
    ADD CONSTRAINT auth_group_permissions_group_id_permission_id_0cd325b0_uniq UNIQUE (group_id, permission_id);


--
-- TOC entry 4824 (class 2606 OID 76265)
-- Name: auth_group_permissions auth_group_permissions_pkey; Type: CONSTRAINT; Schema: public; Owner: postgres
--

ALTER TABLE ONLY public.auth_group_permissions
    ADD CONSTRAINT auth_group_permissions_pkey PRIMARY KEY (id);


--
-- TOC entry 4818 (class 2606 OID 76267)
-- Name: auth_group auth_group_pkey; Type: CONSTRAINT; Schema: public; Owner: postgres
--

ALTER TABLE ONLY public.auth_group
    ADD CONSTRAINT auth_group_pkey PRIMARY KEY (id);


--
-- TOC entry 4827 (class 2606 OID 76269)
-- Name: auth_permission auth_permission_content_type_id_codename_01ab375a_uniq; Type: CONSTRAINT; Schema: public; Owner: postgres
--

ALTER TABLE ONLY public.auth_permission
    ADD CONSTRAINT auth_permission_content_type_id_codename_01ab375a_uniq UNIQUE (content_type_id, codename);


--
-- TOC entry 4829 (class 2606 OID 76271)
-- Name: auth_permission auth_permission_pkey; Type: CONSTRAINT; Schema: public; Owner: postgres
--

ALTER TABLE ONLY public.auth_permission
    ADD CONSTRAINT auth_permission_pkey PRIMARY KEY (id);


--
-- TOC entry 4837 (class 2606 OID 76273)
-- Name: auth_user_groups auth_user_groups_pkey; Type: CONSTRAINT; Schema: public; Owner: postgres
--

ALTER TABLE ONLY public.auth_user_groups
    ADD CONSTRAINT auth_user_groups_pkey PRIMARY KEY (id);


--
-- TOC entry 4840 (class 2606 OID 76275)
-- Name: auth_user_groups auth_user_groups_user_id_group_id_94350c0c_uniq; Type: CONSTRAINT; Schema: public; Owner: postgres
--

ALTER TABLE ONLY public.auth_user_groups
    ADD CONSTRAINT auth_user_groups_user_id_group_id_94350c0c_uniq UNIQUE (user_id, group_id);


--
-- TOC entry 4831 (class 2606 OID 76277)
-- Name: auth_user auth_user_pkey; Type: CONSTRAINT; Schema: public; Owner: postgres
--

ALTER TABLE ONLY public.auth_user
    ADD CONSTRAINT auth_user_pkey PRIMARY KEY (id);


--
-- TOC entry 4843 (class 2606 OID 76279)
-- Name: auth_user_user_permissions auth_user_user_permissions_pkey; Type: CONSTRAINT; Schema: public; Owner: postgres
--

ALTER TABLE ONLY public.auth_user_user_permissions
    ADD CONSTRAINT auth_user_user_permissions_pkey PRIMARY KEY (id);


--
-- TOC entry 4846 (class 2606 OID 76281)
-- Name: auth_user_user_permissions auth_user_user_permissions_user_id_permission_id_14a6b632_uniq; Type: CONSTRAINT; Schema: public; Owner: postgres
--

ALTER TABLE ONLY public.auth_user_user_permissions
    ADD CONSTRAINT auth_user_user_permissions_user_id_permission_id_14a6b632_uniq UNIQUE (user_id, permission_id);


--
-- TOC entry 4834 (class 2606 OID 76283)
-- Name: auth_user auth_user_username_key; Type: CONSTRAINT; Schema: public; Owner: postgres
--

ALTER TABLE ONLY public.auth_user
    ADD CONSTRAINT auth_user_username_key UNIQUE (username);


--
-- TOC entry 4848 (class 2606 OID 76285)
-- Name: common_blockfeatures common_blockfeatures_pkey; Type: CONSTRAINT; Schema: public; Owner: postgres
--

ALTER TABLE ONLY public.common_blockfeatures
    ADD CONSTRAINT common_blockfeatures_pkey PRIMARY KEY (id);


--
-- TOC entry 4851 (class 2606 OID 76287)
-- Name: common_blockposition common_blockposition_pkey; Type: CONSTRAINT; Schema: public; Owner: postgres
--

ALTER TABLE ONLY public.common_blockposition
    ADD CONSTRAINT common_blockposition_pkey PRIMARY KEY (id);


--
-- TOC entry 4854 (class 2606 OID 76289)
-- Name: common_company common_company_pkey; Type: CONSTRAINT; Schema: public; Owner: postgres
--

ALTER TABLE ONLY public.common_company
    ADD CONSTRAINT common_company_pkey PRIMARY KEY (id);


--
-- TOC entry 4856 (class 2606 OID 76291)
-- Name: common_homepage common_homepage_company_id_key; Type: CONSTRAINT; Schema: public; Owner: postgres
--

ALTER TABLE ONLY public.common_homepage
    ADD CONSTRAINT common_homepage_company_id_key UNIQUE (company_id);


--
-- TOC entry 4858 (class 2606 OID 76293)
-- Name: common_homepage common_homepage_pkey; Type: CONSTRAINT; Schema: public; Owner: postgres
--

ALTER TABLE ONLY public.common_homepage
    ADD CONSTRAINT common_homepage_pkey PRIMARY KEY (id);


--
-- TOC entry 4860 (class 2606 OID 76295)
-- Name: common_prehome common_prehome_pkey; Type: CONSTRAINT; Schema: public; Owner: postgres
--

ALTER TABLE ONLY public.common_prehome
    ADD CONSTRAINT common_prehome_pkey PRIMARY KEY (id);


--
-- TOC entry 4864 (class 2606 OID 76297)
-- Name: common_projects common_projects_pkey; Type: CONSTRAINT; Schema: public; Owner: postgres
--

ALTER TABLE ONLY public.common_projects
    ADD CONSTRAINT common_projects_pkey PRIMARY KEY (id);


--
-- TOC entry 4868 (class 2606 OID 76299)
-- Name: common_reports common_reports_pkey; Type: CONSTRAINT; Schema: public; Owner: postgres
--

ALTER TABLE ONLY public.common_reports
    ADD CONSTRAINT common_reports_pkey PRIMARY KEY (id);


--
-- TOC entry 4871 (class 2606 OID 76301)
-- Name: common_userprofile common_userprofile_pkey; Type: CONSTRAINT; Schema: public; Owner: postgres
--

ALTER TABLE ONLY public.common_userprofile
    ADD CONSTRAINT common_userprofile_pkey PRIMARY KEY (id);


--
-- TOC entry 4873 (class 2606 OID 76303)
-- Name: common_userprofile common_userprofile_user_id_key; Type: CONSTRAINT; Schema: public; Owner: postgres
--

ALTER TABLE ONLY public.common_userprofile
    ADD CONSTRAINT common_userprofile_user_id_key UNIQUE (user_id);


--
-- TOC entry 4876 (class 2606 OID 76305)
-- Name: django_admin_log django_admin_log_pkey; Type: CONSTRAINT; Schema: public; Owner: postgres
--

ALTER TABLE ONLY public.django_admin_log
    ADD CONSTRAINT django_admin_log_pkey PRIMARY KEY (id);


--
-- TOC entry 4879 (class 2606 OID 76307)
-- Name: django_content_type django_content_type_app_label_model_76bd3d3b_uniq; Type: CONSTRAINT; Schema: public; Owner: postgres
--

ALTER TABLE ONLY public.django_content_type
    ADD CONSTRAINT django_content_type_app_label_model_76bd3d3b_uniq UNIQUE (app_label, model);


--
-- TOC entry 4881 (class 2606 OID 76309)
-- Name: django_content_type django_content_type_pkey; Type: CONSTRAINT; Schema: public; Owner: postgres
--

ALTER TABLE ONLY public.django_content_type
    ADD CONSTRAINT django_content_type_pkey PRIMARY KEY (id);


--
-- TOC entry 4883 (class 2606 OID 76311)
-- Name: django_migrations django_migrations_pkey; Type: CONSTRAINT; Schema: public; Owner: postgres
--

ALTER TABLE ONLY public.django_migrations
    ADD CONSTRAINT django_migrations_pkey PRIMARY KEY (id);


--
-- TOC entry 4886 (class 2606 OID 76313)
-- Name: django_session django_session_pkey; Type: CONSTRAINT; Schema: public; Owner: postgres
--

ALTER TABLE ONLY public.django_session
    ADD CONSTRAINT django_session_pkey PRIMARY KEY (session_key);


--
-- TOC entry 4890 (class 2606 OID 76315)
-- Name: inventory_category inventory_category_pkey; Type: CONSTRAINT; Schema: public; Owner: postgres
--

ALTER TABLE ONLY public.inventory_category
    ADD CONSTRAINT inventory_category_pkey PRIMARY KEY (id);


--
-- TOC entry 4893 (class 2606 OID 76317)
-- Name: inventory_inventory inventory_inventory_pkey; Type: CONSTRAINT; Schema: public; Owner: postgres
--

ALTER TABLE ONLY public.inventory_inventory
    ADD CONSTRAINT inventory_inventory_pkey PRIMARY KEY (id);


--
-- TOC entry 4900 (class 2606 OID 76319)
-- Name: inventory_ordenservicio_product_used inventory_ordenservicio__ordenservicio_id_product_c99f4d25_uniq; Type: CONSTRAINT; Schema: public; Owner: postgres
--

ALTER TABLE ONLY public.inventory_ordenservicio_product_used
    ADD CONSTRAINT inventory_ordenservicio__ordenservicio_id_product_c99f4d25_uniq UNIQUE (ordenservicio_id, product_id);


--
-- TOC entry 4897 (class 2606 OID 76321)
-- Name: inventory_ordenservicio inventory_ordenservicio_pkey; Type: CONSTRAINT; Schema: public; Owner: postgres
--

ALTER TABLE ONLY public.inventory_ordenservicio
    ADD CONSTRAINT inventory_ordenservicio_pkey PRIMARY KEY (id);


--
-- TOC entry 4903 (class 2606 OID 76323)
-- Name: inventory_ordenservicio_product_used inventory_ordenservicio_product_used_pkey; Type: CONSTRAINT; Schema: public; Owner: postgres
--

ALTER TABLE ONLY public.inventory_ordenservicio_product_used
    ADD CONSTRAINT inventory_ordenservicio_product_used_pkey PRIMARY KEY (id);


--
-- TOC entry 4909 (class 2606 OID 76325)
-- Name: inventory_product inventory_product_description_key; Type: CONSTRAINT; Schema: public; Owner: postgres
--

ALTER TABLE ONLY public.inventory_product
    ADD CONSTRAINT inventory_product_description_key UNIQUE (description);


--
-- TOC entry 4911 (class 2606 OID 76327)
-- Name: inventory_product inventory_product_pkey; Type: CONSTRAINT; Schema: public; Owner: postgres
--

ALTER TABLE ONLY public.inventory_product
    ADD CONSTRAINT inventory_product_pkey PRIMARY KEY (id);


--
-- TOC entry 4914 (class 2606 OID 76329)
-- Name: inventory_provider inventory_provider_pkey; Type: CONSTRAINT; Schema: public; Owner: postgres
--

ALTER TABLE ONLY public.inventory_provider
    ADD CONSTRAINT inventory_provider_pkey PRIMARY KEY (id);


--
-- TOC entry 4917 (class 2606 OID 76331)
-- Name: inventory_shopping inventory_shopping_pkey; Type: CONSTRAINT; Schema: public; Owner: postgres
--

ALTER TABLE ONLY public.inventory_shopping
    ADD CONSTRAINT inventory_shopping_pkey PRIMARY KEY (id);


--
-- TOC entry 4921 (class 2606 OID 76333)
-- Name: inventory_shoppingdetail inventory_shoppingdetail_pkey; Type: CONSTRAINT; Schema: public; Owner: postgres
--

ALTER TABLE ONLY public.inventory_shoppingdetail
    ADD CONSTRAINT inventory_shoppingdetail_pkey PRIMARY KEY (id);


--
-- TOC entry 4926 (class 2606 OID 76335)
-- Name: payments_cashbalance payments_cashbalance_pkey; Type: CONSTRAINT; Schema: public; Owner: postgres
--

ALTER TABLE ONLY public.payments_cashbalance
    ADD CONSTRAINT payments_cashbalance_pkey PRIMARY KEY (id);


--
-- TOC entry 4929 (class 2606 OID 76337)
-- Name: payments_invoice payments_invoice_pkey; Type: CONSTRAINT; Schema: public; Owner: postgres
--

ALTER TABLE ONLY public.payments_invoice
    ADD CONSTRAINT payments_invoice_pkey PRIMARY KEY (id);


--
-- TOC entry 4934 (class 2606 OID 76339)
-- Name: payments_payment payments_payment_pkey; Type: CONSTRAINT; Schema: public; Owner: postgres
--

ALTER TABLE ONLY public.payments_payment
    ADD CONSTRAINT payments_payment_pkey PRIMARY KEY (id);


--
-- TOC entry 4938 (class 2606 OID 76341)
-- Name: payments_paymentitem payments_paymentitem_pkey; Type: CONSTRAINT; Schema: public; Owner: postgres
--

ALTER TABLE ONLY public.payments_paymentitem
    ADD CONSTRAINT payments_paymentitem_pkey PRIMARY KEY (id);


--
-- TOC entry 4941 (class 2606 OID 76343)
-- Name: payments_periodmounth payments_periodmounth_pkey; Type: CONSTRAINT; Schema: public; Owner: postgres
--

ALTER TABLE ONLY public.payments_periodmounth
    ADD CONSTRAINT payments_periodmounth_pkey PRIMARY KEY (id);


--
-- TOC entry 4944 (class 2606 OID 76345)
-- Name: users_actions users_actions_pkey; Type: CONSTRAINT; Schema: public; Owner: postgres
--

ALTER TABLE ONLY public.users_actions
    ADD CONSTRAINT users_actions_pkey PRIMARY KEY (id);


--
-- TOC entry 4947 (class 2606 OID 76347)
-- Name: users_costactions users_costactions_pkey; Type: CONSTRAINT; Schema: public; Owner: postgres
--

ALTER TABLE ONLY public.users_costactions
    ADD CONSTRAINT users_costactions_pkey PRIMARY KEY (id);


--
-- TOC entry 4950 (class 2606 OID 76349)
-- Name: users_sector users_sector_pkey; Type: CONSTRAINT; Schema: public; Owner: postgres
--

ALTER TABLE ONLY public.users_sector
    ADD CONSTRAINT users_sector_pkey PRIMARY KEY (id);


--
-- TOC entry 4956 (class 2606 OID 76351)
-- Name: users_suscriber_affiliated_shares users_suscriber_affiliat_suscriber_id_actions_id_70c8adb1_uniq; Type: CONSTRAINT; Schema: public; Owner: postgres
--

ALTER TABLE ONLY public.users_suscriber_affiliated_shares
    ADD CONSTRAINT users_suscriber_affiliat_suscriber_id_actions_id_70c8adb1_uniq UNIQUE (suscriber_id, actions_id);


--
-- TOC entry 4959 (class 2606 OID 76353)
-- Name: users_suscriber_affiliated_shares users_suscriber_affiliated_shares_pkey; Type: CONSTRAINT; Schema: public; Owner: postgres
--

ALTER TABLE ONLY public.users_suscriber_affiliated_shares
    ADD CONSTRAINT users_suscriber_affiliated_shares_pkey PRIMARY KEY (id);


--
-- TOC entry 4962 (class 2606 OID 76355)
-- Name: users_suscriber_cost_action users_suscriber_cost_act_suscriber_id_costactions_2f02ed36_uniq; Type: CONSTRAINT; Schema: public; Owner: postgres
--

ALTER TABLE ONLY public.users_suscriber_cost_action
    ADD CONSTRAINT users_suscriber_cost_act_suscriber_id_costactions_2f02ed36_uniq UNIQUE (suscriber_id, costactions_id);


--
-- TOC entry 4965 (class 2606 OID 76357)
-- Name: users_suscriber_cost_action users_suscriber_cost_action_pkey; Type: CONSTRAINT; Schema: public; Owner: postgres
--

ALTER TABLE ONLY public.users_suscriber_cost_action
    ADD CONSTRAINT users_suscriber_cost_action_pkey PRIMARY KEY (id);


--
-- TOC entry 4953 (class 2606 OID 76359)
-- Name: users_suscriber users_suscriber_pkey; Type: CONSTRAINT; Schema: public; Owner: postgres
--

ALTER TABLE ONLY public.users_suscriber
    ADD CONSTRAINT users_suscriber_pkey PRIMARY KEY (id);


--
-- TOC entry 4814 (class 1259 OID 76360)
-- Name: auth_group_name_a6ea08ec_like; Type: INDEX; Schema: public; Owner: postgres
--

CREATE INDEX auth_group_name_a6ea08ec_like ON public.auth_group USING btree (name varchar_pattern_ops);


--
-- TOC entry 4819 (class 1259 OID 76361)
-- Name: auth_group_permissions_group_id_b120cbf9; Type: INDEX; Schema: public; Owner: postgres
--

CREATE INDEX auth_group_permissions_group_id_b120cbf9 ON public.auth_group_permissions USING btree (group_id);


--
-- TOC entry 4822 (class 1259 OID 76362)
-- Name: auth_group_permissions_permission_id_84c5c92e; Type: INDEX; Schema: public; Owner: postgres
--

CREATE INDEX auth_group_permissions_permission_id_84c5c92e ON public.auth_group_permissions USING btree (permission_id);


--
-- TOC entry 4825 (class 1259 OID 76363)
-- Name: auth_permission_content_type_id_2f476e4b; Type: INDEX; Schema: public; Owner: postgres
--

CREATE INDEX auth_permission_content_type_id_2f476e4b ON public.auth_permission USING btree (content_type_id);


--
-- TOC entry 4835 (class 1259 OID 76364)
-- Name: auth_user_groups_group_id_97559544; Type: INDEX; Schema: public; Owner: postgres
--

CREATE INDEX auth_user_groups_group_id_97559544 ON public.auth_user_groups USING btree (group_id);


--
-- TOC entry 4838 (class 1259 OID 76365)
-- Name: auth_user_groups_user_id_6a12ed8b; Type: INDEX; Schema: public; Owner: postgres
--

CREATE INDEX auth_user_groups_user_id_6a12ed8b ON public.auth_user_groups USING btree (user_id);


--
-- TOC entry 4841 (class 1259 OID 76366)
-- Name: auth_user_user_permissions_permission_id_1fbb5f2c; Type: INDEX; Schema: public; Owner: postgres
--

CREATE INDEX auth_user_user_permissions_permission_id_1fbb5f2c ON public.auth_user_user_permissions USING btree (permission_id);


--
-- TOC entry 4844 (class 1259 OID 76367)
-- Name: auth_user_user_permissions_user_id_a95ead1b; Type: INDEX; Schema: public; Owner: postgres
--

CREATE INDEX auth_user_user_permissions_user_id_a95ead1b ON public.auth_user_user_permissions USING btree (user_id);


--
-- TOC entry 4832 (class 1259 OID 76368)
-- Name: auth_user_username_6821ab7c_like; Type: INDEX; Schema: public; Owner: postgres
--

CREATE INDEX auth_user_username_6821ab7c_like ON public.auth_user USING btree (username varchar_pattern_ops);


--
-- TOC entry 4849 (class 1259 OID 76369)
-- Name: common_blockfeatures_pre_home_id_6e0504d5; Type: INDEX; Schema: public; Owner: postgres
--

CREATE INDEX common_blockfeatures_pre_home_id_6e0504d5 ON public.common_blockfeatures USING btree (pre_home_id);


--
-- TOC entry 4852 (class 1259 OID 76370)
-- Name: common_blockposition_pre_home_id_8380309b; Type: INDEX; Schema: public; Owner: postgres
--

CREATE INDEX common_blockposition_pre_home_id_8380309b ON public.common_blockposition USING btree (pre_home_id);


--
-- TOC entry 4861 (class 1259 OID 76371)
-- Name: common_projects_company_id_32f3f0cc; Type: INDEX; Schema: public; Owner: postgres
--

CREATE INDEX common_projects_company_id_32f3f0cc ON public.common_projects USING btree (company_id);


--
-- TOC entry 4862 (class 1259 OID 76372)
-- Name: common_projects_home_page_id_a2d6625a; Type: INDEX; Schema: public; Owner: postgres
--

CREATE INDEX common_projects_home_page_id_a2d6625a ON public.common_projects USING btree (home_page_id);


--
-- TOC entry 4865 (class 1259 OID 76373)
-- Name: common_reports_company_id_fa850015; Type: INDEX; Schema: public; Owner: postgres
--

CREATE INDEX common_reports_company_id_fa850015 ON public.common_reports USING btree (company_id);


--
-- TOC entry 4866 (class 1259 OID 76374)
-- Name: common_reports_home_page_id_18347744; Type: INDEX; Schema: public; Owner: postgres
--

CREATE INDEX common_reports_home_page_id_18347744 ON public.common_reports USING btree (home_page_id);


--
-- TOC entry 4869 (class 1259 OID 76375)
-- Name: common_userprofile_company_id_7b835cd6; Type: INDEX; Schema: public; Owner: postgres
--

CREATE INDEX common_userprofile_company_id_7b835cd6 ON public.common_userprofile USING btree (company_id);


--
-- TOC entry 4874 (class 1259 OID 76376)
-- Name: django_admin_log_content_type_id_c4bce8eb; Type: INDEX; Schema: public; Owner: postgres
--

CREATE INDEX django_admin_log_content_type_id_c4bce8eb ON public.django_admin_log USING btree (content_type_id);


--
-- TOC entry 4877 (class 1259 OID 76377)
-- Name: django_admin_log_user_id_c564eba6; Type: INDEX; Schema: public; Owner: postgres
--

CREATE INDEX django_admin_log_user_id_c564eba6 ON public.django_admin_log USING btree (user_id);


--
-- TOC entry 4884 (class 1259 OID 76378)
-- Name: django_session_expire_date_a5c62663; Type: INDEX; Schema: public; Owner: postgres
--

CREATE INDEX django_session_expire_date_a5c62663 ON public.django_session USING btree (expire_date);


--
-- TOC entry 4887 (class 1259 OID 76379)
-- Name: django_session_session_key_c0390e0f_like; Type: INDEX; Schema: public; Owner: postgres
--

CREATE INDEX django_session_session_key_c0390e0f_like ON public.django_session USING btree (session_key varchar_pattern_ops);


--
-- TOC entry 4888 (class 1259 OID 76380)
-- Name: inventory_category_company_id_d08f32ff; Type: INDEX; Schema: public; Owner: postgres
--

CREATE INDEX inventory_category_company_id_d08f32ff ON public.inventory_category USING btree (company_id);


--
-- TOC entry 4891 (class 1259 OID 76381)
-- Name: inventory_inventory_company_id_5094f1b5; Type: INDEX; Schema: public; Owner: postgres
--

CREATE INDEX inventory_inventory_company_id_5094f1b5 ON public.inventory_inventory USING btree (company_id);


--
-- TOC entry 4894 (class 1259 OID 76382)
-- Name: inventory_inventory_product_id_5b835926; Type: INDEX; Schema: public; Owner: postgres
--

CREATE INDEX inventory_inventory_product_id_5b835926 ON public.inventory_inventory USING btree (product_id);


--
-- TOC entry 4895 (class 1259 OID 76383)
-- Name: inventory_ordenservicio_company_id_8ed732ec; Type: INDEX; Schema: public; Owner: postgres
--

CREATE INDEX inventory_ordenservicio_company_id_8ed732ec ON public.inventory_ordenservicio USING btree (company_id);


--
-- TOC entry 4901 (class 1259 OID 76384)
-- Name: inventory_ordenservicio_product_used_ordenservicio_id_f7aa0312; Type: INDEX; Schema: public; Owner: postgres
--

CREATE INDEX inventory_ordenservicio_product_used_ordenservicio_id_f7aa0312 ON public.inventory_ordenservicio_product_used USING btree (ordenservicio_id);


--
-- TOC entry 4904 (class 1259 OID 76385)
-- Name: inventory_ordenservicio_product_used_product_id_cc7809d0; Type: INDEX; Schema: public; Owner: postgres
--

CREATE INDEX inventory_ordenservicio_product_used_product_id_cc7809d0 ON public.inventory_ordenservicio_product_used USING btree (product_id);


--
-- TOC entry 4898 (class 1259 OID 76386)
-- Name: inventory_ordenservicio_suscriber_asociate_id_12fc3f11; Type: INDEX; Schema: public; Owner: postgres
--

CREATE INDEX inventory_ordenservicio_suscriber_asociate_id_12fc3f11 ON public.inventory_ordenservicio USING btree (suscriber_asociate_id);


--
-- TOC entry 4905 (class 1259 OID 76387)
-- Name: inventory_product_category_id_c907876e; Type: INDEX; Schema: public; Owner: postgres
--

CREATE INDEX inventory_product_category_id_c907876e ON public.inventory_product USING btree (category_id);


--
-- TOC entry 4906 (class 1259 OID 76388)
-- Name: inventory_product_company_id_2757a1fd; Type: INDEX; Schema: public; Owner: postgres
--

CREATE INDEX inventory_product_company_id_2757a1fd ON public.inventory_product USING btree (company_id);


--
-- TOC entry 4907 (class 1259 OID 76389)
-- Name: inventory_product_description_9b8a451d_like; Type: INDEX; Schema: public; Owner: postgres
--

CREATE INDEX inventory_product_description_9b8a451d_like ON public.inventory_product USING btree (description varchar_pattern_ops);


--
-- TOC entry 4912 (class 1259 OID 76390)
-- Name: inventory_provider_company_id_81e2fdd0; Type: INDEX; Schema: public; Owner: postgres
--

CREATE INDEX inventory_provider_company_id_81e2fdd0 ON public.inventory_provider USING btree (company_id);


--
-- TOC entry 4915 (class 1259 OID 76391)
-- Name: inventory_shopping_company_id_6ae631d9; Type: INDEX; Schema: public; Owner: postgres
--

CREATE INDEX inventory_shopping_company_id_6ae631d9 ON public.inventory_shopping USING btree (company_id);


--
-- TOC entry 4918 (class 1259 OID 76392)
-- Name: inventory_shopping_supplier_asociate_id_2adfb243; Type: INDEX; Schema: public; Owner: postgres
--

CREATE INDEX inventory_shopping_supplier_asociate_id_2adfb243 ON public.inventory_shopping USING btree (supplier_asociate_id);


--
-- TOC entry 4919 (class 1259 OID 76393)
-- Name: inventory_shoppingdetail_company_id_d3cf3092; Type: INDEX; Schema: public; Owner: postgres
--

CREATE INDEX inventory_shoppingdetail_company_id_d3cf3092 ON public.inventory_shoppingdetail USING btree (company_id);


--
-- TOC entry 4922 (class 1259 OID 76394)
-- Name: inventory_shoppingdetail_product_id_6ec21f65; Type: INDEX; Schema: public; Owner: postgres
--

CREATE INDEX inventory_shoppingdetail_product_id_6ec21f65 ON public.inventory_shoppingdetail USING btree (product_id);


--
-- TOC entry 4923 (class 1259 OID 76395)
-- Name: inventory_shoppingdetail_purchase_id_5c8972e5; Type: INDEX; Schema: public; Owner: postgres
--

CREATE INDEX inventory_shoppingdetail_purchase_id_5c8972e5 ON public.inventory_shoppingdetail USING btree (purchase_id);


--
-- TOC entry 4924 (class 1259 OID 76396)
-- Name: payments_cashbalance_company_id_da35e6b3; Type: INDEX; Schema: public; Owner: postgres
--

CREATE INDEX payments_cashbalance_company_id_da35e6b3 ON public.payments_cashbalance USING btree (company_id);


--
-- TOC entry 4927 (class 1259 OID 76397)
-- Name: payments_invoice_company_id_8226107f; Type: INDEX; Schema: public; Owner: postgres
--

CREATE INDEX payments_invoice_company_id_8226107f ON public.payments_invoice USING btree (company_id);


--
-- TOC entry 4930 (class 1259 OID 76398)
-- Name: payments_invoice_suscriber_id_9d1a2658; Type: INDEX; Schema: public; Owner: postgres
--

CREATE INDEX payments_invoice_suscriber_id_9d1a2658 ON public.payments_invoice USING btree (suscriber_id);


--
-- TOC entry 4931 (class 1259 OID 76399)
-- Name: payments_payment_company_id_7c33876e; Type: INDEX; Schema: public; Owner: postgres
--

CREATE INDEX payments_payment_company_id_7c33876e ON public.payments_payment USING btree (company_id);


--
-- TOC entry 4932 (class 1259 OID 76400)
-- Name: payments_payment_invoice_id_a1a432c8; Type: INDEX; Schema: public; Owner: postgres
--

CREATE INDEX payments_payment_invoice_id_a1a432c8 ON public.payments_payment USING btree (invoice_id);


--
-- TOC entry 4935 (class 1259 OID 76401)
-- Name: payments_paymentitem_company_id_2ab4eaa7; Type: INDEX; Schema: public; Owner: postgres
--

CREATE INDEX payments_paymentitem_company_id_2ab4eaa7 ON public.payments_paymentitem USING btree (company_id);


--
-- TOC entry 4936 (class 1259 OID 76402)
-- Name: payments_paymentitem_payment_id_cf9b51d2; Type: INDEX; Schema: public; Owner: postgres
--

CREATE INDEX payments_paymentitem_payment_id_cf9b51d2 ON public.payments_paymentitem USING btree (payment_id);


--
-- TOC entry 4939 (class 1259 OID 76403)
-- Name: payments_periodmounth_company_id_5d23a304; Type: INDEX; Schema: public; Owner: postgres
--

CREATE INDEX payments_periodmounth_company_id_5d23a304 ON public.payments_periodmounth USING btree (company_id);


--
-- TOC entry 4942 (class 1259 OID 76404)
-- Name: users_actions_company_id_fa58b7c6; Type: INDEX; Schema: public; Owner: postgres
--

CREATE INDEX users_actions_company_id_fa58b7c6 ON public.users_actions USING btree (company_id);


--
-- TOC entry 4945 (class 1259 OID 76405)
-- Name: users_costactions_company_id_22cc215b; Type: INDEX; Schema: public; Owner: postgres
--

CREATE INDEX users_costactions_company_id_22cc215b ON public.users_costactions USING btree (company_id);


--
-- TOC entry 4948 (class 1259 OID 76406)
-- Name: users_sector_company_id_99b69b1c; Type: INDEX; Schema: public; Owner: postgres
--

CREATE INDEX users_sector_company_id_99b69b1c ON public.users_sector USING btree (company_id);


--
-- TOC entry 4957 (class 1259 OID 76407)
-- Name: users_suscriber_affiliated_shares_actions_id_0d351b92; Type: INDEX; Schema: public; Owner: postgres
--

CREATE INDEX users_suscriber_affiliated_shares_actions_id_0d351b92 ON public.users_suscriber_affiliated_shares USING btree (actions_id);


--
-- TOC entry 4960 (class 1259 OID 76408)
-- Name: users_suscriber_affiliated_shares_suscriber_id_e817bde9; Type: INDEX; Schema: public; Owner: postgres
--

CREATE INDEX users_suscriber_affiliated_shares_suscriber_id_e817bde9 ON public.users_suscriber_affiliated_shares USING btree (suscriber_id);


--
-- TOC entry 4951 (class 1259 OID 76409)
-- Name: users_suscriber_company_id_25aa469f; Type: INDEX; Schema: public; Owner: postgres
--

CREATE INDEX users_suscriber_company_id_25aa469f ON public.users_suscriber USING btree (company_id);


--
-- TOC entry 4963 (class 1259 OID 76410)
-- Name: users_suscriber_cost_action_costactions_id_2ca40170; Type: INDEX; Schema: public; Owner: postgres
--

CREATE INDEX users_suscriber_cost_action_costactions_id_2ca40170 ON public.users_suscriber_cost_action USING btree (costactions_id);


--
-- TOC entry 4966 (class 1259 OID 76411)
-- Name: users_suscriber_cost_action_suscriber_id_003e3112; Type: INDEX; Schema: public; Owner: postgres
--

CREATE INDEX users_suscriber_cost_action_suscriber_id_003e3112 ON public.users_suscriber_cost_action USING btree (suscriber_id);


--
-- TOC entry 4954 (class 1259 OID 76412)
-- Name: users_suscriber_sector_suscriber_id_286666e4; Type: INDEX; Schema: public; Owner: postgres
--

CREATE INDEX users_suscriber_sector_suscriber_id_286666e4 ON public.users_suscriber USING btree (sector_suscriber_id);


--
-- TOC entry 4967 (class 2606 OID 76413)
-- Name: auth_group_permissions auth_group_permissio_permission_id_84c5c92e_fk_auth_perm; Type: FK CONSTRAINT; Schema: public; Owner: postgres
--

ALTER TABLE ONLY public.auth_group_permissions
    ADD CONSTRAINT auth_group_permissio_permission_id_84c5c92e_fk_auth_perm FOREIGN KEY (permission_id) REFERENCES public.auth_permission(id) DEFERRABLE INITIALLY DEFERRED;


--
-- TOC entry 4968 (class 2606 OID 76418)
-- Name: auth_group_permissions auth_group_permissions_group_id_b120cbf9_fk_auth_group_id; Type: FK CONSTRAINT; Schema: public; Owner: postgres
--

ALTER TABLE ONLY public.auth_group_permissions
    ADD CONSTRAINT auth_group_permissions_group_id_b120cbf9_fk_auth_group_id FOREIGN KEY (group_id) REFERENCES public.auth_group(id) DEFERRABLE INITIALLY DEFERRED;


--
-- TOC entry 4969 (class 2606 OID 76423)
-- Name: auth_permission auth_permission_content_type_id_2f476e4b_fk_django_co; Type: FK CONSTRAINT; Schema: public; Owner: postgres
--

ALTER TABLE ONLY public.auth_permission
    ADD CONSTRAINT auth_permission_content_type_id_2f476e4b_fk_django_co FOREIGN KEY (content_type_id) REFERENCES public.django_content_type(id) DEFERRABLE INITIALLY DEFERRED;


--
-- TOC entry 4970 (class 2606 OID 76428)
-- Name: auth_user_groups auth_user_groups_group_id_97559544_fk_auth_group_id; Type: FK CONSTRAINT; Schema: public; Owner: postgres
--

ALTER TABLE ONLY public.auth_user_groups
    ADD CONSTRAINT auth_user_groups_group_id_97559544_fk_auth_group_id FOREIGN KEY (group_id) REFERENCES public.auth_group(id) DEFERRABLE INITIALLY DEFERRED;


--
-- TOC entry 4971 (class 2606 OID 76433)
-- Name: auth_user_groups auth_user_groups_user_id_6a12ed8b_fk_auth_user_id; Type: FK CONSTRAINT; Schema: public; Owner: postgres
--

ALTER TABLE ONLY public.auth_user_groups
    ADD CONSTRAINT auth_user_groups_user_id_6a12ed8b_fk_auth_user_id FOREIGN KEY (user_id) REFERENCES public.auth_user(id) DEFERRABLE INITIALLY DEFERRED;


--
-- TOC entry 4972 (class 2606 OID 76438)
-- Name: auth_user_user_permissions auth_user_user_permi_permission_id_1fbb5f2c_fk_auth_perm; Type: FK CONSTRAINT; Schema: public; Owner: postgres
--

ALTER TABLE ONLY public.auth_user_user_permissions
    ADD CONSTRAINT auth_user_user_permi_permission_id_1fbb5f2c_fk_auth_perm FOREIGN KEY (permission_id) REFERENCES public.auth_permission(id) DEFERRABLE INITIALLY DEFERRED;


--
-- TOC entry 4973 (class 2606 OID 76443)
-- Name: auth_user_user_permissions auth_user_user_permissions_user_id_a95ead1b_fk_auth_user_id; Type: FK CONSTRAINT; Schema: public; Owner: postgres
--

ALTER TABLE ONLY public.auth_user_user_permissions
    ADD CONSTRAINT auth_user_user_permissions_user_id_a95ead1b_fk_auth_user_id FOREIGN KEY (user_id) REFERENCES public.auth_user(id) DEFERRABLE INITIALLY DEFERRED;


--
-- TOC entry 4974 (class 2606 OID 76448)
-- Name: common_blockfeatures common_blockfeatures_pre_home_id_6e0504d5_fk_common_prehome_id; Type: FK CONSTRAINT; Schema: public; Owner: postgres
--

ALTER TABLE ONLY public.common_blockfeatures
    ADD CONSTRAINT common_blockfeatures_pre_home_id_6e0504d5_fk_common_prehome_id FOREIGN KEY (pre_home_id) REFERENCES public.common_prehome(id) DEFERRABLE INITIALLY DEFERRED;


--
-- TOC entry 4975 (class 2606 OID 76453)
-- Name: common_blockposition common_blockposition_pre_home_id_8380309b_fk_common_prehome_id; Type: FK CONSTRAINT; Schema: public; Owner: postgres
--

ALTER TABLE ONLY public.common_blockposition
    ADD CONSTRAINT common_blockposition_pre_home_id_8380309b_fk_common_prehome_id FOREIGN KEY (pre_home_id) REFERENCES public.common_prehome(id) DEFERRABLE INITIALLY DEFERRED;


--
-- TOC entry 4976 (class 2606 OID 76458)
-- Name: common_homepage common_homepage_company_id_0581985f_fk_common_company_id; Type: FK CONSTRAINT; Schema: public; Owner: postgres
--

ALTER TABLE ONLY public.common_homepage
    ADD CONSTRAINT common_homepage_company_id_0581985f_fk_common_company_id FOREIGN KEY (company_id) REFERENCES public.common_company(id) DEFERRABLE INITIALLY DEFERRED;


--
-- TOC entry 4977 (class 2606 OID 76463)
-- Name: common_projects common_projects_company_id_32f3f0cc_fk_common_company_id; Type: FK CONSTRAINT; Schema: public; Owner: postgres
--

ALTER TABLE ONLY public.common_projects
    ADD CONSTRAINT common_projects_company_id_32f3f0cc_fk_common_company_id FOREIGN KEY (company_id) REFERENCES public.common_company(id) DEFERRABLE INITIALLY DEFERRED;


--
-- TOC entry 4978 (class 2606 OID 76468)
-- Name: common_projects common_projects_home_page_id_a2d6625a_fk_common_homepage_id; Type: FK CONSTRAINT; Schema: public; Owner: postgres
--

ALTER TABLE ONLY public.common_projects
    ADD CONSTRAINT common_projects_home_page_id_a2d6625a_fk_common_homepage_id FOREIGN KEY (home_page_id) REFERENCES public.common_homepage(id) DEFERRABLE INITIALLY DEFERRED;


--
-- TOC entry 4979 (class 2606 OID 76473)
-- Name: common_reports common_reports_company_id_fa850015_fk_common_company_id; Type: FK CONSTRAINT; Schema: public; Owner: postgres
--

ALTER TABLE ONLY public.common_reports
    ADD CONSTRAINT common_reports_company_id_fa850015_fk_common_company_id FOREIGN KEY (company_id) REFERENCES public.common_company(id) DEFERRABLE INITIALLY DEFERRED;


--
-- TOC entry 4980 (class 2606 OID 76478)
-- Name: common_reports common_reports_home_page_id_18347744_fk_common_homepage_id; Type: FK CONSTRAINT; Schema: public; Owner: postgres
--

ALTER TABLE ONLY public.common_reports
    ADD CONSTRAINT common_reports_home_page_id_18347744_fk_common_homepage_id FOREIGN KEY (home_page_id) REFERENCES public.common_homepage(id) DEFERRABLE INITIALLY DEFERRED;


--
-- TOC entry 4981 (class 2606 OID 76483)
-- Name: common_userprofile common_userprofile_company_id_7b835cd6_fk_common_company_id; Type: FK CONSTRAINT; Schema: public; Owner: postgres
--

ALTER TABLE ONLY public.common_userprofile
    ADD CONSTRAINT common_userprofile_company_id_7b835cd6_fk_common_company_id FOREIGN KEY (company_id) REFERENCES public.common_company(id) DEFERRABLE INITIALLY DEFERRED;


--
-- TOC entry 4982 (class 2606 OID 76488)
-- Name: common_userprofile common_userprofile_user_id_a45098cb_fk_auth_user_id; Type: FK CONSTRAINT; Schema: public; Owner: postgres
--

ALTER TABLE ONLY public.common_userprofile
    ADD CONSTRAINT common_userprofile_user_id_a45098cb_fk_auth_user_id FOREIGN KEY (user_id) REFERENCES public.auth_user(id) DEFERRABLE INITIALLY DEFERRED;


--
-- TOC entry 4983 (class 2606 OID 76493)
-- Name: django_admin_log django_admin_log_content_type_id_c4bce8eb_fk_django_co; Type: FK CONSTRAINT; Schema: public; Owner: postgres
--

ALTER TABLE ONLY public.django_admin_log
    ADD CONSTRAINT django_admin_log_content_type_id_c4bce8eb_fk_django_co FOREIGN KEY (content_type_id) REFERENCES public.django_content_type(id) DEFERRABLE INITIALLY DEFERRED;


--
-- TOC entry 4984 (class 2606 OID 76498)
-- Name: django_admin_log django_admin_log_user_id_c564eba6_fk_auth_user_id; Type: FK CONSTRAINT; Schema: public; Owner: postgres
--

ALTER TABLE ONLY public.django_admin_log
    ADD CONSTRAINT django_admin_log_user_id_c564eba6_fk_auth_user_id FOREIGN KEY (user_id) REFERENCES public.auth_user(id) DEFERRABLE INITIALLY DEFERRED;


--
-- TOC entry 4985 (class 2606 OID 76503)
-- Name: inventory_category inventory_category_company_id_d08f32ff_fk_common_company_id; Type: FK CONSTRAINT; Schema: public; Owner: postgres
--

ALTER TABLE ONLY public.inventory_category
    ADD CONSTRAINT inventory_category_company_id_d08f32ff_fk_common_company_id FOREIGN KEY (company_id) REFERENCES public.common_company(id) DEFERRABLE INITIALLY DEFERRED;


--
-- TOC entry 4986 (class 2606 OID 76508)
-- Name: inventory_inventory inventory_inventory_company_id_5094f1b5_fk_common_company_id; Type: FK CONSTRAINT; Schema: public; Owner: postgres
--

ALTER TABLE ONLY public.inventory_inventory
    ADD CONSTRAINT inventory_inventory_company_id_5094f1b5_fk_common_company_id FOREIGN KEY (company_id) REFERENCES public.common_company(id) DEFERRABLE INITIALLY DEFERRED;


--
-- TOC entry 4987 (class 2606 OID 76513)
-- Name: inventory_inventory inventory_inventory_product_id_5b835926_fk_inventory_product_id; Type: FK CONSTRAINT; Schema: public; Owner: postgres
--

ALTER TABLE ONLY public.inventory_inventory
    ADD CONSTRAINT inventory_inventory_product_id_5b835926_fk_inventory_product_id FOREIGN KEY (product_id) REFERENCES public.inventory_product(id) DEFERRABLE INITIALLY DEFERRED;


--
-- TOC entry 4988 (class 2606 OID 76518)
-- Name: inventory_ordenservicio inventory_ordenservi_company_id_8ed732ec_fk_common_co; Type: FK CONSTRAINT; Schema: public; Owner: postgres
--

ALTER TABLE ONLY public.inventory_ordenservicio
    ADD CONSTRAINT inventory_ordenservi_company_id_8ed732ec_fk_common_co FOREIGN KEY (company_id) REFERENCES public.common_company(id) DEFERRABLE INITIALLY DEFERRED;


--
-- TOC entry 4990 (class 2606 OID 76523)
-- Name: inventory_ordenservicio_product_used inventory_ordenservi_ordenservicio_id_f7aa0312_fk_inventory; Type: FK CONSTRAINT; Schema: public; Owner: postgres
--

ALTER TABLE ONLY public.inventory_ordenservicio_product_used
    ADD CONSTRAINT inventory_ordenservi_ordenservicio_id_f7aa0312_fk_inventory FOREIGN KEY (ordenservicio_id) REFERENCES public.inventory_ordenservicio(id) DEFERRABLE INITIALLY DEFERRED;


--
-- TOC entry 4991 (class 2606 OID 76528)
-- Name: inventory_ordenservicio_product_used inventory_ordenservi_product_id_cc7809d0_fk_inventory; Type: FK CONSTRAINT; Schema: public; Owner: postgres
--

ALTER TABLE ONLY public.inventory_ordenservicio_product_used
    ADD CONSTRAINT inventory_ordenservi_product_id_cc7809d0_fk_inventory FOREIGN KEY (product_id) REFERENCES public.inventory_product(id) DEFERRABLE INITIALLY DEFERRED;


--
-- TOC entry 4989 (class 2606 OID 76533)
-- Name: inventory_ordenservicio inventory_ordenservi_suscriber_asociate_i_12fc3f11_fk_users_sus; Type: FK CONSTRAINT; Schema: public; Owner: postgres
--

ALTER TABLE ONLY public.inventory_ordenservicio
    ADD CONSTRAINT inventory_ordenservi_suscriber_asociate_i_12fc3f11_fk_users_sus FOREIGN KEY (suscriber_asociate_id) REFERENCES public.users_suscriber(id) DEFERRABLE INITIALLY DEFERRED;


--
-- TOC entry 4992 (class 2606 OID 76538)
-- Name: inventory_product inventory_product_category_id_c907876e_fk_inventory_category_id; Type: FK CONSTRAINT; Schema: public; Owner: postgres
--

ALTER TABLE ONLY public.inventory_product
    ADD CONSTRAINT inventory_product_category_id_c907876e_fk_inventory_category_id FOREIGN KEY (category_id) REFERENCES public.inventory_category(id) DEFERRABLE INITIALLY DEFERRED;


--
-- TOC entry 4993 (class 2606 OID 76543)
-- Name: inventory_product inventory_product_company_id_2757a1fd_fk_common_company_id; Type: FK CONSTRAINT; Schema: public; Owner: postgres
--

ALTER TABLE ONLY public.inventory_product
    ADD CONSTRAINT inventory_product_company_id_2757a1fd_fk_common_company_id FOREIGN KEY (company_id) REFERENCES public.common_company(id) DEFERRABLE INITIALLY DEFERRED;


--
-- TOC entry 4994 (class 2606 OID 76548)
-- Name: inventory_provider inventory_provider_company_id_81e2fdd0_fk_common_company_id; Type: FK CONSTRAINT; Schema: public; Owner: postgres
--

ALTER TABLE ONLY public.inventory_provider
    ADD CONSTRAINT inventory_provider_company_id_81e2fdd0_fk_common_company_id FOREIGN KEY (company_id) REFERENCES public.common_company(id) DEFERRABLE INITIALLY DEFERRED;


--
-- TOC entry 4995 (class 2606 OID 76553)
-- Name: inventory_shopping inventory_shopping_company_id_6ae631d9_fk_common_company_id; Type: FK CONSTRAINT; Schema: public; Owner: postgres
--

ALTER TABLE ONLY public.inventory_shopping
    ADD CONSTRAINT inventory_shopping_company_id_6ae631d9_fk_common_company_id FOREIGN KEY (company_id) REFERENCES public.common_company(id) DEFERRABLE INITIALLY DEFERRED;


--
-- TOC entry 4996 (class 2606 OID 76558)
-- Name: inventory_shopping inventory_shopping_supplier_asociate_id_2adfb243_fk_inventory; Type: FK CONSTRAINT; Schema: public; Owner: postgres
--

ALTER TABLE ONLY public.inventory_shopping
    ADD CONSTRAINT inventory_shopping_supplier_asociate_id_2adfb243_fk_inventory FOREIGN KEY (supplier_asociate_id) REFERENCES public.inventory_provider(id) DEFERRABLE INITIALLY DEFERRED;


--
-- TOC entry 4997 (class 2606 OID 76563)
-- Name: inventory_shoppingdetail inventory_shoppingde_company_id_d3cf3092_fk_common_co; Type: FK CONSTRAINT; Schema: public; Owner: postgres
--

ALTER TABLE ONLY public.inventory_shoppingdetail
    ADD CONSTRAINT inventory_shoppingde_company_id_d3cf3092_fk_common_co FOREIGN KEY (company_id) REFERENCES public.common_company(id) DEFERRABLE INITIALLY DEFERRED;


--
-- TOC entry 4998 (class 2606 OID 76568)
-- Name: inventory_shoppingdetail inventory_shoppingde_product_id_6ec21f65_fk_inventory; Type: FK CONSTRAINT; Schema: public; Owner: postgres
--

ALTER TABLE ONLY public.inventory_shoppingdetail
    ADD CONSTRAINT inventory_shoppingde_product_id_6ec21f65_fk_inventory FOREIGN KEY (product_id) REFERENCES public.inventory_product(id) DEFERRABLE INITIALLY DEFERRED;


--
-- TOC entry 4999 (class 2606 OID 76573)
-- Name: inventory_shoppingdetail inventory_shoppingde_purchase_id_5c8972e5_fk_inventory; Type: FK CONSTRAINT; Schema: public; Owner: postgres
--

ALTER TABLE ONLY public.inventory_shoppingdetail
    ADD CONSTRAINT inventory_shoppingde_purchase_id_5c8972e5_fk_inventory FOREIGN KEY (purchase_id) REFERENCES public.inventory_shopping(id) DEFERRABLE INITIALLY DEFERRED;


--
-- TOC entry 5000 (class 2606 OID 76578)
-- Name: payments_cashbalance payments_cashbalance_company_id_da35e6b3_fk_common_company_id; Type: FK CONSTRAINT; Schema: public; Owner: postgres
--

ALTER TABLE ONLY public.payments_cashbalance
    ADD CONSTRAINT payments_cashbalance_company_id_da35e6b3_fk_common_company_id FOREIGN KEY (company_id) REFERENCES public.common_company(id) DEFERRABLE INITIALLY DEFERRED;


--
-- TOC entry 5001 (class 2606 OID 76583)
-- Name: payments_invoice payments_invoice_company_id_8226107f_fk_common_company_id; Type: FK CONSTRAINT; Schema: public; Owner: postgres
--

ALTER TABLE ONLY public.payments_invoice
    ADD CONSTRAINT payments_invoice_company_id_8226107f_fk_common_company_id FOREIGN KEY (company_id) REFERENCES public.common_company(id) DEFERRABLE INITIALLY DEFERRED;


--
-- TOC entry 5002 (class 2606 OID 76588)
-- Name: payments_invoice payments_invoice_suscriber_id_9d1a2658_fk_users_suscriber_id; Type: FK CONSTRAINT; Schema: public; Owner: postgres
--

ALTER TABLE ONLY public.payments_invoice
    ADD CONSTRAINT payments_invoice_suscriber_id_9d1a2658_fk_users_suscriber_id FOREIGN KEY (suscriber_id) REFERENCES public.users_suscriber(id) DEFERRABLE INITIALLY DEFERRED;


--
-- TOC entry 5003 (class 2606 OID 76593)
-- Name: payments_payment payments_payment_company_id_7c33876e_fk_common_company_id; Type: FK CONSTRAINT; Schema: public; Owner: postgres
--

ALTER TABLE ONLY public.payments_payment
    ADD CONSTRAINT payments_payment_company_id_7c33876e_fk_common_company_id FOREIGN KEY (company_id) REFERENCES public.common_company(id) DEFERRABLE INITIALLY DEFERRED;


--
-- TOC entry 5004 (class 2606 OID 76598)
-- Name: payments_payment payments_payment_invoice_id_a1a432c8_fk_payments_invoice_id; Type: FK CONSTRAINT; Schema: public; Owner: postgres
--

ALTER TABLE ONLY public.payments_payment
    ADD CONSTRAINT payments_payment_invoice_id_a1a432c8_fk_payments_invoice_id FOREIGN KEY (invoice_id) REFERENCES public.payments_invoice(id) DEFERRABLE INITIALLY DEFERRED;


--
-- TOC entry 5005 (class 2606 OID 76603)
-- Name: payments_paymentitem payments_paymentitem_company_id_2ab4eaa7_fk_common_company_id; Type: FK CONSTRAINT; Schema: public; Owner: postgres
--

ALTER TABLE ONLY public.payments_paymentitem
    ADD CONSTRAINT payments_paymentitem_company_id_2ab4eaa7_fk_common_company_id FOREIGN KEY (company_id) REFERENCES public.common_company(id) DEFERRABLE INITIALLY DEFERRED;


--
-- TOC entry 5006 (class 2606 OID 76608)
-- Name: payments_paymentitem payments_paymentitem_payment_id_cf9b51d2_fk_payments_payment_id; Type: FK CONSTRAINT; Schema: public; Owner: postgres
--

ALTER TABLE ONLY public.payments_paymentitem
    ADD CONSTRAINT payments_paymentitem_payment_id_cf9b51d2_fk_payments_payment_id FOREIGN KEY (payment_id) REFERENCES public.payments_payment(id) DEFERRABLE INITIALLY DEFERRED;


--
-- TOC entry 5007 (class 2606 OID 76613)
-- Name: payments_periodmounth payments_periodmounth_company_id_5d23a304_fk_common_company_id; Type: FK CONSTRAINT; Schema: public; Owner: postgres
--

ALTER TABLE ONLY public.payments_periodmounth
    ADD CONSTRAINT payments_periodmounth_company_id_5d23a304_fk_common_company_id FOREIGN KEY (company_id) REFERENCES public.common_company(id) DEFERRABLE INITIALLY DEFERRED;


--
-- TOC entry 5008 (class 2606 OID 76618)
-- Name: users_actions users_actions_company_id_fa58b7c6_fk_common_company_id; Type: FK CONSTRAINT; Schema: public; Owner: postgres
--

ALTER TABLE ONLY public.users_actions
    ADD CONSTRAINT users_actions_company_id_fa58b7c6_fk_common_company_id FOREIGN KEY (company_id) REFERENCES public.common_company(id) DEFERRABLE INITIALLY DEFERRED;


--
-- TOC entry 5009 (class 2606 OID 76623)
-- Name: users_costactions users_costactions_company_id_22cc215b_fk_common_company_id; Type: FK CONSTRAINT; Schema: public; Owner: postgres
--

ALTER TABLE ONLY public.users_costactions
    ADD CONSTRAINT users_costactions_company_id_22cc215b_fk_common_company_id FOREIGN KEY (company_id) REFERENCES public.common_company(id) DEFERRABLE INITIALLY DEFERRED;


--
-- TOC entry 5010 (class 2606 OID 76628)
-- Name: users_sector users_sector_company_id_99b69b1c_fk_common_company_id; Type: FK CONSTRAINT; Schema: public; Owner: postgres
--

ALTER TABLE ONLY public.users_sector
    ADD CONSTRAINT users_sector_company_id_99b69b1c_fk_common_company_id FOREIGN KEY (company_id) REFERENCES public.common_company(id) DEFERRABLE INITIALLY DEFERRED;


--
-- TOC entry 5013 (class 2606 OID 76633)
-- Name: users_suscriber_affiliated_shares users_suscriber_affi_actions_id_0d351b92_fk_users_act; Type: FK CONSTRAINT; Schema: public; Owner: postgres
--

ALTER TABLE ONLY public.users_suscriber_affiliated_shares
    ADD CONSTRAINT users_suscriber_affi_actions_id_0d351b92_fk_users_act FOREIGN KEY (actions_id) REFERENCES public.users_actions(id) DEFERRABLE INITIALLY DEFERRED;


--
-- TOC entry 5014 (class 2606 OID 76638)
-- Name: users_suscriber_affiliated_shares users_suscriber_affi_suscriber_id_e817bde9_fk_users_sus; Type: FK CONSTRAINT; Schema: public; Owner: postgres
--

ALTER TABLE ONLY public.users_suscriber_affiliated_shares
    ADD CONSTRAINT users_suscriber_affi_suscriber_id_e817bde9_fk_users_sus FOREIGN KEY (suscriber_id) REFERENCES public.users_suscriber(id) DEFERRABLE INITIALLY DEFERRED;


--
-- TOC entry 5011 (class 2606 OID 76643)
-- Name: users_suscriber users_suscriber_company_id_25aa469f_fk_common_company_id; Type: FK CONSTRAINT; Schema: public; Owner: postgres
--

ALTER TABLE ONLY public.users_suscriber
    ADD CONSTRAINT users_suscriber_company_id_25aa469f_fk_common_company_id FOREIGN KEY (company_id) REFERENCES public.common_company(id) DEFERRABLE INITIALLY DEFERRED;


--
-- TOC entry 5015 (class 2606 OID 76648)
-- Name: users_suscriber_cost_action users_suscriber_cost_costactions_id_2ca40170_fk_users_cos; Type: FK CONSTRAINT; Schema: public; Owner: postgres
--

ALTER TABLE ONLY public.users_suscriber_cost_action
    ADD CONSTRAINT users_suscriber_cost_costactions_id_2ca40170_fk_users_cos FOREIGN KEY (costactions_id) REFERENCES public.users_costactions(id) DEFERRABLE INITIALLY DEFERRED;


--
-- TOC entry 5016 (class 2606 OID 76653)
-- Name: users_suscriber_cost_action users_suscriber_cost_suscriber_id_003e3112_fk_users_sus; Type: FK CONSTRAINT; Schema: public; Owner: postgres
--

ALTER TABLE ONLY public.users_suscriber_cost_action
    ADD CONSTRAINT users_suscriber_cost_suscriber_id_003e3112_fk_users_sus FOREIGN KEY (suscriber_id) REFERENCES public.users_suscriber(id) DEFERRABLE INITIALLY DEFERRED;


--
-- TOC entry 5012 (class 2606 OID 76658)
-- Name: users_suscriber users_suscriber_sector_suscriber_id_286666e4_fk_users_sector_id; Type: FK CONSTRAINT; Schema: public; Owner: postgres
--

ALTER TABLE ONLY public.users_suscriber
    ADD CONSTRAINT users_suscriber_sector_suscriber_id_286666e4_fk_users_sector_id FOREIGN KEY (sector_suscriber_id) REFERENCES public.users_sector(id) DEFERRABLE INITIALLY DEFERRED;


--
-- TOC entry 5238 (class 0 OID 0)
-- Dependencies: 5
-- Name: SCHEMA public; Type: ACL; Schema: -; Owner: postgres
--

REVOKE USAGE ON SCHEMA public FROM PUBLIC;
GRANT ALL ON SCHEMA public TO PUBLIC;


-- Completed on 2025-01-17 23:51:00

--
-- PostgreSQL database dump complete
--

